docid,class,year,peopl,on,game,time,first,govern,go,world,get,plai,two,film,compani,work,uk,show,sai,firm,against,want,just,music,back,best,told,win,market,number,plan,take,servic,includ,ad,report,wai,month,countri,set,player,befor,labour,000,need,week,parti,look,bbc,expect,three
business.001,business,0,0,1,0,3,0,0,0,0,0,0,0,2,2,0,0,0,0,1,0,0,0,1,1,0,0,0,1,0,0,0,1,0,1,1,1,1,0,2,0,1,0,1,1,0,0,0,0,2,2
business.002,business,1,0,0,0,2,0,2,0,0,0,0,0,0,0,0,0,0,0,1,2,0,0,0,1,0,0,0,1,0,0,0,0,0,0,0,0,4,0,2,0,0,0,0,1,0,0,1,0,0,1
business.003,business,0,0,0,0,0,0,0,0,0,0,0,0,0,2,0,0,0,1,0,2,0,0,0,1,0,1,0,0,0,0,1,0,1,0,0,0,0,0,0,0,0,0,0,0,0,0,0,0,0,0
business.004,business,4,0,0,0,0,0,0,0,1,0,0,0,0,0,0,0,1,1,0,0,0,0,0,0,0,0,0,1,1,0,0,0,0,0,2,1,2,0,0,0,0,0,1,0,0,0,1,0,3,1
business.005,business,1,0,1,0,1,0,0,0,0,0,0,1,0,0,0,1,0,0,5,0,0,1,0,0,0,0,0,2,0,0,0,0,2,0,1,0,0,0,0,0,0,0,0,0,0,0,0,0,0,1
business.006,business,0,0,0,0,0,0,1,0,0,0,1,1,0,0,0,0,1,0,0,0,0,3,0,0,0,0,0,1,0,0,0,0,0,0,0,0,1,0,0,0,0,0,0,0,0,0,0,0,0,1
business.007,business,2,0,0,0,0,3,0,0,0,1,0,0,0,0,0,0,0,0,1,0,0,0,0,0,0,0,0,1,1,0,0,0,0,2,0,0,0,0,0,0,0,0,4,0,0,0,0,0,3,1
business.008,business,2,0,1,0,0,0,0,0,3,0,0,1,0,0,0,1,0,0,0,0,0,0,0,0,0,1,0,0,0,0,2,0,0,0,0,0,0,3,0,0,0,0,0,1,0,0,0,0,1,0
business.009,business,2,0,0,0,0,0,0,0,1,0,0,0,0,0,0,0,0,1,0,0,0,0,0,0,0,0,0,1,0,0,0,0,0,0,3,0,0,0,0,0,0,0,2,3,0,0,0,0,0,0
business.010,business,1,0,0,0,0,0,4,0,0,0,0,0,0,3,0,0,1,0,3,0,1,0,0,0,0,0,0,1,0,0,0,0,0,0,0,0,0,1,0,0,0,0,0,0,0,0,0,0,0,0
business.011,business,1,0,1,0,0,0,0,0,0,0,0,0,0,1,0,0,0,0,2,0,0,0,0,0,0,0,0,1,0,0,0,0,0,1,0,0,0,0,0,1,0,0,0,0,2,0,0,0,1,0
business.012,business,2,1,1,0,1,0,6,1,1,0,0,0,0,0,0,0,0,1,0,0,2,0,0,1,1,1,0,0,0,1,0,0,0,0,1,0,0,0,0,0,0,0,0,0,0,0,0,1,0,0
business.013,business,3,0,0,0,0,0,0,0,0,0,0,1,0,2,0,0,0,0,2,0,0,0,0,1,0,0,0,1,0,0,0,0,0,0,0,0,4,0,0,0,0,0,2,0,0,0,1,0,1,1
business.014,business,1,1,0,0,2,0,0,1,1,0,0,2,0,3,0,0,0,1,1,2,0,0,0,0,0,0,0,0,0,4,0,0,0,1,1,0,2,0,0,0,0,0,0,1,1,0,0,0,0,0
business.015,business,1,1,1,0,0,0,0,1,0,0,0,2,0,0,0,0,0,1,0,1,0,0,0,0,0,1,1,0,0,0,2,0,2,2,0,0,0,0,1,0,0,0,0,1,0,0,0,0,0,0
business.016,business,5,0,1,0,0,0,1,0,2,0,0,0,0,0,0,0,0,0,0,0,0,0,0,0,0,0,0,1,0,0,0,0,0,0,1,0,0,0,0,0,0,0,0,0,0,0,0,0,0,0
business.017,business,1,0,1,0,0,0,0,0,0,0,0,0,0,5,0,0,0,0,2,1,0,0,0,0,0,0,0,0,1,0,0,0,0,0,1,0,0,0,0,0,0,0,0,0,0,0,0,0,0,0
business.018,business,0,1,3,0,0,1,0,0,0,0,0,1,0,0,0,0,0,0,0,0,0,0,0,1,0,0,0,2,0,0,0,0,0,0,0,0,0,1,0,0,0,0,0,0,1,0,0,0,1,2
business.019,business,1,0,0,0,0,0,3,0,0,0,0,0,0,2,0,0,0,0,0,0,0,0,0,0,0,0,0,5,1,0,1,0,0,2,0,0,0,0,0,0,1,0,0,3,0,1,1,0,0,0
business.020,business,4,0,1,0,2,0,0,2,1,4,0,0,0,2,1,0,0,6,2,0,1,5,1,0,0,0,0,0,3,1,0,0,0,0,0,1,0,4,0,0,0,0,0,0,0,0,1,0,0,1
business.021,business,3,0,0,2,0,0,0,0,0,0,0,0,5,0,0,2,0,0,3,0,0,0,0,0,0,0,0,0,1,1,0,3,3,1,5,0,0,1,2,0,0,0,0,0,0,0,0,0,0,1
business.022,business,1,2,0,0,0,0,2,0,0,1,0,0,0,0,2,0,1,0,0,0,0,0,0,1,0,0,0,3,3,0,2,0,0,0,0,0,1,1,0,0,0,3,1,0,0,0,0,0,1,0
business.023,business,2,0,0,0,0,0,3,0,0,0,0,0,0,0,0,0,3,0,0,0,0,0,0,0,1,0,0,0,1,0,0,1,0,0,0,1,1,0,1,0,0,0,0,0,0,0,1,0,0,1
business.024,business,3,0,0,0,0,0,0,0,1,1,0,0,0,0,0,0,1,0,0,1,0,0,0,1,0,0,0,0,0,0,0,0,0,0,0,0,0,1,0,0,0,0,0,0,0,0,0,0,1,0
business.025,business,2,0,0,0,0,0,2,0,0,1,0,0,0,2,0,0,0,0,0,1,1,0,0,2,0,1,0,0,1,0,0,0,0,0,0,0,0,0,0,0,1,0,0,0,0,0,0,0,0,0
business.026,business,4,1,0,0,0,0,0,0,2,0,0,0,0,0,1,0,0,0,0,0,0,0,0,1,0,0,0,0,0,0,0,1,0,0,0,0,1,0,0,0,0,0,1,0,0,0,0,0,1,0
business.027,business,2,0,2,0,0,0,0,1,1,0,0,0,0,3,0,0,0,0,4,0,1,0,0,0,0,3,0,0,0,0,0,0,0,0,0,0,1,1,0,0,0,0,7,0,0,0,0,0,0,0
business.028,business,0,0,0,0,0,1,0,0,0,0,0,0,0,0,0,0,0,0,0,0,0,0,0,1,0,0,0,1,0,0,0,0,0,0,1,0,0,1,1,0,0,0,1,0,0,0,1,0,0,0
business.029,business,0,0,0,0,0,0,5,0,0,0,0,0,0,2,0,1,0,1,3,0,0,0,0,1,0,1,0,1,0,2,1,0,0,1,0,0,1,3,0,0,0,0,3,1,0,0,0,0,0,0
business.030,business,5,0,1,0,0,0,0,0,6,0,1,0,0,0,0,0,0,0,0,0,0,0,0,1,0,1,0,0,0,0,0,0,0,1,4,0,1,1,1,0,1,0,0,0,0,0,0,1,0,0
business.031,business,2,0,0,0,0,0,0,0,0,0,0,0,0,2,0,0,0,0,1,0,0,1,0,1,0,2,0,5,0,0,0,0,0,0,0,0,1,0,2,0,0,0,0,0,0,0,1,0,1,0
business.032,business,1,0,0,0,0,0,0,0,1,0,0,2,0,1,0,0,0,0,2,0,0,0,0,0,1,1,0,1,0,0,0,0,0,0,0,1,0,0,1,0,0,0,0,0,0,0,0,0,1,0
business.033,business,0,1,0,0,0,0,6,1,0,0,0,0,0,0,0,0,0,0,0,0,0,1,0,0,0,0,0,0,0,2,0,1,0,1,1,0,0,1,0,0,0,0,0,3,0,0,0,0,0,0
business.034,business,0,1,0,0,3,0,0,0,0,0,0,0,0,1,0,2,0,1,2,0,0,0,0,0,0,1,0,0,0,1,2,0,0,0,4,0,0,0,0,0,0,0,2,1,0,0,0,2,0,0
business.035,business,3,0,0,0,0,0,0,0,2,0,0,0,0,1,0,1,0,0,4,0,0,0,0,0,0,1,0,2,0,0,0,0,1,1,0,0,0,0,0,0,0,0,0,0,0,0,1,0,0,0
business.036,business,2,0,1,0,2,0,1,0,0,2,0,0,0,3,1,1,0,0,6,0,0,1,0,0,0,1,0,2,0,0,1,0,0,0,3,0,1,1,0,0,1,0,0,0,0,0,1,1,0,0
business.037,business,2,0,4,1,1,0,1,0,2,0,0,0,0,4,0,0,0,1,0,0,0,0,0,0,0,2,0,1,0,0,0,0,0,0,0,0,0,1,0,0,0,0,0,0,0,0,1,0,0,1
business.038,business,2,0,0,0,0,0,0,0,0,0,0,1,0,2,0,0,0,0,2,0,0,0,0,1,0,0,0,0,0,0,0,0,1,0,0,0,0,0,0,0,0,0,0,0,0,0,0,0,1,0
business.039,business,1,0,0,0,0,0,3,0,0,0,0,1,0,2,0,0,0,0,0,0,0,1,0,0,0,0,0,1,0,0,0,0,0,0,0,0,0,0,0,0,0,0,0,0,0,0,0,0,0,1
business.040,business,2,0,0,0,0,1,0,0,2,0,0,0,0,0,0,3,0,0,4,0,0,0,0,0,0,0,0,1,1,1,0,0,1,0,1,0,0,0,0,0,0,0,0,0,0,0,0,0,1,0
business.041,business,2,0,0,0,0,0,2,0,0,0,0,0,0,0,0,0,0,0,0,0,0,0,0,0,0,0,0,0,0,0,1,0,0,1,0,0,0,0,0,0,0,0,0,2,0,0,0,0,1,0
business.042,business,1,0,0,0,0,0,0,0,0,0,0,0,0,3,0,6,0,0,0,0,0,1,0,0,0,0,0,0,0,0,0,0,0,0,1,0,0,0,0,0,0,0,0,0,0,0,0,0,1,0
business.043,business,3,0,0,0,2,2,1,0,0,0,0,0,0,0,2,0,0,2,0,0,0,0,0,0,0,1,0,0,0,1,0,0,0,0,2,0,0,2,0,0,0,1,0,0,1,0,0,0,0,0
business.044,business,3,0,0,0,1,1,3,0,0,0,0,2,0,1,0,0,1,0,0,0,0,0,0,2,0,0,0,1,0,0,1,1,0,0,0,0,3,1,0,0,0,0,0,0,0,0,2,0,1,2
business.045,business,1,0,0,0,1,0,1,1,0,0,1,0,0,1,0,0,1,0,0,0,1,0,0,1,0,1,0,4,0,0,0,0,0,1,1,0,0,0,0,0,1,0,0,0,1,0,0,0,0,0
business.046,business,3,0,1,0,1,2,2,0,0,0,1,0,0,0,0,0,0,0,0,0,0,1,0,1,0,0,0,0,0,0,0,0,0,0,0,1,5,1,0,0,0,0,0,0,0,0,0,0,1,0
business.047,business,9,0,0,0,0,0,0,0,1,0,0,0,0,0,0,0,0,0,1,0,0,0,0,0,0,0,0,1,0,0,0,0,0,2,2,0,0,0,0,0,0,0,0,0,0,0,0,0,1,0
business.048,business,1,0,0,0,1,0,1,0,0,0,0,1,0,4,0,0,0,1,1,0,0,0,0,1,0,0,0,1,0,3,0,0,0,0,0,0,0,0,0,0,0,0,0,0,0,0,0,0,1,0
business.049,business,8,2,4,0,3,0,0,0,0,0,0,0,0,1,0,1,0,0,0,0,0,4,0,0,0,0,0,0,2,2,0,0,2,0,0,0,0,0,0,0,1,0,10,0,0,0,0,0,0,0
business.050,business,2,0,0,0,0,0,0,0,0,0,0,0,0,1,0,0,0,0,1,1,0,1,0,2,0,0,0,1,0,1,0,0,0,1,0,0,0,0,0,0,1,0,0,0,0,0,1,0,0,0
business.051,business,0,0,1,0,2,1,0,0,0,0,0,0,0,1,0,0,0,0,1,0,0,0,0,0,1,0,0,4,0,0,0,0,1,0,3,0,0,0,1,0,0,0,1,0,0,0,0,0,0,0
business.052,business,2,1,1,0,2,0,4,2,0,3,0,0,0,3,0,0,0,1,2,0,0,1,0,0,0,0,0,1,0,4,0,0,1,1,0,1,0,3,2,0,0,0,0,0,0,0,0,0,1,0
business.053,business,6,0,0,0,0,0,0,0,0,0,0,0,0,2,0,0,0,0,0,0,0,0,0,1,0,0,0,0,0,2,0,0,0,3,0,0,1,0,0,0,0,0,0,0,0,0,1,0,2,0
business.054,business,3,1,1,0,0,0,0,0,0,0,0,0,0,4,0,0,1,0,0,0,0,0,0,0,0,0,0,3,0,2,0,0,0,0,0,0,0,1,0,0,0,0,5,1,0,0,0,0,2,0
business.055,business,5,0,0,0,0,0,1,0,0,0,0,0,0,1,0,0,0,0,1,0,0,0,0,0,0,0,0,0,0,0,0,0,0,1,0,0,0,1,0,0,0,0,2,1,0,0,1,0,1,1
business.056,business,7,0,0,0,0,0,0,0,0,0,0,0,0,2,0,0,0,0,0,0,0,1,0,0,0,0,0,0,0,0,0,0,0,0,0,0,1,0,0,0,0,0,2,0,0,0,0,0,0,2
business.057,business,4,0,5,0,1,0,0,0,0,0,0,0,0,0,2,2,1,0,0,0,0,0,0,0,1,0,0,2,1,0,1,0,0,0,1,2,1,0,0,0,0,0,0,0,0,0,0,0,0,0
business.058,business,0,0,0,0,0,0,0,1,1,0,0,1,0,3,0,0,0,0,1,0,0,0,0,0,0,0,0,0,0,0,0,0,1,0,0,0,0,2,0,0,0,0,0,0,0,0,1,0,0,0
business.059,business,1,0,0,0,0,1,0,0,0,0,0,0,0,2,0,0,0,0,2,1,0,0,0,0,0,1,0,0,0,0,0,0,0,0,0,0,0,0,0,0,0,0,0,0,1,0,0,0,0,0
business.060,business,1,0,2,0,0,0,0,0,0,0,0,1,0,2,0,0,0,0,0,0,0,0,0,0,0,0,0,0,0,0,0,0,0,0,0,0,1,0,0,0,0,0,0,0,0,0,1,0,0,1
business.061,business,3,4,2,0,0,0,0,0,1,0,0,0,0,0,5,3,1,0,0,0,0,0,0,0,0,1,0,1,3,0,0,0,0,1,0,0,3,0,0,0,0,0,5,0,0,0,0,0,1,1
business.062,business,1,0,0,0,0,0,0,0,0,0,0,1,0,0,1,2,0,0,5,1,0,0,0,1,0,1,1,0,0,0,1,0,1,1,2,0,1,0,0,0,1,0,0,1,0,0,0,0,2,0
business.063,business,0,0,0,0,0,1,0,0,0,0,0,0,0,0,0,0,0,0,0,0,0,1,0,0,0,0,0,0,2,0,0,0,1,1,0,0,0,0,0,0,0,0,0,0,0,0,0,0,4,0
business.064,business,0,0,1,0,3,0,0,0,0,0,0,0,0,2,0,0,0,0,0,0,1,0,0,0,1,1,0,0,0,1,1,0,0,0,0,0,0,0,0,0,0,0,2,0,0,0,0,1,1,0
business.065,business,0,0,0,0,0,1,0,0,3,0,0,0,0,1,0,0,0,0,1,1,1,0,0,1,0,0,0,0,0,3,0,0,1,1,1,0,0,2,0,0,0,0,0,0,0,0,0,0,0,0
business.066,business,1,0,0,0,0,2,0,1,0,0,0,0,0,0,0,0,0,0,1,0,0,0,0,0,0,0,0,0,0,0,0,0,1,0,0,0,2,0,0,0,0,1,0,0,0,0,0,0,1,2
business.067,business,0,1,1,0,1,1,0,0,3,0,0,1,0,0,0,0,0,0,0,0,0,1,0,0,0,0,0,5,0,0,1,0,0,0,2,0,0,6,0,0,0,0,0,0,0,0,0,0,0,0
business.068,business,0,0,1,0,0,0,3,0,1,1,0,0,0,3,0,0,0,0,2,0,0,1,0,0,0,2,0,1,0,1,0,0,1,0,0,1,0,3,1,0,0,0,2,2,0,0,0,2,0,0
business.069,business,4,1,2,0,0,0,0,0,1,1,0,1,0,2,0,0,0,0,1,0,1,0,0,0,1,0,0,1,1,2,1,0,0,1,0,0,1,0,1,1,0,0,1,1,0,0,0,0,1,1
business.070,business,0,0,1,0,0,0,0,1,0,1,0,0,0,2,0,0,0,0,3,0,0,0,0,0,1,0,0,1,0,0,1,0,0,0,0,0,0,0,0,0,0,0,0,0,0,0,0,0,1,0
business.071,business,3,0,1,0,0,0,0,0,0,0,0,0,0,0,0,0,0,0,0,0,0,0,0,0,0,0,0,2,0,0,0,0,0,0,0,0,0,0,1,0,0,0,0,0,0,0,1,0,0,0
business.072,business,3,0,3,0,1,0,1,0,0,0,0,0,0,0,0,0,0,1,0,0,0,0,0,2,0,0,0,0,0,0,0,0,0,0,0,0,1,2,1,0,0,0,0,0,0,0,1,0,0,0
business.073,business,2,0,0,0,0,0,0,0,0,1,0,0,0,1,0,0,0,0,0,0,0,0,0,1,0,0,0,0,0,0,0,0,1,0,0,0,1,0,0,0,0,0,0,0,0,0,0,0,0,1
business.074,business,0,0,0,0,0,0,0,0,0,0,0,0,0,2,0,0,0,0,3,0,0,1,0,2,0,0,0,0,0,0,0,0,0,0,0,0,0,0,2,0,0,0,0,0,0,0,1,0,0,0
business.075,business,0,0,0,0,1,0,1,0,3,0,0,0,0,1,0,0,0,1,0,1,1,0,0,0,0,0,0,0,0,2,0,0,0,0,0,1,0,1,0,0,0,0,0,0,1,0,0,0,0,0
business.076,business,6,2,0,0,0,1,0,0,2,0,0,0,0,0,1,0,0,0,0,1,0,0,0,0,0,0,0,0,1,0,0,0,0,0,4,0,0,1,0,0,1,0,2,0,1,0,0,0,0,0
business.077,business,2,0,1,0,0,0,2,0,0,1,0,1,0,3,0,0,0,0,1,0,0,0,0,0,0,0,0,0,0,0,0,0,0,0,1,0,0,1,0,0,0,0,0,1,0,0,0,0,0,0
business.078,business,0,0,0,0,0,0,0,0,0,0,0,0,0,0,0,0,0,0,3,0,3,0,0,0,0,0,0,1,0,1,0,0,0,0,1,0,0,0,0,0,0,0,1,1,0,0,0,0,0,0
business.079,business,1,3,0,0,0,0,0,0,0,0,0,1,0,0,0,0,0,0,0,0,0,0,0,0,0,0,0,0,0,0,0,1,1,0,5,0,0,0,0,0,0,0,2,0,0,0,0,0,0,0
business.080,business,2,0,0,0,0,0,0,0,0,0,0,2,0,2,0,0,0,0,1,0,1,0,0,0,0,0,0,1,0,0,0,0,1,1,0,0,0,1,0,0,0,0,0,0,0,0,0,0,0,0
business.081,business,0,0,1,0,0,1,0,0,0,0,0,1,0,2,0,0,0,0,0,0,0,1,0,0,0,0,0,0,1,1,0,0,0,1,0,0,0,0,0,0,1,0,0,0,1,0,0,0,1,0
business.082,business,1,1,0,0,0,0,0,0,0,0,0,0,0,1,0,1,0,0,4,0,0,0,0,0,0,0,0,0,0,0,0,1,1,0,0,0,0,1,0,0,1,0,1,0,0,0,0,0,0,0
business.083,business,0,0,0,0,0,1,2,1,0,1,0,1,0,4,0,0,0,0,4,0,0,0,0,2,0,2,0,0,0,0,0,0,0,0,0,0,0,0,1,0,1,0,1,0,1,0,0,0,0,0
business.084,business,3,0,0,0,0,0,0,0,0,0,0,0,0,0,0,0,0,0,0,1,0,0,0,0,0,0,0,0,0,1,0,0,0,0,1,0,0,2,0,0,0,1,0,0,1,0,0,0,0,0
business.085,business,2,0,0,0,1,1,0,0,0,0,0,0,0,0,0,1,1,0,0,0,0,0,0,0,0,0,0,3,1,0,0,0,0,0,1,0,1,0,0,0,0,0,2,0,0,0,0,0,1,0
business.086,business,1,0,0,0,0,0,0,0,0,0,0,0,0,0,0,2,0,0,0,0,0,0,0,0,0,0,0,0,1,0,0,0,0,1,0,0,0,0,0,0,0,0,0,0,0,0,0,0,0,0
business.087,business,0,0,0,0,0,0,0,0,0,0,0,1,0,1,0,0,0,0,2,0,0,0,0,0,0,1,0,0,0,0,0,0,0,0,0,0,1,0,0,0,0,0,1,0,0,0,1,0,1,0
business.088,business,1,0,0,0,0,0,0,0,0,0,0,0,0,2,0,0,0,0,0,0,0,0,0,0,0,0,0,1,0,0,0,1,1,0,0,0,0,0,0,0,0,0,0,0,0,0,0,0,0,0
business.089,business,0,0,0,0,0,0,0,0,0,0,0,0,0,0,0,0,0,1,0,0,0,1,0,1,0,0,0,2,0,0,1,0,0,0,0,0,0,1,0,0,0,0,0,1,1,0,0,0,0,0
business.090,business,0,0,0,0,1,1,3,1,3,1,0,0,0,0,0,0,0,0,0,0,0,0,0,0,0,1,0,1,0,0,1,0,0,0,0,0,0,0,0,0,0,0,0,0,0,0,0,0,0,0
business.091,business,0,0,1,0,0,0,4,0,1,2,0,1,0,3,0,0,0,1,0,0,0,0,0,2,0,0,0,0,0,0,0,0,0,0,0,0,1,0,1,0,0,0,0,0,0,0,1,0,0,0
business.092,business,0,0,2,0,0,0,0,0,0,0,0,2,0,0,0,0,0,1,5,0,0,0,0,0,0,0,0,0,0,1,0,0,0,0,1,0,0,1,0,0,0,0,0,0,0,0,0,0,0,0
business.093,business,3,0,0,0,0,0,3,2,0,0,0,0,0,0,0,1,0,0,0,0,0,0,0,0,1,1,0,1,0,0,0,0,0,1,0,0,0,3,1,0,0,0,0,0,0,0,0,0,2,2
business.094,business,2,0,0,0,0,0,1,0,0,0,0,0,0,0,0,0,1,0,0,0,0,0,0,0,1,0,0,0,0,0,0,1,0,0,0,0,1,1,0,0,0,0,0,0,0,0,0,0,3,0
business.095,business,1,0,0,0,0,0,0,0,0,0,0,0,0,1,0,0,0,0,3,0,0,0,0,0,0,0,0,1,1,0,0,0,0,0,0,0,1,0,0,0,0,0,2,0,0,0,0,0,0,1
business.096,business,1,0,0,0,0,0,1,0,0,0,0,2,0,1,0,0,0,0,4,0,0,0,0,0,0,0,0,0,0,0,0,0,0,0,0,0,0,0,0,0,0,0,0,0,0,0,0,0,0,0
business.097,business,0,0,0,0,1,0,0,0,0,0,0,0,0,0,0,0,0,0,0,3,0,0,0,0,0,0,0,2,0,0,0,0,0,0,0,1,0,0,2,0,0,0,0,1,0,0,1,0,0,0
business.098,business,1,0,0,0,1,0,0,0,3,0,0,0,0,0,0,0,0,0,0,0,0,0,0,0,0,1,0,1,0,0,0,0,0,0,4,0,0,0,0,0,0,1,0,0,0,0,1,0,0,0
business.099,business,4,0,0,0,0,0,0,0,0,0,0,0,0,0,0,0,0,0,2,0,0,0,0,0,0,0,0,5,0,1,0,1,0,1,0,0,1,0,0,1,0,0,1,0,0,0,1,0,1,0
business.100,business,2,1,1,0,2,0,0,0,0,0,1,0,0,4,1,0,0,1,2,0,0,0,0,0,0,5,0,0,1,0,0,0,0,1,0,0,0,0,0,0,0,0,1,0,1,0,0,0,0,1
business.101,business,4,0,0,0,0,2,1,0,0,0,0,0,0,0,0,0,2,0,0,0,0,1,0,1,0,0,0,3,0,0,0,0,0,0,0,1,1,2,0,0,0,1,0,0,0,1,1,0,1,0
business.102,business,0,0,0,0,1,0,0,0,0,1,0,0,0,5,0,0,0,1,1,0,0,0,0,0,0,0,0,0,0,0,1,0,0,0,0,0,0,0,0,0,0,0,0,0,0,0,0,0,0,0
business.103,business,4,0,0,0,0,0,0,2,1,0,0,0,0,3,0,0,0,0,2,1,0,0,0,0,0,0,0,0,1,0,2,0,0,0,0,1,1,0,0,0,1,0,1,0,0,0,1,0,2,1
business.104,business,2,0,0,0,0,0,6,0,0,0,0,0,0,5,0,0,0,1,5,0,0,0,0,0,0,1,0,0,0,0,0,0,0,1,0,0,1,0,0,0,0,0,0,0,0,0,1,1,1,0
business.105,business,0,0,0,0,0,1,0,0,0,0,0,0,0,3,0,1,2,0,0,0,0,0,0,0,0,0,0,0,0,0,1,0,0,1,0,0,1,0,0,0,0,0,2,0,0,0,0,0,0,0
business.106,business,0,0,2,0,1,0,0,0,0,0,2,1,0,0,0,0,1,3,0,0,0,0,0,0,0,1,1,0,0,0,0,0,0,1,0,0,0,0,0,0,0,3,0,0,0,1,0,1,2,0
business.107,business,1,0,0,0,0,1,4,0,0,0,0,0,0,0,0,0,0,0,0,0,0,0,0,0,0,0,0,0,0,0,0,1,1,0,2,0,0,2,0,0,0,0,0,1,0,0,0,0,0,0
business.108,business,0,0,0,0,0,0,0,0,0,0,0,0,0,1,0,0,2,0,0,0,0,0,0,0,0,0,0,0,0,0,0,0,1,0,1,0,2,0,0,0,0,0,0,0,0,0,0,0,1,0
business.109,business,1,0,0,0,1,0,0,0,0,1,0,0,0,1,0,0,1,0,0,0,0,0,0,1,0,0,0,0,0,0,0,0,0,0,1,0,0,0,0,0,0,0,0,0,0,0,0,0,0,0
business.110,business,1,0,1,0,1,1,1,0,0,0,0,0,0,0,0,0,2,0,0,0,0,1,0,0,0,0,0,0,0,0,0,0,0,0,0,0,1,0,0,0,0,0,0,0,0,0,1,0,1,1
business.111,business,6,0,1,0,0,0,1,0,0,0,0,1,0,7,0,0,0,1,0,0,0,0,0,1,1,0,0,3,0,4,1,0,2,0,1,0,1,0,0,0,0,0,0,1,0,0,1,0,1,0
business.112,business,2,0,1,0,0,0,0,0,1,1,0,1,0,2,0,0,1,0,2,0,0,0,0,0,0,0,0,1,0,0,0,4,0,1,0,0,0,0,0,0,0,0,0,0,0,0,1,0,0,1
business.113,business,2,1,0,0,3,0,0,1,0,0,0,2,0,4,0,2,0,0,1,1,0,1,0,0,0,0,0,4,0,0,0,0,0,0,0,0,2,0,1,0,1,0,0,1,0,0,0,0,1,1
business.114,business,1,0,0,0,0,0,0,0,0,0,0,0,0,2,0,0,0,0,2,0,0,0,0,0,0,2,1,0,0,0,0,0,0,0,0,1,0,0,0,0,1,0,0,0,1,0,0,0,1,0
business.115,business,4,0,0,0,0,0,0,0,0,0,0,0,0,2,0,0,0,1,2,0,0,0,0,0,0,0,0,0,0,0,0,0,0,0,0,1,0,0,0,0,0,0,0,0,0,0,1,0,0,0
business.116,business,1,0,0,0,0,0,0,0,0,1,0,3,0,4,1,0,0,0,3,0,0,0,0,0,0,0,0,0,0,1,0,0,0,3,0,1,0,1,0,0,0,0,1,2,0,0,0,0,1,0
business.117,business,5,0,0,0,0,0,0,0,2,0,0,0,0,0,1,0,1,0,1,0,0,1,0,0,0,1,0,1,0,0,0,0,1,1,0,0,0,0,0,0,0,0,0,0,1,0,1,0,4,0
business.118,business,1,0,0,0,0,1,0,0,2,0,0,0,0,3,0,0,0,0,0,1,0,0,0,0,0,0,0,0,0,0,0,0,0,2,1,0,2,0,0,0,0,0,0,0,0,0,0,0,0,2
business.119,business,3,0,1,0,1,0,0,0,0,0,0,0,0,0,0,0,2,0,0,2,0,0,0,0,0,0,0,2,0,0,1,0,0,0,1,0,6,0,0,0,0,1,0,0,1,0,0,0,1,0
business.120,business,4,1,0,0,1,0,4,0,3,0,0,0,0,0,0,0,0,0,0,0,0,0,0,0,0,1,0,0,0,0,0,0,0,1,0,0,0,4,0,0,0,0,4,0,0,0,1,0,1,1
business.121,business,1,0,1,0,1,0,0,0,1,0,0,1,0,1,1,1,0,0,1,0,1,0,0,0,0,0,0,2,0,0,1,0,0,1,1,1,4,0,1,0,1,0,1,0,1,0,0,0,2,1
business.122,business,2,0,1,0,3,0,0,0,0,0,0,3,0,0,0,0,0,1,0,3,0,0,0,1,0,1,0,2,0,0,0,0,1,0,0,0,0,0,1,0,0,0,1,0,0,0,0,1,0,3
business.123,business,0,0,1,0,0,0,0,0,0,0,0,0,0,0,1,0,0,0,2,1,0,0,0,0,0,0,0,0,0,0,0,0,0,0,0,0,0,0,0,0,0,0,0,0,1,0,0,0,0,0
business.124,business,1,0,0,0,0,0,0,0,0,0,0,0,0,0,0,0,0,0,4,0,0,0,0,0,0,0,0,3,0,0,0,2,0,0,0,0,1,1,0,0,0,0,1,0,0,0,0,0,2,1
business.125,business,3,0,0,0,0,0,1,0,0,0,0,1,0,0,0,0,0,0,2,3,0,0,0,0,0,0,0,0,0,0,1,0,0,0,1,0,0,0,0,0,1,0,0,0,1,0,0,0,0,0
business.126,business,3,0,0,0,0,1,0,0,2,0,0,0,0,0,0,6,0,0,0,0,0,0,0,2,0,0,0,2,1,0,0,0,0,1,3,0,1,0,0,0,0,0,0,0,0,0,0,1,2,0
business.127,business,2,0,2,0,1,1,5,0,0,0,0,0,0,2,0,0,0,1,3,1,0,0,0,3,0,1,0,0,0,0,1,0,0,0,0,0,0,0,0,0,0,0,0,0,0,0,0,1,0,0
business.128,business,3,0,1,0,0,2,1,0,0,0,0,0,0,1,0,0,0,1,1,0,0,0,0,0,0,0,0,0,0,0,0,0,0,0,0,1,5,0,0,0,0,0,1,0,0,0,0,0,2,0
business.129,business,1,0,0,0,0,0,0,0,0,0,0,1,0,2,1,0,0,1,2,0,2,0,0,0,0,0,0,0,0,1,0,2,1,0,0,0,0,0,0,0,0,0,0,0,0,0,0,0,0,0
business.130,business,2,0,0,0,1,1,0,1,0,0,0,2,0,4,0,0,5,0,5,0,0,0,0,0,0,0,0,2,0,2,1,0,0,0,0,0,0,3,0,0,0,0,0,0,0,0,0,0,0,0
business.131,business,2,0,0,0,0,0,0,3,0,1,1,1,0,2,0,0,0,0,3,0,1,0,0,1,0,1,0,4,0,0,0,0,2,4,1,0,1,0,0,0,1,0,0,1,0,0,0,0,0,1
business.132,business,1,0,0,0,0,0,0,0,1,0,0,0,0,0,0,0,0,0,2,0,0,0,0,0,0,0,0,2,0,0,0,0,0,0,1,0,1,0,0,0,0,0,0,0,0,0,0,0,2,0
business.133,business,1,0,1,0,0,0,3,0,0,0,0,0,0,0,1,0,0,1,0,2,0,0,0,0,0,1,0,0,0,0,0,0,0,1,1,0,1,1,0,0,0,0,0,0,0,0,0,1,0,0
business.134,business,1,1,0,0,0,0,0,1,0,0,0,1,0,0,2,0,0,0,0,1,0,0,0,1,0,0,0,0,1,0,0,0,0,3,0,0,1,0,0,0,1,0,8,0,1,0,1,0,3,0
business.135,business,3,0,1,0,0,0,2,1,0,0,0,0,0,2,0,0,0,0,2,0,1,1,0,0,0,1,0,0,0,0,0,0,0,0,0,0,0,0,0,0,0,0,3,0,0,0,0,1,1,0
business.136,business,0,0,5,0,0,1,4,1,1,0,1,1,0,2,0,0,0,1,4,0,1,0,0,1,0,3,0,1,1,2,1,0,1,0,0,1,0,1,2,0,0,0,3,1,0,0,2,2,0,0
business.137,business,1,0,0,0,2,1,0,1,0,0,0,0,0,0,0,2,0,0,0,0,0,0,0,0,0,1,0,1,0,0,0,0,0,0,0,0,1,0,2,0,0,0,0,0,0,0,0,1,0,0
business.138,business,1,0,0,0,1,1,0,0,0,0,0,0,0,0,0,0,0,0,0,2,0,0,0,0,0,1,0,0,0,0,0,0,0,2,0,0,0,0,0,0,0,0,0,2,0,0,0,0,1,0
business.139,business,0,5,0,0,0,0,3,0,0,0,0,0,0,0,4,0,1,0,0,0,0,1,0,1,0,0,0,1,1,0,1,0,0,0,0,0,2,0,1,0,0,2,2,0,1,1,2,0,0,0
business.140,business,2,0,0,0,1,0,0,0,1,0,0,1,0,1,0,1,0,0,3,0,0,0,0,0,0,0,0,2,0,1,0,0,0,2,0,0,0,2,0,0,0,0,0,0,1,0,0,0,3,0
business.141,business,1,1,0,0,0,1,0,2,0,0,0,0,0,0,0,0,1,0,1,0,0,1,0,0,1,1,0,5,0,0,1,0,0,0,0,1,0,0,0,0,1,0,0,1,0,0,0,1,0,1
business.142,business,1,0,2,0,0,0,0,0,1,0,0,0,0,0,0,0,0,0,0,3,0,0,0,0,0,1,0,3,0,3,0,0,0,0,1,0,2,2,0,0,0,0,0,0,0,0,0,0,0,1
business.143,business,1,2,0,0,0,0,0,0,1,0,0,0,0,1,0,2,0,0,1,0,0,0,0,0,0,0,0,0,0,0,0,0,1,1,1,0,0,0,1,0,0,0,2,0,0,0,0,0,1,0
business.144,business,1,0,0,0,0,0,0,0,0,0,0,0,0,0,0,0,0,0,0,0,0,0,0,1,0,0,0,0,0,1,0,0,0,0,0,0,0,0,0,0,0,0,0,0,1,0,0,0,0,0
business.145,business,0,0,1,0,0,0,0,1,0,0,0,1,0,1,0,0,0,0,1,0,0,0,0,0,0,0,0,1,2,1,1,1,1,0,0,0,1,0,0,0,0,0,0,1,0,0,0,0,1,0
business.146,business,6,2,4,0,1,0,2,2,2,1,0,1,0,1,0,0,0,0,0,0,0,3,0,1,0,0,0,2,0,0,1,0,0,0,10,1,0,1,2,0,1,0,0,4,0,0,0,0,1,0
business.147,business,1,0,0,0,0,0,0,0,1,0,0,0,0,0,0,0,1,0,1,0,0,0,0,0,0,1,0,0,0,0,0,1,0,0,0,0,0,3,1,1,0,0,0,0,0,0,0,0,1,1
business.148,business,0,0,0,0,0,0,0,0,0,2,0,1,0,0,0,0,0,0,0,0,0,0,0,0,0,1,0,0,0,0,0,0,0,0,1,0,0,0,0,0,0,0,0,0,1,0,0,0,0,0
business.149,business,6,0,0,0,0,1,0,1,1,0,0,0,0,0,0,1,2,0,0,0,1,0,0,0,1,1,0,5,1,2,0,0,0,0,0,3,0,1,0,0,0,0,3,0,0,0,0,1,0,0
business.150,business,1,0,0,0,0,0,0,0,1,0,0,1,0,3,1,1,0,0,6,0,0,0,0,0,0,0,0,0,0,0,0,0,0,0,1,0,0,0,1,0,0,0,0,0,0,0,0,0,1,0
business.151,business,1,0,1,0,0,0,0,1,0,1,0,0,0,0,0,1,2,0,0,0,0,0,0,0,0,0,0,2,0,0,0,0,0,2,1,0,1,0,0,0,1,0,0,0,1,0,1,0,3,0
business.152,business,2,0,0,0,3,2,0,0,0,0,0,0,0,0,0,0,0,0,0,1,0,0,0,1,0,1,0,2,0,0,0,0,0,2,0,0,1,0,0,0,0,0,0,2,0,0,0,0,0,1
business.153,business,5,0,0,0,1,0,0,0,0,0,0,0,0,0,0,4,1,1,0,0,0,1,0,0,0,0,0,5,2,0,0,0,0,0,0,1,4,0,0,0,0,0,3,0,0,0,0,0,2,0
business.154,business,4,0,3,0,1,0,2,0,0,1,0,0,0,0,0,1,0,0,0,0,0,1,0,0,1,0,0,0,0,0,0,0,0,0,0,0,0,0,0,0,0,0,0,1,1,0,0,0,1,0
business.155,business,2,0,0,0,0,1,0,0,0,0,0,4,0,5,0,0,0,0,1,1,0,0,0,0,1,0,0,0,0,0,0,0,0,0,0,0,0,0,0,0,0,0,1,0,0,0,0,0,2,0
business.156,business,3,0,2,0,3,0,0,0,0,0,0,1,0,0,0,0,1,0,0,1,0,0,0,1,0,0,0,1,1,0,0,0,0,0,0,0,3,1,0,0,0,0,0,0,0,0,0,0,2,2
business.157,business,1,0,0,0,0,0,0,0,0,0,0,0,0,2,1,0,0,0,1,2,0,0,0,0,0,2,1,0,0,0,0,0,1,0,0,1,0,1,0,0,0,0,0,0,1,0,0,0,0,0
business.158,business,4,0,0,0,0,0,0,0,0,0,0,0,0,0,0,0,0,0,1,0,0,0,0,0,0,0,0,0,0,0,0,0,0,0,0,0,0,0,0,0,0,0,0,0,0,0,0,0,1,0
business.159,business,5,0,0,0,0,0,4,0,0,0,0,0,0,1,0,0,0,2,0,1,0,0,0,1,0,0,0,0,0,1,0,3,2,0,0,0,1,2,0,0,0,1,2,1,0,2,0,0,0,0
business.160,business,0,0,0,0,0,0,0,0,0,3,0,1,0,0,1,0,0,0,4,0,1,0,0,2,0,0,0,1,0,0,0,0,0,0,0,0,0,0,0,0,0,0,0,1,0,0,1,0,1,0
business.161,business,2,0,0,0,1,0,1,0,0,1,0,0,0,4,2,0,0,0,0,1,0,0,0,1,0,1,0,0,0,0,0,0,0,0,0,0,1,0,0,0,0,0,1,0,1,0,0,0,0,0
business.162,business,1,0,1,0,0,0,0,0,0,0,0,1,0,3,0,0,0,0,3,0,0,0,0,0,0,0,0,1,0,0,0,0,0,0,2,0,1,0,0,0,0,0,1,0,1,0,1,0,1,0
business.163,business,2,0,0,0,0,1,1,0,0,1,0,0,0,0,0,0,2,0,0,1,0,0,0,1,0,1,0,2,0,0,0,0,0,0,1,0,1,0,1,0,0,0,0,0,1,0,0,0,0,0
business.164,business,3,0,0,0,0,0,2,1,0,0,0,0,0,5,0,0,0,0,5,0,0,0,0,3,0,0,0,0,0,1,1,0,0,0,0,0,1,0,0,0,0,0,0,0,0,0,0,0,0,0
business.165,business,3,0,2,0,1,0,0,0,0,0,0,1,0,0,0,0,1,0,0,1,0,1,0,0,0,0,0,1,0,0,1,0,0,0,0,0,1,0,0,0,2,0,1,0,0,0,0,0,2,1
business.166,business,1,0,0,0,1,0,1,4,0,2,0,0,0,0,0,1,0,2,0,0,0,0,0,1,0,0,0,0,0,2,1,0,0,0,0,0,1,0,0,0,2,0,0,0,0,0,0,0,0,1
business.167,business,0,0,1,0,0,2,0,0,0,0,0,0,0,3,0,0,0,0,1,0,0,0,0,0,1,0,0,1,0,0,0,0,0,0,0,0,1,1,0,0,0,0,0,0,0,0,0,0,0,0
business.168,business,4,0,0,0,1,1,1,1,0,0,0,0,0,2,0,1,0,1,5,0,0,0,0,1,0,0,0,0,0,0,0,0,0,0,0,0,1,0,0,0,0,0,0,1,0,0,2,0,0,1
business.169,business,1,0,0,0,0,1,0,0,0,0,0,0,0,2,0,0,0,0,0,0,0,0,0,0,0,0,0,1,0,1,0,0,0,0,1,0,0,0,0,0,0,0,0,0,0,0,0,0,2,0
business.170,business,2,0,0,0,0,1,0,0,0,0,0,0,0,0,0,3,1,0,0,0,0,0,0,0,0,0,0,3,0,0,0,0,0,0,1,0,3,0,0,0,0,0,0,0,0,0,0,0,0,0
business.171,business,2,0,0,0,0,0,0,0,1,0,0,0,0,0,1,0,0,0,0,0,0,0,0,0,0,1,1,0,0,0,0,0,0,0,1,0,1,0,0,0,0,0,0,0,0,0,0,1,0,1
business.172,business,4,0,0,0,0,0,0,0,0,0,0,0,0,0,0,1,0,0,0,0,0,0,0,0,1,0,0,0,0,0,0,0,0,0,2,0,0,3,1,0,0,0,0,0,0,0,0,0,2,0
business.173,business,3,0,0,0,0,0,0,0,2,0,0,1,0,0,0,0,0,0,1,0,0,0,0,0,0,0,0,4,0,2,0,0,0,0,1,0,0,1,0,0,0,0,0,0,0,0,1,0,0,0
business.174,business,2,1,0,0,1,0,1,0,0,0,0,0,0,0,1,0,0,0,1,0,0,0,0,0,0,0,0,0,1,0,0,0,0,0,0,0,1,2,0,0,0,0,0,0,0,0,0,0,1,3
business.175,business,0,0,0,0,0,0,0,0,0,0,0,0,0,0,0,0,0,0,0,0,0,0,0,0,0,1,0,0,0,0,0,0,0,1,0,0,0,1,0,0,0,0,0,0,0,0,0,0,1,0
business.176,business,1,0,1,0,1,0,1,0,2,0,0,0,0,4,0,0,0,2,0,0,1,0,0,2,0,0,0,0,0,0,0,0,0,1,0,1,0,2,0,0,0,0,0,0,0,0,0,0,0,0
business.177,business,3,0,0,0,0,1,0,0,0,0,0,0,0,0,0,6,1,0,0,0,0,0,0,0,0,0,0,10,1,0,0,0,0,1,2,0,1,1,0,1,0,0,0,0,2,0,0,0,3,0
business.178,business,0,0,1,0,1,0,1,0,1,0,0,0,0,0,3,0,0,0,0,0,0,0,0,1,1,0,0,1,0,0,0,0,1,0,0,0,0,0,0,0,1,0,0,0,0,1,0,0,0,1
business.179,business,0,0,0,0,1,0,0,1,0,0,0,0,0,0,0,0,0,2,0,0,0,1,0,2,0,0,0,0,0,0,0,0,1,0,0,0,0,0,0,0,0,0,0,0,1,0,1,0,0,0
business.180,business,1,0,0,0,1,0,0,0,0,0,0,0,0,0,0,1,1,0,0,3,0,0,0,1,0,0,0,1,0,1,0,0,0,1,1,0,2,1,0,0,0,0,0,0,1,0,0,0,0,1
business.181,business,4,0,0,0,0,0,0,1,0,0,0,2,0,3,2,0,0,1,2,1,0,0,0,0,0,1,0,0,0,0,1,0,0,0,4,0,0,1,0,0,0,0,0,1,0,0,0,0,1,0
business.182,business,3,0,0,0,2,0,2,0,1,0,0,0,0,1,1,0,2,0,0,0,0,1,0,0,0,0,0,0,0,0,1,0,0,0,0,0,1,0,0,0,0,0,0,0,0,0,0,0,1,0
business.183,business,4,2,3,0,0,0,1,1,3,0,0,0,0,2,3,0,0,8,1,0,1,4,0,0,1,0,0,3,0,0,1,0,0,0,0,0,0,1,2,0,0,4,1,2,2,0,1,0,0,0
business.184,business,2,0,1,0,0,0,0,0,0,0,0,0,0,1,0,2,1,1,0,1,0,0,0,0,0,0,0,0,0,0,0,1,0,1,0,1,1,0,0,0,0,0,0,0,3,0,0,0,1,0
business.185,business,0,0,1,0,1,0,0,0,1,0,0,0,0,0,0,0,0,0,0,0,0,0,0,0,0,2,0,0,0,0,0,1,1,0,0,0,0,0,0,0,0,0,1,0,0,0,1,0,0,0
business.186,business,2,0,0,0,1,0,1,0,0,0,0,1,0,0,0,0,0,0,1,0,0,0,0,0,0,0,0,2,0,1,0,1,1,0,0,0,0,0,0,0,0,0,0,0,0,0,0,0,0,0
business.187,business,0,1,1,0,0,0,1,0,1,0,0,0,0,0,0,0,0,1,0,2,0,0,0,0,0,2,0,0,0,0,0,0,0,0,2,0,1,0,0,0,0,0,1,0,1,0,0,0,0,0
business.188,business,0,0,0,0,0,0,0,0,0,0,0,0,0,3,0,0,0,1,1,0,0,0,0,1,0,0,0,1,2,2,0,0,0,0,0,0,1,0,1,0,0,0,0,1,0,0,1,0,0,0
business.189,business,6,0,0,0,0,0,0,0,0,0,1,0,0,4,0,0,0,0,1,0,0,0,0,1,1,0,0,3,0,1,2,0,0,1,0,0,0,0,0,0,0,0,0,0,2,0,0,0,3,0
business.190,business,3,0,0,0,0,0,1,0,0,1,0,2,0,0,0,0,1,0,0,0,0,0,0,0,0,0,0,1,0,0,0,0,0,0,1,0,2,0,0,0,0,0,0,0,0,0,1,0,1,2
business.191,business,2,1,0,0,1,0,0,0,0,1,0,0,0,2,0,0,1,0,1,0,0,0,0,1,0,1,0,2,0,0,1,0,1,0,1,0,1,0,1,0,0,0,1,1,0,0,0,0,0,1
business.192,business,0,0,0,0,0,0,0,0,0,0,0,1,0,3,0,0,0,1,0,1,0,0,0,1,0,1,0,0,0,0,0,0,0,0,0,0,0,0,0,0,2,0,0,0,0,0,0,0,0,0
business.193,business,3,1,0,0,0,1,0,1,0,0,0,0,0,2,0,1,0,1,0,0,0,0,0,0,0,0,0,0,1,1,0,0,1,0,0,0,1,0,0,0,0,0,0,2,1,0,0,0,0,0
business.194,business,1,0,0,0,1,0,0,0,0,0,0,0,0,0,0,1,2,0,0,0,0,0,0,0,0,0,0,2,0,0,0,0,0,1,0,0,1,0,0,0,0,0,0,0,0,0,0,0,0,0
business.195,business,4,0,0,0,1,0,4,0,1,0,0,1,0,0,0,5,0,2,1,0,1,0,0,0,0,0,0,1,0,2,0,0,0,1,3,1,1,0,2,0,1,0,0,2,0,0,0,0,2,0
business.196,business,1,0,0,0,1,1,0,0,0,1,0,1,0,2,0,0,0,0,1,1,0,0,0,0,0,0,0,0,0,0,0,0,0,0,0,0,0,0,0,0,0,0,0,0,0,0,0,0,0,0
business.197,business,0,0,2,0,0,0,1,0,0,0,0,0,0,0,0,0,0,1,3,0,0,0,0,0,0,1,0,0,0,1,0,0,1,0,0,1,0,1,0,0,0,0,2,1,0,0,0,1,0,0
business.198,business,2,0,1,0,0,0,0,0,0,0,0,0,0,1,0,0,0,0,2,0,0,0,0,0,0,0,0,0,1,0,0,0,1,1,0,0,1,0,0,0,1,0,0,1,0,0,1,0,0,0
business.199,business,0,4,2,0,0,0,2,1,0,0,0,0,0,1,0,0,1,0,0,0,0,0,0,1,0,1,0,1,0,1,0,0,0,0,0,0,0,2,0,0,2,0,0,0,0,0,0,0,0,2
business.200,business,4,0,2,0,0,0,4,0,0,0,0,1,0,0,0,0,0,4,0,0,0,0,0,1,0,0,0,3,0,1,0,0,0,0,0,0,1,3,0,0,0,0,0,1,1,0,1,0,0,1
business.201,business,1,0,0,0,0,0,0,0,2,0,0,0,0,1,1,0,0,0,1,0,0,0,0,0,0,1,0,2,1,0,0,0,0,1,0,0,1,0,0,0,0,0,0,0,0,0,0,0,1,0
business.202,business,0,0,0,0,0,0,0,0,0,1,0,0,0,3,0,0,0,1,3,0,0,0,0,2,0,0,1,0,2,0,0,0,0,0,0,0,1,0,1,0,0,0,0,0,1,0,1,0,0,0
business.203,business,0,0,0,0,5,0,0,0,0,0,0,1,0,0,0,0,0,2,0,0,1,0,0,1,0,3,0,0,0,1,2,0,0,0,2,0,0,0,0,0,0,0,0,1,0,0,0,0,0,0
business.204,business,2,1,0,0,0,2,1,0,0,1,0,0,0,0,0,0,0,0,0,0,0,0,0,2,0,0,0,0,0,1,0,0,1,0,0,0,1,1,2,0,0,0,0,0,0,0,0,0,2,0
business.205,business,1,0,0,0,0,0,0,1,0,0,0,1,0,0,0,0,0,1,1,2,0,0,0,1,0,0,0,0,0,2,0,4,1,0,0,0,2,0,1,0,0,0,0,0,0,0,0,0,0,0
business.206,business,4,0,0,0,1,0,0,0,0,0,0,1,0,1,0,0,0,0,1,1,0,0,0,0,0,0,0,6,0,0,0,0,0,1,0,0,0,0,0,0,0,0,0,0,0,0,1,0,0,1
business.207,business,5,0,2,0,1,0,0,0,1,0,0,3,0,2,0,0,1,0,1,0,0,1,10,1,0,0,0,3,0,0,0,0,0,3,1,0,0,0,1,0,2,0,0,0,0,0,0,0,4,0
business.208,business,0,0,0,2,0,0,0,0,0,0,0,0,0,3,0,0,1,1,4,0,0,0,0,0,1,0,0,0,0,0,2,0,1,1,0,1,0,1,0,0,0,0,0,0,0,1,0,0,0,0
business.209,business,1,0,0,0,3,0,0,1,0,1,0,1,0,0,0,1,0,0,0,3,1,0,0,1,0,2,0,0,0,0,1,0,0,0,0,0,1,0,0,0,0,0,0,1,2,0,0,2,1,1
business.210,business,0,0,0,0,1,1,0,1,2,0,0,0,0,0,0,1,0,0,0,0,0,0,0,2,1,0,0,3,0,3,0,0,0,0,0,4,0,1,0,0,2,0,0,0,0,0,2,0,1,0
business.211,business,0,0,0,0,0,0,0,0,1,0,0,2,0,3,1,0,0,0,1,0,0,0,0,0,0,0,0,6,0,0,0,0,0,0,0,0,1,0,0,0,0,0,0,0,0,0,0,0,0,0
business.212,business,0,0,0,0,1,0,1,0,0,0,0,0,0,0,0,0,0,0,1,0,0,0,0,0,0,0,0,0,0,0,1,0,0,0,2,0,1,0,0,0,0,0,1,0,0,0,0,0,0,0
business.213,business,1,1,0,0,0,1,0,0,6,0,0,0,0,0,1,1,0,0,0,0,0,1,0,0,0,0,0,1,0,0,0,0,0,0,0,0,0,0,0,0,0,0,0,0,0,0,0,0,0,0
business.214,business,4,0,0,0,0,0,0,2,0,0,0,1,0,0,0,2,0,0,0,1,0,0,0,1,0,0,0,0,0,0,0,1,0,0,1,0,2,0,1,0,0,0,0,1,1,0,1,0,1,0
business.215,business,2,0,2,0,2,0,1,0,0,1,0,1,0,0,0,1,0,0,15,0,0,0,0,0,0,0,0,5,0,1,1,0,2,0,2,0,1,0,0,0,0,0,0,1,0,0,0,0,0,0
business.216,business,3,0,0,0,1,0,0,0,0,0,0,0,0,0,0,0,0,0,1,0,0,0,0,0,0,0,0,4,1,0,1,0,0,0,0,0,0,0,0,0,0,0,1,1,0,0,0,0,0,0
business.217,business,2,0,1,0,1,0,0,0,1,0,0,0,0,1,0,0,0,1,1,1,2,0,0,2,0,1,0,0,1,0,0,0,1,1,0,0,1,5,0,0,0,0,2,1,1,0,0,0,0,0
business.218,business,3,0,1,0,0,0,0,0,0,0,0,0,0,1,0,1,0,0,0,0,0,0,0,0,0,0,0,1,0,0,0,0,0,0,0,0,0,0,0,0,0,0,0,0,0,0,0,0,2,0
business.219,business,0,0,1,0,0,0,0,0,0,1,0,0,0,0,0,0,0,0,0,0,0,0,0,1,0,0,0,0,0,2,0,0,0,1,0,0,1,0,0,0,0,0,0,1,3,0,0,0,0,1
business.220,business,0,0,0,0,0,0,0,0,0,0,0,0,0,1,0,1,1,0,1,0,1,0,0,1,0,0,0,3,0,2,0,0,0,0,1,0,0,0,0,0,0,0,0,0,0,0,0,0,0,0
business.221,business,4,0,0,0,0,0,0,0,0,0,0,0,0,4,0,0,0,1,0,0,0,0,0,1,0,0,0,0,0,0,0,0,1,1,1,0,1,0,0,0,0,0,0,0,1,0,0,1,1,1
business.222,business,0,0,0,0,0,0,1,0,2,1,0,0,0,8,0,0,0,2,5,0,0,0,0,1,0,0,0,2,1,2,1,0,2,0,0,0,0,0,1,0,1,0,0,0,0,0,0,0,0,0
business.223,business,1,0,0,7,0,0,0,0,0,0,0,0,0,0,0,3,0,0,2,0,0,0,0,0,0,0,0,0,1,1,0,0,1,0,0,0,0,0,0,0,0,0,0,0,0,0,0,0,0,0
business.224,business,0,0,0,0,0,0,0,0,0,0,1,2,0,1,0,0,0,1,1,1,0,0,0,0,0,0,0,0,0,3,2,0,1,0,0,0,1,0,0,0,0,0,0,1,0,0,1,0,0,0
business.225,business,3,0,0,0,0,0,0,0,0,0,0,0,0,0,0,1,1,0,0,0,0,0,0,0,0,0,0,1,0,0,1,0,0,0,0,0,4,0,0,0,0,0,0,0,0,0,0,0,1,1
business.226,business,0,0,0,0,0,0,0,0,2,0,1,0,0,1,0,0,3,0,1,0,0,0,2,1,0,0,0,2,1,0,0,0,0,0,0,0,0,1,0,0,0,0,0,0,0,0,0,0,1,0
business.227,business,1,3,0,0,0,0,2,0,0,0,0,0,0,1,3,0,0,0,1,0,0,0,0,0,0,0,0,0,0,0,0,2,0,0,0,0,0,2,0,0,1,0,1,2,0,0,0,0,0,0
business.228,business,0,2,2,0,2,0,0,0,0,0,0,0,0,0,0,0,0,0,0,0,0,0,0,0,0,2,0,0,0,0,0,0,0,0,0,0,0,0,0,0,0,0,1,0,0,0,0,0,0,0
business.229,business,1,0,0,0,3,0,0,1,0,1,0,1,0,0,0,1,0,0,0,2,1,0,0,0,0,2,0,0,0,0,1,0,0,0,0,0,1,0,1,0,0,0,0,1,2,0,1,2,1,1
business.230,business,0,0,0,0,0,0,0,0,0,0,0,1,0,3,0,0,0,1,2,3,0,0,0,0,0,0,1,0,0,0,0,0,0,0,0,0,0,0,0,0,0,0,0,0,0,0,0,0,1,0
business.231,business,0,0,0,0,0,0,2,1,0,0,0,0,0,2,0,0,0,0,2,0,0,1,0,0,0,0,0,0,0,0,0,0,0,1,0,0,0,4,0,0,0,0,0,1,0,0,0,0,0,0
business.232,business,0,0,0,0,1,0,0,0,1,0,0,0,0,0,0,0,0,0,0,0,1,0,0,0,0,0,0,3,0,0,0,1,0,0,0,0,0,0,0,0,0,0,0,0,2,0,0,0,0,0
business.233,business,0,0,1,0,0,0,0,1,0,0,0,0,0,3,0,0,0,0,4,0,0,0,0,0,0,0,0,2,0,0,0,0,0,0,0,0,0,0,0,0,0,0,0,0,1,0,1,0,0,0
business.234,business,1,0,0,0,0,0,0,1,0,0,0,1,0,0,0,1,0,0,0,0,1,1,0,0,0,1,0,0,1,0,1,0,0,0,0,0,1,0,0,0,0,0,1,1,0,0,0,0,0,1
business.235,business,8,2,0,0,0,0,1,0,0,0,0,0,0,0,0,0,0,1,0,0,0,1,0,0,0,0,0,0,0,0,1,0,0,0,0,0,0,0,0,0,1,0,0,0,0,0,0,0,8,0
business.236,business,2,1,0,0,0,0,0,0,0,0,0,1,0,0,0,2,1,1,0,0,0,1,0,0,1,1,0,0,2,0,0,1,0,0,0,0,0,0,0,0,0,0,1,1,0,0,0,1,0,0
business.237,business,4,0,0,0,0,0,0,0,0,0,0,1,0,0,0,1,0,0,0,0,0,0,0,0,0,0,0,0,0,0,0,0,0,0,0,0,0,0,0,0,0,0,2,0,0,0,0,0,0,0
business.238,business,2,0,0,0,0,0,0,0,0,0,0,0,0,1,0,0,0,0,3,0,0,1,0,0,0,0,0,0,0,0,0,2,0,0,0,0,0,0,0,0,1,0,0,0,0,0,0,0,0,0
business.239,business,1,1,0,0,0,0,0,0,0,0,0,0,0,0,0,4,0,1,0,0,0,2,0,0,0,0,0,1,0,0,0,0,0,0,1,1,0,1,0,0,0,0,0,0,0,0,0,0,0,0
business.240,business,4,0,0,0,0,0,0,2,0,0,0,1,0,0,0,2,0,0,0,1,0,0,0,1,0,0,0,0,0,0,0,1,0,0,1,0,2,0,1,0,0,0,0,1,1,0,1,0,1,0
business.241,business,6,0,1,0,1,1,1,1,8,0,0,1,0,0,4,4,0,1,0,0,1,0,0,4,0,2,1,1,0,5,1,0,1,2,0,0,0,10,1,0,0,0,0,5,0,0,2,4,0,0
business.242,business,2,2,0,0,0,0,0,1,0,0,0,1,0,2,0,1,0,0,2,1,2,0,0,0,1,2,0,0,0,1,0,0,0,0,2,0,0,0,0,1,0,0,0,3,0,0,0,3,0,1
business.243,business,0,1,1,0,2,0,0,2,1,3,0,1,0,0,14,0,0,0,0,0,1,0,0,0,0,0,0,0,0,2,2,0,0,0,0,2,1,0,1,0,0,0,0,4,1,0,1,0,0,0
business.244,business,1,0,3,0,1,0,0,0,1,0,0,0,0,1,1,2,0,1,1,0,1,2,0,1,0,1,0,5,0,0,0,0,0,0,0,0,1,0,1,0,0,0,0,0,0,0,2,0,1,1
business.245,business,3,1,2,0,0,1,6,1,2,0,0,1,0,0,0,0,0,0,0,0,0,0,0,0,0,0,0,1,0,0,0,0,1,0,0,1,0,0,0,0,1,0,0,1,0,0,1,0,0,1
business.246,business,2,0,2,0,0,1,3,0,0,0,0,1,0,3,0,0,0,1,5,3,0,0,0,0,0,2,0,0,1,0,0,0,0,0,0,0,0,0,0,0,0,0,0,2,0,0,0,0,0,0
business.247,business,8,0,0,0,0,0,0,0,0,0,0,0,0,1,0,0,0,0,5,0,0,0,0,0,0,0,0,3,0,0,0,0,0,0,0,0,0,0,0,0,0,0,0,0,0,0,0,0,1,0
business.248,business,2,0,0,0,0,2,2,0,0,0,0,0,0,0,0,1,0,0,0,0,0,0,0,1,0,0,0,4,1,0,0,0,2,0,2,0,1,0,0,0,0,0,0,0,0,0,0,0,0,0
business.249,business,5,0,0,0,0,0,4,1,0,0,0,0,0,1,0,0,0,0,0,1,2,1,0,0,0,0,0,0,0,3,0,0,4,0,1,0,1,2,3,0,0,0,0,0,0,0,0,1,1,0
business.250,business,3,0,0,0,0,0,1,0,1,0,0,2,0,1,0,0,0,0,3,0,0,0,0,0,0,0,0,4,0,0,1,0,0,0,1,0,2,0,0,1,1,0,0,0,0,0,0,0,0,1
business.251,business,1,0,0,0,0,0,0,0,0,0,0,0,0,4,0,0,0,1,2,0,0,0,0,0,0,0,0,0,0,0,0,2,0,0,2,0,1,0,0,0,0,0,1,0,2,0,1,0,0,0
business.252,business,1,1,0,0,1,1,0,1,1,0,4,1,0,1,0,2,0,2,2,0,1,0,0,2,0,0,0,2,0,5,0,6,1,1,0,0,1,0,2,0,1,0,0,2,1,1,0,0,2,0
business.253,business,2,0,0,0,0,3,0,0,0,1,0,0,0,0,0,0,0,0,1,0,0,0,0,0,0,0,0,1,1,0,0,0,0,2,0,0,0,0,0,0,0,0,4,0,0,0,0,0,3,1
business.254,business,0,0,3,10,1,0,0,0,0,1,0,1,1,5,0,0,0,1,2,0,0,0,0,0,0,1,0,3,0,1,0,0,0,0,0,0,0,0,0,1,0,0,0,0,0,0,2,0,0,0
business.255,business,0,2,0,0,0,0,1,0,0,0,0,0,0,0,1,6,0,0,0,0,0,0,0,0,0,0,0,0,0,0,0,0,0,2,3,0,0,0,0,0,0,0,0,1,0,0,1,0,0,0
business.256,business,1,0,0,0,0,0,0,0,0,0,0,0,0,0,0,0,1,0,0,0,0,0,0,2,1,0,0,0,1,0,0,1,0,0,0,0,0,0,1,0,0,0,0,0,0,0,0,0,0,0
business.257,business,4,2,0,0,1,1,2,0,0,0,0,2,0,0,0,0,1,0,0,0,0,0,0,0,0,2,0,0,0,0,0,0,0,0,0,0,0,1,1,0,0,0,0,0,1,0,1,0,1,0
business.258,business,2,0,0,0,0,2,5,0,0,0,0,0,0,1,1,0,0,0,2,0,0,0,0,0,0,0,0,0,0,3,0,0,1,0,1,1,2,1,1,0,0,0,1,0,0,0,2,0,0,0
business.259,business,2,0,0,0,1,0,0,0,0,0,0,1,0,0,0,0,0,0,0,0,0,0,0,0,2,0,0,0,0,0,0,0,0,0,0,0,0,1,0,0,0,0,0,0,0,0,0,0,0,0
business.260,business,2,2,0,0,1,0,3,0,2,0,0,0,0,1,1,0,0,0,1,0,0,0,0,0,0,0,0,2,1,0,1,0,1,0,0,0,1,0,0,0,1,0,0,1,0,0,0,0,2,1
business.261,business,0,0,1,0,2,0,1,0,1,0,0,0,0,4,0,0,0,1,1,1,0,0,0,0,0,0,0,15,0,0,0,1,0,0,0,1,1,1,0,0,1,0,0,1,7,0,1,1,0,0
business.262,business,0,2,0,0,1,0,0,1,1,0,0,1,0,2,0,0,0,0,4,3,0,1,0,1,0,1,0,6,0,0,0,0,1,0,1,0,0,1,0,0,1,0,2,0,0,0,0,0,0,0
business.263,business,1,1,1,0,0,0,0,0,0,0,0,2,0,1,0,1,0,0,6,0,0,0,0,0,0,2,0,2,0,0,3,4,0,1,1,1,0,0,0,0,0,0,2,0,0,0,1,2,0,0
business.264,business,0,0,0,0,0,0,0,0,1,0,0,0,0,0,1,0,0,1,0,0,0,0,0,0,0,0,0,5,0,2,1,0,0,0,1,0,0,0,0,0,0,0,0,0,0,0,0,0,0,0
business.265,business,1,0,0,0,1,1,0,0,1,0,0,0,0,3,0,0,0,0,4,1,0,0,0,0,0,0,0,2,1,0,0,0,1,0,0,0,0,0,0,0,0,0,0,0,1,1,0,0,0,1
business.266,business,2,0,0,0,1,0,5,0,1,0,0,0,0,10,1,0,0,0,2,1,2,1,0,0,0,0,0,3,0,0,0,0,0,0,2,1,0,0,0,0,0,0,0,0,0,1,0,0,0,0
business.267,business,0,0,0,0,0,1,0,0,0,0,0,0,0,2,0,0,0,0,1,0,0,0,0,0,0,0,0,2,0,3,0,0,0,0,0,0,0,0,0,0,0,0,0,0,0,0,0,0,0,0
business.268,business,3,0,4,0,2,1,1,0,0,0,0,0,0,0,0,0,0,0,0,1,1,0,0,0,1,0,0,4,0,0,1,0,1,0,0,2,0,0,1,0,0,0,0,1,0,0,0,0,0,0
business.269,business,1,0,0,0,0,0,2,0,1,0,0,1,0,2,1,0,0,0,1,0,0,0,0,0,0,0,0,2,1,1,1,0,0,0,1,0,2,1,0,0,0,0,0,0,1,0,0,0,0,1
business.270,business,1,0,0,0,1,1,0,1,1,0,0,1,0,1,0,0,0,0,0,0,0,0,0,1,0,0,0,2,0,0,0,1,0,0,0,0,1,0,1,0,0,0,0,0,2,0,0,0,0,1
business.271,business,4,0,2,2,1,1,0,2,2,0,0,2,0,0,0,0,0,0,0,0,2,0,0,0,1,0,0,2,1,0,0,0,4,0,0,0,1,0,0,0,0,0,0,0,0,0,2,0,0,0
business.272,business,4,0,0,0,2,3,2,0,0,0,0,1,0,0,0,0,0,0,0,2,0,0,0,0,0,1,0,5,0,0,0,0,0,0,0,0,0,1,0,0,1,0,2,0,0,0,0,0,0,1
business.273,business,0,0,0,0,0,0,1,0,1,3,0,0,0,0,0,1,0,0,0,1,0,0,0,0,0,2,0,2,0,0,0,0,0,1,0,0,1,0,0,0,0,0,0,0,1,0,1,0,0,1
business.274,business,1,0,1,0,0,2,0,0,0,0,0,0,0,2,0,0,0,0,1,0,0,0,0,1,0,0,0,3,0,0,0,1,0,0,1,0,1,0,0,0,0,0,0,1,0,0,0,0,1,1
business.275,business,1,2,0,0,0,0,5,1,0,0,0,0,0,0,2,0,0,0,0,0,0,0,0,0,0,0,0,0,2,0,1,0,1,1,0,1,1,0,0,0,0,1,1,0,0,0,2,0,0,0
business.276,business,0,0,0,0,1,0,3,0,1,0,0,0,0,2,0,0,0,0,3,0,0,0,0,0,0,0,0,1,0,0,0,0,0,0,0,0,1,1,1,0,0,0,0,2,0,0,0,0,0,1
business.277,business,7,2,3,0,1,1,4,0,0,1,0,0,0,0,1,0,0,2,0,0,0,1,0,0,0,0,0,1,0,1,0,0,2,0,0,0,2,6,2,0,0,2,0,0,0,0,0,0,0,4
business.278,business,0,1,1,0,0,1,0,2,0,0,0,0,0,3,0,0,0,0,1,0,0,0,0,0,0,0,0,1,0,1,0,0,0,0,0,0,0,0,0,0,0,0,2,0,0,0,0,0,2,0
business.279,business,0,0,1,0,0,0,1,0,1,0,0,1,0,0,0,1,0,0,0,1,0,1,0,0,0,0,0,3,1,1,0,0,0,2,2,0,0,0,0,0,0,0,0,0,1,0,0,0,0,0
business.280,business,2,0,0,0,2,0,0,0,0,0,0,0,0,0,0,0,0,0,1,0,0,0,0,0,0,0,0,1,0,0,0,2,0,0,0,0,0,0,0,0,0,0,1,0,0,0,0,0,0,0
business.281,business,1,0,0,0,0,0,0,0,0,0,0,0,0,0,0,0,0,0,1,0,0,0,0,0,0,1,0,5,0,0,0,0,0,1,0,0,2,0,0,0,0,0,1,0,0,0,0,1,0,0
business.282,business,1,1,2,0,0,0,2,0,0,0,0,1,0,1,2,0,0,0,2,0,0,0,0,0,0,0,0,0,0,0,0,0,0,0,0,0,0,1,0,0,0,0,2,0,1,0,0,0,0,7
business.283,business,2,0,0,0,1,1,0,0,0,0,0,0,0,0,0,0,0,0,0,0,0,0,0,0,0,0,0,2,0,0,0,0,0,0,0,0,2,0,0,0,0,0,1,0,0,0,0,0,1,0
business.284,business,0,6,3,0,1,1,4,0,1,3,0,0,0,1,6,0,0,5,2,0,2,1,0,0,0,1,0,0,0,0,2,2,0,0,0,1,1,4,0,0,0,0,0,0,0,1,2,0,0,1
business.285,business,0,3,0,0,0,0,0,0,2,0,1,0,0,0,0,1,0,2,0,0,0,0,0,0,0,0,0,0,1,1,0,0,0,0,3,0,0,2,2,0,0,0,0,0,1,0,0,0,1,0
business.286,business,4,0,0,0,1,2,2,0,1,0,0,0,0,0,0,0,1,0,0,0,0,0,0,0,0,1,0,0,0,2,1,1,0,1,0,2,0,0,0,0,0,0,0,2,0,0,0,0,0,0
business.287,business,3,1,4,1,1,0,1,6,2,1,0,2,0,0,0,0,0,1,0,0,2,3,0,1,0,0,0,1,4,0,3,1,0,0,0,0,0,4,0,0,1,1,1,0,0,0,0,0,3,0
business.288,business,3,0,0,0,0,0,0,0,1,0,0,0,1,0,0,0,0,0,1,0,0,0,0,0,0,0,0,1,0,0,0,0,0,0,0,0,1,0,0,0,1,0,0,0,0,0,0,0,0,1
business.289,business,4,0,0,0,1,0,0,0,0,0,0,1,0,1,0,3,0,0,1,0,0,0,0,1,1,0,0,0,0,0,0,2,0,0,0,0,2,0,2,0,0,0,0,0,0,0,0,0,1,1
business.290,business,3,0,2,0,2,0,0,0,1,0,0,0,0,0,0,0,0,0,0,1,0,0,0,0,0,0,0,4,0,0,1,0,0,1,2,0,2,0,0,0,1,1,0,1,1,0,0,0,2,0
business.291,business,1,0,0,0,0,0,8,1,0,0,0,0,0,3,0,0,0,1,3,0,1,0,0,0,0,0,0,1,0,0,0,0,0,0,0,0,0,0,0,0,0,0,0,0,0,0,0,0,0,0
business.292,business,5,0,2,0,1,0,0,1,1,0,0,1,0,0,0,0,3,0,0,1,0,1,0,0,1,0,0,0,1,0,0,0,1,1,1,0,3,0,2,0,0,0,2,1,0,0,1,0,2,0
business.293,business,0,0,1,0,0,2,0,0,0,0,0,0,0,0,0,0,2,1,0,1,1,0,0,1,0,0,0,0,0,0,0,0,0,0,0,0,1,0,0,0,0,0,0,1,1,0,0,0,1,1
business.294,business,3,0,0,0,0,0,0,0,0,0,0,2,0,0,0,0,0,1,0,2,0,0,0,0,0,0,0,4,0,1,0,0,0,0,0,1,0,0,0,0,0,0,2,0,1,0,1,0,0,1
business.295,business,5,0,1,0,1,2,0,1,1,0,0,0,0,1,0,0,0,2,2,0,0,1,0,0,0,0,0,0,0,0,0,0,0,0,1,0,2,0,0,0,0,0,0,0,0,0,0,0,3,1
business.296,business,2,3,2,0,0,2,1,0,5,2,0,0,0,1,0,0,0,1,1,1,0,0,0,0,0,0,0,4,1,0,0,0,0,4,1,0,0,11,1,0,0,0,0,0,0,0,1,0,0,0
business.297,business,2,0,0,0,0,2,0,2,0,1,0,0,0,0,0,0,0,0,0,0,0,0,0,0,0,1,0,1,0,0,0,1,0,0,0,0,2,0,2,0,0,0,1,0,0,0,0,0,0,0
business.298,business,2,0,0,0,0,0,0,0,0,0,1,1,0,1,0,0,0,0,3,0,0,0,0,0,0,0,0,1,0,0,0,0,0,0,0,0,1,0,0,0,0,0,0,0,0,0,0,0,0,0
business.299,business,1,0,0,0,0,0,3,0,0,1,0,0,0,3,0,0,0,0,6,1,0,0,0,2,0,1,0,0,0,0,1,0,0,2,0,0,0,0,1,0,0,0,0,0,0,0,0,0,0,0
business.300,business,0,0,0,0,0,0,0,0,0,0,0,0,0,1,0,0,0,0,3,0,0,0,0,0,0,0,0,0,1,0,0,0,0,0,0,0,0,0,0,0,0,0,0,0,0,0,0,0,2,0
business.301,business,1,0,0,0,0,0,0,0,0,0,0,1,0,0,1,0,0,0,0,0,0,0,0,0,0,1,0,0,0,0,1,0,2,1,0,0,0,2,0,0,0,0,0,0,0,0,0,0,0,0
business.302,business,2,0,0,0,0,0,0,0,0,0,0,0,0,0,0,1,0,1,3,0,0,0,0,0,0,0,0,2,0,0,0,0,0,0,0,1,0,0,1,0,0,0,0,0,0,0,0,0,0,0
business.303,business,0,0,0,0,0,0,7,0,0,0,2,0,0,1,0,0,0,0,0,2,0,0,0,0,0,0,1,0,0,0,1,0,0,1,0,0,0,5,0,0,0,0,0,0,1,0,1,0,0,0
business.304,business,1,0,0,0,1,0,0,0,1,0,0,1,0,3,0,0,0,0,3,0,1,0,0,0,0,0,0,0,0,2,1,1,0,0,0,0,1,0,0,0,1,0,1,2,0,0,0,0,0,0
business.305,business,0,0,0,0,1,1,0,0,1,0,0,0,0,1,1,0,0,0,1,0,0,0,0,0,0,0,0,0,0,1,0,0,1,0,0,0,0,2,0,0,0,0,0,1,0,2,0,0,0,0
business.306,business,2,0,2,0,0,0,0,0,0,0,0,0,0,0,0,1,3,0,0,0,0,0,0,0,0,0,0,0,0,0,0,0,0,0,1,0,1,0,0,0,0,0,0,0,1,0,0,0,3,0
business.307,business,4,1,1,0,0,0,3,0,0,0,0,1,0,6,0,2,0,1,3,0,0,0,0,0,0,1,0,0,0,0,0,0,0,2,0,0,0,0,1,0,0,0,3,0,0,0,0,0,1,0
business.308,business,1,0,0,0,0,0,1,1,1,0,0,0,0,3,0,0,0,1,0,0,0,0,0,0,0,2,0,0,0,0,0,1,0,0,0,0,0,0,1,0,0,0,0,0,2,0,1,0,0,0
business.309,business,0,0,0,0,0,0,0,0,0,0,0,1,0,3,0,1,0,0,0,1,0,0,0,0,0,0,0,0,0,0,0,0,0,0,0,0,0,0,0,0,0,0,0,0,0,0,0,0,0,1
business.310,business,4,0,0,0,0,2,0,0,0,0,0,0,0,0,0,0,0,0,2,0,0,0,0,0,1,0,0,1,0,0,0,0,0,1,3,0,1,0,0,0,0,0,0,0,0,0,0,0,0,1
business.311,business,3,2,0,0,0,0,0,0,2,0,0,0,0,0,0,0,0,0,0,0,0,0,0,0,0,0,0,0,0,0,0,0,1,0,0,0,0,0,0,0,0,0,1,0,0,0,0,0,0,0
business.312,business,1,0,0,0,1,1,0,0,0,1,0,0,0,6,1,0,0,0,2,2,0,0,0,1,0,1,0,0,1,1,1,0,0,0,0,0,0,0,0,0,1,0,0,0,0,0,0,0,0,0
business.313,business,0,0,0,0,0,2,0,0,0,0,0,1,0,7,0,0,0,0,1,0,0,0,0,0,0,0,1,0,0,0,0,0,0,0,6,0,0,1,0,0,1,0,1,0,0,0,0,0,0,1
business.314,business,0,0,0,0,1,0,2,0,0,0,0,1,0,5,0,0,0,3,2,1,0,1,0,0,0,0,0,0,0,0,1,0,0,0,1,2,0,1,0,0,1,0,0,1,0,0,0,1,0,0
business.315,business,2,0,2,0,0,1,0,0,0,0,0,0,0,0,0,2,0,0,1,0,0,0,0,0,0,0,0,2,0,0,0,0,2,0,0,0,0,0,0,0,0,0,0,0,0,1,0,0,2,0
business.316,business,0,0,0,0,0,0,0,0,0,0,0,1,0,1,2,1,1,0,0,0,1,0,0,1,0,0,0,2,0,0,0,0,0,0,1,0,0,0,0,0,0,0,0,0,4,0,0,0,0,1
business.317,business,2,4,0,0,2,0,0,3,0,0,1,0,0,0,1,1,1,0,0,0,0,0,0,0,1,0,0,0,1,0,0,0,0,1,4,0,0,0,0,0,2,0,4,0,4,0,1,0,5,0
business.318,business,0,0,1,0,2,0,0,1,0,1,0,1,0,2,0,0,0,1,3,1,0,0,0,2,1,0,2,0,0,1,0,0,0,0,0,0,0,0,0,0,0,0,0,1,2,0,0,0,2,0
business.319,business,0,0,0,0,0,0,0,0,0,0,0,0,0,1,0,0,0,2,1,0,0,0,0,0,0,0,0,3,0,0,0,0,0,0,3,0,0,0,0,0,0,0,0,0,1,0,0,0,1,0
business.320,business,2,0,0,0,1,0,0,0,1,1,0,0,0,0,0,0,0,0,0,0,0,0,0,1,0,0,0,1,0,0,0,0,0,0,0,1,0,6,0,0,1,0,0,1,0,0,0,0,0,0
business.321,business,2,0,0,0,0,1,0,0,1,1,0,0,0,2,0,0,0,0,1,0,0,0,0,0,0,0,0,1,0,0,0,0,1,0,2,0,0,0,0,0,0,0,0,0,0,0,0,0,1,0
business.322,business,3,0,0,0,0,1,1,0,0,0,0,0,0,0,0,0,0,1,0,0,0,0,0,0,0,0,0,1,0,0,0,0,0,0,0,0,0,1,0,0,0,0,0,0,0,0,0,0,0,0
business.323,business,3,1,2,0,3,0,0,0,0,0,0,0,0,0,0,1,4,0,0,0,0,1,0,1,0,0,0,7,1,0,1,0,0,1,0,0,0,0,1,0,0,0,1,0,0,0,0,0,0,0
business.324,business,0,0,0,0,0,0,3,0,0,0,1,0,0,2,1,0,0,1,5,1,0,0,0,1,0,1,0,1,0,1,0,0,0,1,0,0,0,0,0,0,0,0,0,0,1,0,0,0,0,0
business.325,business,2,0,0,0,0,0,0,0,0,0,0,0,0,2,0,1,1,0,0,0,0,0,0,0,0,0,0,2,0,0,0,0,0,0,1,0,0,0,0,0,0,0,1,0,0,0,0,0,2,0
business.326,business,3,0,0,0,0,0,1,0,0,0,0,1,0,3,0,0,0,0,4,1,0,1,0,0,0,0,0,2,0,0,0,0,0,0,1,0,0,1,0,1,0,0,0,0,1,0,0,0,0,0
business.327,business,1,2,0,0,1,1,1,0,1,0,0,0,0,1,0,5,0,0,2,0,1,0,0,1,0,0,0,0,0,0,0,0,0,0,0,0,1,0,1,0,0,0,2,0,1,0,1,0,1,0
business.328,business,2,0,1,0,1,0,1,0,0,1,0,0,0,0,0,0,0,0,0,1,0,0,0,0,1,0,0,1,0,0,0,0,0,1,0,1,1,1,0,0,0,0,0,0,0,0,0,0,0,0
business.329,business,5,0,1,0,2,0,1,0,0,0,0,0,0,0,0,1,0,0,0,0,0,0,0,0,0,0,0,3,1,0,0,0,0,2,1,0,3,0,0,0,0,0,0,0,0,0,1,0,0,1
business.330,business,5,7,1,0,2,0,4,1,0,1,0,1,0,3,0,0,0,1,2,1,1,1,0,0,0,0,0,2,0,0,0,0,0,0,0,0,2,3,3,0,1,0,0,1,0,0,0,0,0,3
business.331,business,2,0,0,0,0,0,0,0,0,0,0,0,0,4,0,0,0,0,1,0,0,0,0,0,0,0,0,0,0,0,0,1,0,0,0,0,0,0,0,0,0,0,3,0,0,0,0,0,0,3
business.332,business,1,1,1,0,0,0,4,2,1,0,0,0,0,5,0,0,0,1,1,0,0,1,0,2,0,0,0,3,0,2,0,0,1,0,0,1,0,0,0,0,1,0,0,0,2,0,0,0,1,0
business.333,business,1,0,0,0,1,1,0,0,1,0,0,0,0,3,0,0,0,0,4,1,0,0,0,0,0,0,0,2,1,0,0,0,1,0,0,0,0,0,0,0,0,0,0,0,1,1,0,0,0,1
business.334,business,0,0,0,0,0,0,0,0,0,1,0,0,0,2,5,0,0,0,4,0,0,0,0,0,0,1,0,0,0,0,0,0,1,1,1,0,0,2,0,0,0,0,0,0,0,0,1,0,0,0
business.335,business,1,0,1,0,0,3,0,0,0,2,0,1,0,1,0,0,0,1,2,0,0,0,0,0,0,0,0,0,0,0,0,0,0,0,0,0,0,0,1,0,1,0,0,1,1,0,1,0,0,0
business.336,business,2,0,0,0,0,0,0,0,0,0,0,0,0,1,2,1,0,0,2,1,0,0,0,0,0,2,0,0,0,0,0,0,1,0,0,0,0,0,0,0,0,0,1,0,1,0,0,0,0,0
business.337,business,0,2,0,0,0,0,0,1,0,1,0,0,0,5,0,0,0,0,1,0,0,0,0,0,0,0,0,0,0,0,0,0,0,0,0,1,0,0,2,0,0,0,0,0,0,0,0,0,0,0
business.338,business,3,0,1,0,0,0,0,0,0,0,0,1,0,4,0,0,0,0,1,0,0,1,0,1,0,0,0,2,0,0,0,0,0,0,1,0,0,0,0,0,0,0,0,0,0,0,0,0,0,2
business.339,business,2,1,0,0,0,1,2,0,0,0,0,0,0,1,0,1,0,0,2,0,1,0,0,1,0,0,0,2,0,1,0,0,0,0,1,0,0,1,4,0,0,0,0,0,0,0,0,0,1,0
business.340,business,4,0,1,0,0,0,1,0,1,0,0,3,0,0,0,0,0,0,2,0,0,0,0,0,0,0,0,2,1,0,0,0,1,0,0,0,1,5,0,0,0,0,1,2,0,0,1,0,0,0
business.341,business,0,0,0,0,0,0,1,1,0,0,0,0,0,2,1,2,0,0,0,0,1,0,0,1,0,0,0,0,0,1,0,0,0,0,0,0,0,0,0,0,0,0,0,0,0,0,0,0,1,0
business.342,business,2,0,0,0,0,0,0,1,2,0,0,0,0,1,0,0,0,0,2,1,0,0,0,0,0,0,1,0,1,1,0,0,2,0,0,0,1,2,0,0,0,0,0,0,1,0,0,0,0,0
business.343,business,1,0,0,0,0,0,1,0,0,0,0,0,0,2,0,0,0,0,1,0,0,0,0,1,1,0,0,0,0,0,0,0,0,0,0,0,0,0,0,0,0,0,1,0,0,0,0,0,0,0
business.344,business,3,0,0,0,0,0,2,1,2,0,0,1,0,0,1,0,2,3,0,1,0,1,0,0,0,0,0,3,0,0,0,0,0,0,0,0,1,1,1,0,1,0,0,1,1,0,0,0,0,0
business.345,business,0,2,0,0,0,1,2,0,2,0,0,0,0,0,0,0,0,0,0,0,0,0,0,0,0,1,0,0,0,0,1,0,0,0,1,0,1,4,0,0,0,0,2,0,0,0,0,0,1,2
business.346,business,0,2,0,0,2,0,0,0,3,0,0,1,0,7,0,0,0,0,1,0,0,3,0,0,0,1,0,0,0,0,0,0,1,0,2,0,0,4,0,0,0,0,2,2,0,0,0,0,3,0
business.347,business,3,0,0,0,0,0,2,0,0,0,0,0,0,0,0,0,1,0,1,0,0,0,0,0,0,0,0,0,0,0,0,0,0,0,0,0,0,2,1,0,0,0,0,0,0,0,0,0,2,0
business.348,business,2,1,0,0,2,0,1,0,0,0,0,2,0,0,1,0,0,1,0,0,0,0,0,0,0,0,0,0,0,1,0,1,0,1,0,0,1,0,0,0,0,0,2,2,0,0,1,0,0,0
business.349,business,1,1,1,0,0,0,1,0,0,0,0,1,0,2,0,0,0,1,7,1,1,0,0,1,0,0,0,1,0,0,0,0,0,0,0,0,0,0,0,0,0,0,0,1,0,0,0,0,0,0
business.350,business,1,0,2,0,0,0,0,1,0,0,0,0,0,0,1,0,0,0,0,3,0,0,0,0,0,0,0,1,1,0,1,0,0,0,0,2,0,0,0,0,0,0,0,0,0,1,0,0,0,0
business.351,business,0,0,1,0,0,0,0,0,0,0,0,0,0,0,0,0,1,0,0,0,0,0,0,0,0,0,0,1,0,0,0,0,0,0,0,0,0,0,0,0,0,0,0,0,1,0,0,0,0,0
business.352,business,0,0,0,0,0,0,0,0,0,0,0,0,0,2,0,0,0,0,0,0,0,0,0,1,0,0,0,1,0,1,0,0,0,0,0,0,1,0,0,0,0,0,0,0,0,0,0,0,0,0
business.353,business,1,4,0,0,1,1,3,0,6,1,1,1,0,2,0,0,1,3,2,0,1,1,0,0,0,2,0,0,0,0,0,0,0,0,1,0,2,5,0,1,0,0,2,5,0,0,0,0,1,0
business.354,business,2,1,0,0,1,1,3,0,1,0,0,0,0,2,1,0,1,0,1,0,0,0,0,0,0,0,0,2,1,0,1,0,1,0,0,0,1,0,0,0,2,0,0,1,0,0,0,0,3,1
business.355,business,3,0,0,0,0,0,1,0,0,0,0,0,0,1,0,0,0,0,0,0,0,0,0,0,0,0,0,0,1,0,0,1,0,0,0,0,0,0,0,0,0,0,1,0,0,0,0,0,0,0
business.356,business,2,0,0,0,0,2,5,0,0,0,0,0,0,1,1,0,0,0,2,0,0,0,0,0,0,0,0,0,0,3,0,0,1,0,1,1,2,1,1,0,0,0,1,0,0,0,2,0,0,0
business.357,business,2,0,0,0,0,0,2,0,0,0,0,0,0,0,0,0,0,0,0,0,0,0,0,0,0,0,0,0,0,0,0,0,0,1,0,0,0,1,0,0,0,0,2,1,0,0,0,0,0,0
business.358,business,0,0,1,0,0,0,2,0,0,0,0,0,0,1,0,0,0,0,2,0,1,0,0,1,0,0,1,0,0,1,0,0,0,0,0,0,1,0,0,0,0,0,0,0,0,0,0,0,1,0
business.359,business,1,0,0,0,2,0,0,0,0,0,0,1,0,2,0,0,0,2,5,1,2,0,0,1,0,0,0,0,0,0,1,0,0,1,1,0,0,0,0,0,0,0,0,0,1,0,0,0,1,0
business.360,business,2,0,0,0,0,0,1,1,2,0,0,0,0,0,0,0,0,0,0,0,0,0,0,0,0,0,0,0,0,1,0,0,0,1,1,1,0,0,0,0,0,0,0,0,0,0,1,0,3,1
business.361,business,2,0,0,0,2,2,0,0,0,0,0,1,0,0,0,0,0,1,0,0,0,0,0,0,0,0,0,0,0,0,0,0,0,0,1,0,3,0,0,0,0,0,1,0,1,0,0,0,2,0
business.362,business,3,0,1,0,2,3,0,0,0,0,0,0,0,0,0,4,0,0,0,0,0,0,0,0,0,0,0,0,0,0,0,1,0,1,0,2,0,0,0,0,0,0,0,0,0,0,0,0,1,0
business.363,business,1,0,1,0,0,1,0,1,0,0,0,0,0,2,1,0,0,0,0,0,0,0,0,0,0,0,0,0,0,0,0,0,0,1,0,0,0,0,0,0,0,0,1,0,0,0,0,0,1,1
business.364,business,1,0,0,0,1,0,0,0,0,0,0,0,0,0,1,1,0,0,4,0,0,0,0,0,0,0,0,1,0,0,0,0,2,0,2,0,1,0,0,0,0,0,0,0,0,0,0,0,0,0
business.365,business,0,0,0,0,0,1,0,0,0,0,0,0,0,2,0,0,0,0,1,0,0,0,0,0,0,0,0,2,0,3,0,0,0,0,0,0,0,0,0,0,0,0,0,0,0,0,0,0,0,0
business.366,business,0,0,1,0,0,0,0,1,4,0,0,1,0,0,0,1,0,1,2,1,0,0,0,0,1,0,0,1,0,0,1,0,0,1,1,0,1,0,0,0,0,0,0,0,2,0,1,0,0,0
business.367,business,2,0,0,0,0,0,0,0,0,0,0,0,0,1,0,0,0,0,0,0,1,0,0,0,0,0,0,2,2,0,1,0,0,1,0,0,1,0,0,1,0,0,0,0,0,0,0,0,1,0
business.368,business,0,0,0,0,0,0,0,0,0,0,0,0,0,3,0,0,0,1,1,0,4,0,0,1,0,0,0,0,0,0,0,0,2,0,0,0,0,0,1,0,0,0,0,0,1,0,0,0,0,0
business.369,business,0,1,0,0,0,1,0,0,1,0,0,0,0,0,0,0,0,0,1,0,0,0,0,0,0,0,0,0,0,0,0,0,1,0,0,0,0,1,0,0,0,0,2,0,0,0,0,0,1,1
business.370,business,1,0,0,0,0,0,0,0,0,0,0,0,0,1,0,0,0,0,0,0,0,0,0,0,0,0,0,0,0,0,0,0,0,0,0,0,1,0,0,0,0,0,0,0,0,0,0,0,2,0
business.371,business,1,0,0,0,0,0,0,0,0,0,0,0,0,0,0,0,1,0,0,0,0,0,0,2,1,0,0,0,1,0,0,1,0,0,0,0,0,0,1,0,0,0,0,0,0,0,0,0,0,0
business.372,business,0,0,0,0,0,0,0,0,0,0,0,0,0,0,0,0,0,1,0,0,0,0,0,0,0,0,0,0,0,0,0,0,0,0,0,1,0,1,0,0,0,0,0,0,0,0,0,0,0,0
business.373,business,1,0,0,0,0,0,0,0,1,0,0,0,0,3,0,0,0,0,1,0,0,0,0,1,0,0,0,0,0,0,1,0,0,1,0,0,0,0,0,0,1,0,0,0,0,0,1,0,0,0
business.374,business,0,0,1,0,1,0,0,0,0,0,0,0,0,0,0,0,0,0,0,1,0,0,0,0,0,0,0,2,0,0,0,0,0,1,0,0,0,0,0,0,0,0,0,0,1,0,1,0,2,0
business.375,business,1,0,2,0,0,0,0,0,0,0,0,1,0,3,0,0,0,0,7,0,0,0,0,0,0,1,0,2,0,0,0,0,0,0,0,0,0,1,0,0,0,0,0,2,1,0,0,0,0,0
business.376,business,2,1,0,0,0,0,0,1,0,0,1,0,0,0,0,0,0,1,0,2,1,0,0,1,0,0,0,3,0,0,0,0,0,1,2,0,0,0,0,0,1,0,0,0,1,0,0,0,2,0
business.377,business,0,0,0,0,0,0,0,0,0,0,0,0,0,0,0,0,0,0,0,0,0,0,0,0,0,0,0,0,0,1,0,0,1,1,0,0,0,1,1,0,0,0,0,0,0,0,0,0,1,0
business.378,business,0,0,0,0,0,0,1,0,2,0,0,0,0,1,0,0,0,0,0,0,0,0,0,0,0,0,0,0,0,0,0,0,0,0,0,0,0,0,0,0,0,0,1,1,0,0,0,0,0,1
business.379,business,0,0,0,0,0,0,0,0,0,0,0,2,0,2,0,0,0,0,0,0,0,0,0,0,0,0,0,1,0,0,0,1,0,1,0,0,0,0,0,0,0,0,0,0,1,0,0,0,0,0
business.380,business,2,0,0,0,0,0,1,0,0,0,0,1,0,1,0,0,0,0,0,0,0,0,0,0,0,0,0,0,0,0,1,0,0,2,2,0,0,2,0,0,0,0,0,0,0,0,1,1,1,1
business.381,business,0,0,0,0,0,0,0,0,1,1,0,0,0,0,0,0,0,0,0,0,0,0,0,0,0,0,0,2,0,0,0,0,0,0,0,0,0,0,0,0,0,0,0,0,1,0,0,0,1,0
business.382,business,1,3,0,0,0,0,3,0,1,0,0,0,0,0,3,0,0,1,1,0,1,0,0,0,1,0,0,0,0,1,0,0,0,0,0,0,0,0,0,0,1,0,0,0,0,0,0,0,0,0
business.383,business,0,0,0,0,0,0,0,0,0,0,0,0,0,0,0,0,1,0,0,2,1,1,0,0,0,0,0,4,0,0,0,0,0,0,0,0,0,0,2,0,1,0,0,0,1,0,1,0,0,1
business.384,business,2,1,2,0,0,0,0,0,0,0,0,0,0,1,0,0,0,0,0,0,0,0,0,0,1,1,0,0,0,0,0,0,0,0,1,0,1,0,0,0,0,0,0,0,0,0,0,0,5,0
business.385,business,4,0,2,0,0,0,0,0,0,0,0,0,0,2,0,1,0,0,1,0,0,0,0,0,0,0,0,0,0,0,0,0,1,0,0,0,0,2,0,0,0,0,0,0,0,0,0,0,0,0
business.386,business,1,0,0,0,0,0,0,0,0,0,0,0,0,3,0,0,0,0,5,1,0,2,0,0,0,0,0,0,0,0,0,0,0,3,1,1,1,0,0,0,0,0,0,1,0,0,0,0,0,1
business.387,business,4,2,1,0,0,0,1,0,0,0,0,1,0,1,3,0,1,0,0,0,0,0,0,0,0,0,0,1,2,0,0,0,0,2,0,0,3,0,0,0,0,2,1,0,0,0,1,0,3,2
business.388,business,2,0,1,0,0,0,4,1,0,0,0,0,0,1,0,2,0,0,0,1,0,0,0,0,0,2,0,0,0,0,0,0,1,0,0,0,0,2,0,0,0,0,1,0,0,0,0,0,0,0
business.389,business,1,0,3,0,0,1,5,0,1,0,1,0,0,1,0,0,0,0,0,0,0,0,0,0,0,1,0,0,0,1,1,0,0,0,0,1,0,1,0,0,0,0,0,0,0,0,0,0,1,0
business.390,business,0,2,0,0,0,0,0,0,2,0,0,0,0,1,0,0,0,0,0,0,1,0,0,0,0,0,0,0,0,0,0,0,2,0,0,0,0,0,0,0,0,0,0,0,0,0,0,0,0,0
business.391,business,0,0,2,0,0,1,0,1,0,0,0,0,0,5,0,0,0,0,3,0,1,0,0,1,0,0,1,1,0,0,0,0,1,0,0,0,0,1,0,0,0,0,0,0,0,0,0,0,1,0
business.392,business,0,0,0,0,0,0,0,0,1,0,0,1,0,0,0,0,0,1,0,0,0,0,0,0,0,0,0,2,0,0,1,0,0,1,2,0,1,0,1,0,0,0,0,0,2,0,0,0,0,0
business.393,business,1,0,2,0,1,0,0,0,0,0,0,1,0,6,0,1,0,0,0,0,0,1,0,0,0,0,0,0,0,0,1,1,0,0,3,0,2,0,0,0,1,0,0,0,1,0,0,0,1,0
business.394,business,2,0,1,0,1,0,0,0,0,0,0,2,0,0,0,0,0,0,0,0,0,0,0,0,0,0,0,0,0,0,0,0,0,0,0,0,1,0,0,0,0,0,1,1,0,0,0,0,0,0
business.395,business,1,0,0,0,0,0,0,0,0,0,0,0,0,0,0,0,0,1,1,0,0,0,0,0,0,0,0,0,0,2,0,0,1,0,0,0,1,0,0,0,0,0,0,0,0,0,0,0,0,1
business.396,business,0,0,0,0,0,0,0,0,1,0,0,1,0,0,0,0,0,0,1,0,0,0,0,0,0,0,0,0,0,0,0,0,0,0,0,1,0,0,0,0,0,0,0,0,0,0,0,0,0,0
business.397,business,2,0,0,0,1,2,1,0,0,2,0,0,0,7,0,4,0,3,3,0,0,0,0,0,0,0,0,0,0,1,0,0,0,0,17,2,0,0,1,0,1,0,0,0,0,0,0,0,1,0
business.398,business,0,2,1,0,2,2,0,0,0,0,0,0,0,0,0,0,0,1,0,0,0,0,0,0,0,2,0,0,0,0,0,0,0,0,2,0,1,1,1,0,0,0,2,0,0,0,1,0,0,0
business.399,business,3,0,1,0,1,0,0,1,1,0,0,0,0,2,0,0,0,1,4,0,0,0,0,1,0,0,0,0,0,1,0,0,1,0,1,0,1,3,0,0,0,0,2,0,0,0,2,0,0,0
business.400,business,2,0,1,0,0,0,0,0,0,0,0,1,0,2,0,0,0,0,2,1,0,0,0,0,0,1,0,0,1,1,0,0,0,1,0,1,0,0,0,0,1,0,3,0,0,0,0,0,0,1
business.401,business,1,0,1,0,0,0,0,0,0,0,0,0,0,4,0,0,1,0,2,0,0,0,0,0,0,0,0,2,0,0,0,0,0,4,0,1,2,0,0,0,0,0,0,0,0,0,0,0,0,0
business.402,business,0,0,0,0,1,0,0,0,1,0,0,0,0,0,0,0,2,0,0,0,0,0,0,0,0,0,0,1,0,0,1,0,0,1,0,1,2,0,0,0,0,0,0,0,0,0,1,0,2,1
business.403,business,2,1,1,0,1,0,2,0,1,0,0,1,0,1,0,0,0,0,2,0,0,0,0,0,0,1,0,0,0,0,0,0,1,1,2,0,1,0,1,0,0,0,0,0,0,0,0,0,2,0
business.404,business,3,0,0,0,0,0,0,0,1,0,0,1,0,1,1,0,0,0,1,0,0,0,0,0,0,0,0,1,0,0,0,0,0,0,0,0,0,0,0,0,0,0,0,0,1,0,0,0,1,0
business.405,business,3,0,0,0,0,2,0,0,0,0,0,1,0,0,0,6,1,1,0,0,0,0,0,0,0,0,0,5,1,0,0,0,0,0,0,0,7,0,0,0,0,0,2,1,1,0,0,0,0,1
business.406,business,5,0,2,0,0,0,0,0,1,1,0,0,0,1,0,0,0,0,1,0,0,0,0,1,2,1,0,0,0,0,0,0,0,1,0,0,4,0,0,0,0,0,0,0,0,0,0,0,3,0
business.407,business,0,0,0,0,0,1,1,0,0,1,0,0,0,0,1,1,0,0,2,0,0,0,0,1,0,0,0,2,0,0,0,0,0,0,0,0,0,0,1,0,0,0,0,0,0,0,0,0,0,0
business.408,business,1,0,1,0,0,0,0,0,1,0,0,0,0,0,0,0,0,0,0,0,0,0,0,0,1,0,0,2,0,0,0,0,1,0,0,0,0,0,1,0,0,0,1,0,0,0,0,0,2,0
business.409,business,2,0,1,0,3,1,3,0,0,0,0,1,0,0,0,1,0,1,0,0,0,0,0,0,0,0,0,3,0,0,0,3,0,0,0,0,1,3,0,0,0,0,0,0,0,0,0,0,3,1
business.410,business,1,0,0,0,0,0,0,1,0,0,0,0,0,1,0,0,2,0,1,0,0,0,0,0,0,0,0,0,0,0,0,0,0,0,0,0,0,0,0,0,0,0,1,0,0,0,0,0,0,0
business.411,business,1,1,0,0,0,0,1,0,0,0,0,0,0,1,0,0,0,0,0,0,0,0,0,0,0,1,0,1,0,0,0,0,0,0,1,0,1,4,0,0,0,0,1,0,0,0,0,0,2,0
business.412,business,6,0,0,0,0,0,2,0,0,1,0,0,0,1,0,0,0,0,0,0,1,0,0,1,0,0,0,0,0,2,0,0,1,0,0,1,0,0,0,0,0,0,0,0,0,0,0,0,2,0
business.413,business,8,1,0,0,2,1,0,0,0,0,0,5,0,0,0,0,1,1,0,1,0,0,0,1,0,0,0,0,0,0,0,0,0,0,0,0,0,4,0,0,0,0,0,0,1,1,0,0,2,0
business.414,business,1,0,0,0,0,1,0,0,0,0,0,0,0,2,0,0,0,0,3,1,0,1,0,0,0,0,0,1,0,0,0,0,3,2,0,0,0,0,0,0,1,0,0,0,1,0,0,0,0,1
business.415,business,3,0,0,0,0,1,0,0,0,0,0,0,0,0,0,5,3,0,0,0,0,0,0,1,0,0,0,4,1,0,0,1,0,0,0,0,2,0,0,0,0,0,0,0,1,0,0,0,0,0
business.416,business,5,0,2,0,1,0,0,1,1,0,0,1,0,0,0,0,3,0,0,1,0,1,0,0,1,0,0,0,1,0,0,0,1,1,1,0,3,0,2,0,0,0,2,1,0,0,1,0,2,0
business.417,business,4,0,1,0,0,0,0,0,1,0,0,1,0,0,0,2,0,2,0,0,0,0,0,0,0,0,0,2,0,0,0,1,0,0,4,0,0,1,0,0,0,0,1,0,0,0,0,0,0,0
business.418,business,0,0,1,0,0,0,0,0,0,0,0,1,0,1,0,0,0,0,3,0,0,0,0,0,0,1,0,0,0,1,0,0,1,0,1,0,0,0,0,0,0,0,0,0,0,0,0,0,0,1
business.419,business,0,0,0,0,2,0,0,0,0,0,0,0,0,1,0,0,0,0,5,0,0,0,0,0,0,1,0,2,0,1,0,0,1,0,1,0,0,0,0,0,0,0,1,0,0,0,0,0,0,0
business.420,business,2,0,2,0,0,0,0,0,1,0,0,0,0,1,0,0,0,0,3,0,0,0,0,0,0,0,0,0,0,0,1,0,0,0,0,0,0,1,0,0,0,0,1,0,0,0,1,0,0,0
business.421,business,0,0,0,0,0,0,0,0,0,0,0,1,0,0,0,0,0,0,0,0,2,0,0,0,0,0,0,2,0,2,0,0,0,1,2,0,1,0,1,0,0,0,0,0,2,1,0,0,1,0
business.422,business,1,0,0,0,0,0,0,0,0,0,0,0,2,2,0,0,0,0,1,0,0,0,0,0,0,0,0,1,0,0,0,0,1,0,0,0,0,0,0,0,0,0,0,1,0,0,0,0,0,0
business.423,business,0,0,0,0,0,1,0,0,1,0,0,0,0,0,0,0,0,1,0,0,0,0,0,1,0,0,0,1,0,0,2,0,0,0,0,0,2,1,0,0,1,0,0,0,0,0,1,0,0,0
business.424,business,1,0,0,0,0,0,0,0,3,0,0,0,0,3,0,0,0,0,1,1,0,0,0,0,0,0,0,0,0,0,0,0,0,0,0,0,1,1,0,0,0,0,0,1,0,0,0,0,0,1
business.425,business,3,0,0,0,0,1,0,0,0,0,0,1,0,2,0,0,1,0,1,0,0,0,0,0,0,0,0,0,0,0,0,0,0,1,1,0,0,0,0,0,0,0,0,0,0,0,0,0,0,0
business.426,business,0,1,0,0,0,0,3,0,0,1,0,0,0,5,0,0,0,0,5,0,0,0,0,2,0,3,0,1,0,0,0,0,0,0,0,0,1,0,0,0,0,0,0,4,0,0,0,0,0,0
business.427,business,3,0,0,0,0,0,0,0,0,0,0,0,0,0,0,0,1,0,0,0,0,0,0,0,0,0,0,0,0,0,1,0,0,0,2,0,0,1,0,0,0,0,0,0,0,0,0,0,1,1
business.428,business,3,1,3,0,1,1,1,1,1,0,0,2,0,0,1,0,0,2,0,1,0,0,0,0,1,1,0,9,1,0,0,0,0,0,0,0,0,2,0,0,0,0,0,0,2,2,0,1,2,0
business.429,business,1,0,0,0,1,1,0,2,0,1,0,0,0,0,0,0,0,0,0,0,0,0,0,0,0,0,0,1,0,0,0,0,0,0,0,0,2,0,0,0,0,0,0,0,0,0,0,0,3,0
business.430,business,6,0,1,0,0,2,0,0,0,0,0,2,0,0,0,0,2,1,0,0,1,0,0,0,0,0,0,6,1,2,0,0,0,0,0,0,0,0,1,0,0,0,4,0,0,0,0,0,0,2
business.431,business,1,0,0,0,0,0,0,0,0,0,0,0,0,1,0,0,0,0,2,0,0,0,0,1,0,0,0,0,0,1,0,0,0,0,1,0,0,0,0,0,0,0,0,0,0,0,0,0,0,0
business.432,business,0,0,2,0,0,0,1,0,0,0,0,2,0,0,0,2,0,1,0,0,0,0,0,0,0,0,0,0,0,1,0,2,0,0,0,0,0,1,0,0,0,0,0,0,2,0,0,0,0,2
business.433,business,2,0,0,0,0,1,1,0,0,0,0,0,0,3,0,2,1,0,2,0,0,0,0,0,0,0,0,0,1,0,0,0,0,1,0,0,0,0,0,1,0,0,0,1,0,0,0,0,0,0
business.434,business,1,7,1,0,0,1,3,0,2,0,0,2,0,0,0,0,0,2,0,1,0,1,0,0,0,0,0,0,1,2,1,0,0,1,2,0,1,6,0,0,0,0,1,1,0,0,0,0,0,0
business.435,business,1,2,2,0,0,0,0,1,1,1,0,1,0,1,0,0,0,0,3,0,1,1,0,0,1,0,0,1,0,0,1,0,0,0,0,0,2,0,0,0,0,0,0,0,0,0,1,0,1,0
business.436,business,2,0,0,0,1,0,0,0,0,0,0,0,0,0,0,0,0,0,1,1,0,0,0,0,0,0,0,1,0,0,1,0,0,0,0,0,3,0,0,0,0,1,0,0,0,0,0,0,2,1
business.437,business,3,0,0,0,1,2,3,0,1,0,0,0,0,0,0,0,0,0,0,0,0,0,0,0,0,1,0,2,0,1,2,0,1,0,1,0,0,0,0,0,1,0,0,0,1,0,0,1,1,0
business.438,business,3,0,2,0,2,0,0,0,1,0,0,0,0,0,0,1,0,0,0,1,0,0,0,0,0,0,0,4,0,0,1,0,0,1,2,0,2,0,0,0,1,1,0,1,1,0,0,0,2,0
business.439,business,3,0,0,0,0,0,1,0,1,0,0,0,0,1,0,0,0,0,0,0,0,0,0,0,0,0,0,1,0,0,0,0,1,0,0,0,1,1,1,0,0,1,0,0,0,0,0,0,1,0
business.440,business,2,0,2,0,0,0,1,0,0,0,0,0,0,0,0,0,1,1,0,4,0,0,0,1,0,0,0,1,2,0,0,0,0,0,0,0,1,0,0,0,2,0,0,0,0,0,0,0,1,1
business.441,business,0,0,1,0,0,1,0,0,1,0,0,0,0,0,0,8,0,0,0,0,0,0,0,1,0,0,0,0,0,0,1,1,2,0,0,0,3,1,0,0,0,0,0,0,0,0,0,0,1,0
business.442,business,0,0,2,0,0,0,1,0,1,0,0,2,0,1,0,0,0,0,0,1,0,0,0,0,0,1,0,4,0,0,0,0,0,0,0,0,0,5,1,0,0,0,1,0,0,0,0,0,2,0
business.443,business,1,0,0,0,0,0,0,0,0,0,0,0,0,0,1,0,1,0,2,0,0,0,0,1,0,0,0,0,0,1,0,0,0,1,0,1,0,0,0,0,0,0,0,0,0,0,0,0,0,0
business.444,business,1,0,0,0,0,0,1,0,0,0,0,0,0,1,0,0,0,0,1,1,0,0,0,0,0,0,0,0,0,0,0,0,0,0,0,0,0,1,0,0,1,0,0,0,0,0,0,0,0,0
business.445,business,0,0,0,0,0,0,2,0,0,0,0,1,0,1,0,0,0,0,0,0,0,0,0,0,0,2,0,0,0,1,0,0,0,0,2,0,1,0,2,0,0,0,0,0,1,0,0,0,0,3
business.446,business,0,0,0,0,0,0,0,0,1,0,0,1,0,1,0,0,0,1,2,0,1,0,0,1,0,0,0,0,0,0,1,0,0,1,1,1,1,2,1,0,0,0,0,0,1,0,0,0,0,0
business.447,business,0,0,2,8,1,0,0,0,0,1,0,1,1,5,0,0,0,1,1,0,0,0,0,0,0,1,0,2,0,0,0,0,0,0,0,0,0,0,0,0,0,0,0,0,0,0,1,0,0,0
business.448,business,1,0,1,0,1,1,0,0,1,0,0,0,0,2,3,0,0,0,0,1,1,0,0,0,0,0,0,1,0,0,0,0,2,1,0,0,0,0,0,0,0,0,0,0,0,0,0,0,1,1
business.449,business,0,1,1,0,2,0,0,2,1,0,0,2,0,4,0,0,0,3,1,3,0,0,0,1,0,0,0,0,0,3,1,0,0,1,0,0,0,0,1,0,0,0,1,0,0,0,0,0,0,0
business.450,business,5,0,0,0,2,2,0,1,1,2,0,0,0,0,0,0,1,0,0,0,0,2,0,0,1,1,0,0,1,0,0,0,0,1,1,0,4,1,0,0,1,0,1,0,0,0,1,0,1,0
business.451,business,0,0,1,0,0,0,0,0,0,0,0,3,0,5,0,0,0,0,0,0,0,0,0,0,1,0,0,0,0,0,0,0,1,0,0,0,0,0,0,2,0,0,0,0,0,0,0,0,0,0
business.452,business,1,0,0,0,1,0,0,0,0,1,0,0,0,3,1,0,0,0,0,0,0,0,0,0,0,1,0,1,0,0,0,0,0,0,0,0,1,0,0,0,0,0,0,0,0,0,0,0,0,0
business.453,business,1,0,0,0,0,0,0,0,0,0,0,0,0,0,0,0,1,0,0,0,0,0,0,0,0,0,0,1,0,0,0,0,0,2,0,0,4,0,0,0,0,0,1,0,0,0,0,0,0,1
business.454,business,0,0,1,0,1,0,0,0,0,0,0,0,0,1,0,0,0,0,1,0,0,0,0,1,2,0,0,0,1,3,0,0,0,0,2,0,0,0,0,0,1,0,0,0,0,0,0,1,0,0
business.455,business,5,0,0,0,0,0,0,2,0,1,0,0,0,0,0,0,0,3,0,0,0,0,0,0,0,1,0,2,1,0,1,0,0,0,3,0,0,1,0,0,0,0,3,2,0,0,2,0,0,0
business.456,business,1,0,1,0,0,0,1,0,1,0,0,0,0,3,0,0,0,0,1,1,0,0,0,0,0,0,0,1,0,0,0,0,0,1,1,0,0,0,1,1,0,0,0,0,0,0,0,0,0,0
business.457,business,0,0,0,0,1,0,3,0,0,0,1,0,0,0,1,0,0,0,0,1,0,0,0,0,0,0,0,0,1,0,1,0,2,0,0,0,1,8,1,0,0,0,0,1,0,0,0,0,0,0
business.458,business,0,1,1,0,0,0,0,0,0,0,0,1,0,4,0,0,0,0,4,2,0,0,0,0,0,0,0,1,0,0,0,0,1,0,0,0,2,0,0,0,0,0,1,0,0,0,0,0,0,0
business.459,business,10,0,0,0,0,0,0,1,0,0,0,1,0,0,0,3,0,0,1,0,0,0,0,0,0,0,0,3,0,0,0,0,0,0,0,0,0,0,1,0,0,0,0,1,0,0,0,0,2,0
business.460,business,0,0,1,0,1,0,0,2,0,0,0,0,0,7,1,0,0,1,0,0,0,0,0,0,0,0,0,2,0,0,0,0,0,0,1,0,1,0,1,0,1,0,3,0,1,0,0,0,1,0
business.461,business,2,0,1,1,0,0,0,1,0,1,0,2,0,0,0,0,0,0,0,0,1,0,0,0,0,0,0,0,0,0,0,1,0,0,0,0,0,0,0,0,0,0,0,0,0,0,3,0,0,0
business.462,business,4,0,1,0,0,0,0,0,1,0,0,0,0,1,0,0,0,0,0,0,0,0,0,0,0,0,0,2,0,0,0,2,1,1,0,0,0,0,0,0,0,0,1,0,0,0,0,0,3,1
business.463,business,0,0,0,0,0,0,0,0,0,0,0,1,0,0,0,0,1,1,1,0,0,0,0,0,0,0,0,2,1,0,0,0,0,1,4,0,0,0,0,0,0,1,0,0,0,0,0,0,0,0
business.464,business,2,0,0,0,0,0,0,0,1,0,0,0,0,1,0,0,0,0,0,0,0,0,0,0,0,0,0,1,0,0,0,1,0,0,0,0,0,0,0,0,0,0,0,0,0,0,0,0,3,0
business.465,business,0,0,0,0,0,0,0,0,0,0,0,1,0,1,0,0,0,0,2,0,0,0,0,0,0,0,0,0,0,0,0,0,1,0,1,0,1,0,0,0,0,0,1,0,0,0,0,0,1,0
business.466,business,3,0,0,0,0,1,0,0,1,0,0,1,0,0,0,0,0,0,0,2,0,0,0,0,0,0,0,1,0,0,0,0,0,1,2,0,0,0,0,0,0,0,0,0,0,0,0,0,1,0
business.467,business,2,0,0,0,0,0,0,0,0,0,0,0,0,1,0,0,0,0,0,0,0,0,0,0,0,0,0,1,0,0,0,0,0,0,1,0,0,0,0,0,0,0,0,0,0,0,0,0,2,0
business.468,business,0,0,1,0,2,0,2,0,0,1,0,0,0,1,0,0,0,0,0,0,1,0,0,1,0,0,0,0,0,4,1,2,1,0,0,0,1,0,0,0,0,0,0,1,0,0,1,0,0,0
business.469,business,5,0,0,0,1,1,0,0,0,0,0,1,0,0,0,0,0,0,0,0,0,0,0,0,0,0,0,1,0,0,1,0,0,1,0,0,1,0,0,0,0,0,0,0,0,0,0,0,2,2
business.470,business,1,0,0,0,0,0,0,0,0,0,0,0,0,0,1,0,0,0,1,0,0,0,0,0,0,0,0,0,0,1,0,0,3,0,0,0,0,0,0,0,0,0,0,0,0,0,0,0,1,0
business.471,business,5,1,2,0,0,0,2,0,0,0,0,2,0,0,0,0,1,0,0,0,1,0,0,0,0,0,0,0,0,0,0,0,0,2,1,0,1,2,0,0,0,1,2,0,1,0,0,0,4,1
business.472,business,3,1,2,0,0,1,5,0,1,0,0,2,0,0,4,0,0,0,0,0,0,0,0,0,0,0,0,0,0,0,0,0,2,0,0,1,0,0,0,0,0,0,0,0,0,0,0,0,0,4
business.473,business,0,0,0,0,0,0,0,0,0,0,0,1,0,0,0,0,0,0,0,0,0,0,0,0,0,0,0,0,1,1,0,0,1,0,0,0,0,0,1,0,0,0,0,0,0,0,0,0,0,0
business.474,business,5,0,1,0,0,2,0,0,0,0,0,0,0,0,0,0,0,0,0,0,0,0,0,1,0,0,0,1,1,0,0,0,0,0,2,0,0,0,0,0,0,0,0,0,0,0,0,0,0,0
business.475,business,0,0,0,0,2,0,0,0,0,0,0,0,0,0,0,0,0,1,0,2,0,0,0,1,0,0,0,1,0,0,0,0,0,0,1,0,0,0,0,0,0,0,1,0,0,1,1,0,0,0
business.476,business,0,0,0,0,1,2,0,0,0,0,0,0,0,3,0,0,0,0,2,0,2,0,0,0,0,0,0,1,0,1,1,0,0,0,0,0,1,1,0,0,0,0,1,0,0,0,0,0,1,0
business.477,business,1,0,1,0,1,0,0,0,0,0,1,2,0,2,0,0,0,0,0,0,0,0,0,0,0,0,0,0,0,0,0,0,0,0,0,0,0,1,1,0,0,0,1,0,0,0,0,0,0,0
business.478,business,3,0,0,0,0,0,1,0,0,0,0,3,0,0,0,0,0,0,1,0,0,0,0,1,1,0,0,1,0,0,0,0,0,0,0,0,1,2,0,0,0,0,0,0,1,0,0,0,0,0
business.479,business,4,0,0,0,0,2,0,0,0,0,0,0,0,4,1,0,2,0,0,0,0,0,0,0,0,0,0,1,1,0,0,0,1,1,2,0,0,0,0,0,0,0,4,0,0,0,0,0,0,0
business.480,business,1,0,1,0,0,0,0,1,0,1,0,0,0,1,1,0,0,0,1,1,0,0,0,0,0,0,0,1,0,0,0,1,0,0,1,0,0,0,0,0,0,0,0,0,0,0,1,0,1,0
business.481,business,4,0,4,0,1,0,0,0,0,1,0,0,0,0,0,1,2,0,0,0,0,0,0,0,0,0,0,0,1,0,0,0,1,0,3,1,1,0,0,0,0,0,0,0,0,0,1,0,2,0
business.482,business,1,2,1,0,0,0,0,0,3,0,0,1,0,7,1,0,1,1,0,0,0,0,0,0,0,0,0,0,1,3,0,0,0,0,6,0,1,4,1,0,0,0,2,1,1,0,0,0,0,0
business.483,business,0,0,0,0,0,1,0,0,0,0,0,1,0,1,0,0,0,0,2,0,0,0,0,0,0,0,0,0,0,1,0,0,0,0,0,0,0,0,0,0,0,0,0,0,0,0,1,0,0,0
business.484,business,0,0,0,0,1,0,0,0,0,1,0,1,0,0,0,2,0,0,0,0,0,0,0,0,0,0,0,1,0,0,0,0,0,0,4,0,0,1,0,0,0,0,0,1,0,0,0,0,0,1
business.485,business,0,0,0,0,0,0,0,1,2,0,0,1,0,3,0,2,0,0,5,0,1,0,0,0,0,0,0,5,0,1,0,0,0,0,0,0,0,1,0,0,0,0,0,0,0,0,1,0,0,0
business.486,business,1,0,0,0,0,0,1,0,0,0,1,2,0,7,0,0,0,0,0,0,0,0,0,0,0,0,0,0,0,0,0,0,0,0,0,0,1,0,0,0,0,0,0,0,0,0,0,0,1,0
business.487,business,4,0,3,0,1,1,5,0,6,0,0,1,0,2,0,3,0,0,0,6,0,2,0,1,0,0,0,0,0,2,1,0,1,0,0,0,0,1,2,0,1,0,1,0,0,0,0,0,1,1
business.488,business,6,0,1,0,0,0,0,0,0,0,0,1,0,0,0,0,0,2,0,0,0,0,0,0,0,0,0,1,0,1,1,0,0,0,0,0,2,0,1,0,0,0,0,1,0,0,0,0,0,0
business.489,business,0,0,0,0,1,0,1,1,1,0,0,0,0,0,0,1,0,2,0,1,0,0,0,1,0,1,0,2,0,0,0,0,1,0,1,0,0,0,0,0,0,0,0,0,0,0,0,1,0,0
business.490,business,3,0,0,0,1,2,3,0,0,0,0,1,0,0,0,0,0,0,0,0,0,0,0,0,0,1,0,0,0,0,0,0,0,0,0,0,1,1,0,0,0,0,0,1,0,0,0,0,1,1
business.491,business,1,0,1,0,0,0,1,0,0,0,0,0,0,0,0,0,0,0,0,0,0,0,0,0,0,3,0,0,0,0,0,0,0,0,0,0,0,3,0,0,0,0,0,1,0,0,0,0,0,0
business.492,business,0,0,0,0,0,0,0,0,0,0,0,1,0,0,0,0,0,0,1,0,1,0,0,0,0,0,0,1,0,0,0,0,0,0,0,0,0,0,0,0,0,0,0,0,0,0,0,0,0,0
business.493,business,4,0,0,0,1,2,2,0,1,0,0,0,0,0,0,0,1,0,0,0,0,0,0,0,0,1,0,0,0,2,1,1,0,1,0,2,0,0,0,0,0,0,0,2,0,0,0,0,0,0
business.494,business,2,0,2,0,2,0,1,0,0,1,0,1,0,0,0,1,0,0,15,0,0,0,0,0,0,0,0,5,0,1,1,0,2,0,2,0,1,0,0,0,0,0,0,1,0,0,0,0,0,0
business.495,business,1,7,2,0,1,0,1,1,9,3,0,2,0,0,0,0,0,5,1,1,0,1,0,0,0,0,0,0,0,0,0,1,0,0,0,0,0,12,0,0,1,0,1,0,0,0,0,5,0,1
business.496,business,0,0,0,0,0,0,0,0,0,0,0,0,0,0,0,0,0,1,0,3,0,0,0,1,0,0,0,1,0,0,0,0,0,0,0,0,1,1,0,0,0,0,0,0,1,0,0,0,1,0
business.497,business,1,0,1,0,0,0,1,0,0,0,0,0,0,0,0,0,0,0,0,2,0,0,0,0,0,0,0,2,0,0,0,0,0,0,1,0,0,0,0,0,0,0,0,0,0,0,0,0,0,0
business.498,business,2,1,3,0,0,1,2,1,0,0,0,4,0,2,1,0,0,0,1,0,0,0,0,0,0,0,0,2,1,1,0,0,0,0,2,0,1,1,0,0,0,0,0,0,0,0,0,0,1,0
business.499,business,1,0,0,0,0,0,1,1,0,0,0,0,0,3,0,0,0,0,4,0,0,0,0,2,0,0,0,0,0,1,0,0,0,0,0,0,0,0,0,0,0,0,0,2,0,0,0,0,0,0
business.500,business,0,0,0,0,0,0,0,0,0,0,0,0,0,3,0,0,0,0,1,0,0,0,0,0,0,0,0,1,0,0,1,2,0,0,0,0,0,0,0,0,0,0,0,0,0,0,0,1,0,0
business.501,business,0,0,0,0,0,0,7,0,0,0,0,0,0,2,0,0,0,0,6,0,2,0,0,0,0,2,0,0,0,2,1,0,0,3,0,0,0,2,0,0,0,0,0,0,3,0,0,0,0,0
business.502,business,0,0,0,0,0,1,1,0,0,0,0,0,0,0,0,0,0,0,0,1,0,0,0,0,0,0,0,0,2,1,0,0,1,0,4,0,0,1,0,0,1,0,0,0,1,0,0,0,0,0
business.503,business,2,1,0,0,0,0,0,0,0,0,0,0,0,2,0,0,1,0,0,0,0,0,0,0,0,0,0,1,0,0,0,0,1,0,2,0,2,0,0,0,0,0,0,0,0,0,0,0,1,2
business.504,business,1,3,0,0,1,1,0,0,5,0,0,0,0,2,0,2,0,0,0,3,1,0,0,0,0,0,0,0,0,2,0,0,1,0,0,1,1,1,0,0,0,0,4,1,0,0,0,0,3,0
business.505,business,2,0,0,0,0,0,0,0,1,0,0,1,0,0,0,0,1,0,0,0,0,0,0,0,0,0,0,0,1,0,0,0,1,1,0,0,0,0,0,0,0,0,0,0,0,0,0,0,0,0
business.506,business,1,0,1,0,0,0,0,0,1,0,0,2,0,0,0,0,0,2,0,2,0,0,0,0,0,0,0,0,0,0,0,0,0,0,0,0,0,0,2,0,0,0,0,0,0,0,0,0,0,0
business.507,business,4,0,5,0,0,0,0,0,0,0,0,0,0,1,0,6,1,2,0,0,0,0,0,1,1,0,0,3,0,0,0,3,0,0,0,0,3,0,0,0,0,0,0,0,0,0,0,0,2,2
business.508,business,0,0,0,0,0,1,0,0,0,0,0,0,0,4,0,0,0,0,2,1,0,0,0,0,0,1,0,0,0,0,0,1,0,0,0,0,0,0,0,0,0,0,0,0,0,0,0,0,1,0
business.509,business,4,0,5,0,1,0,0,0,3,0,0,1,0,7,1,1,0,0,2,0,0,1,0,0,0,0,0,1,1,1,0,1,0,0,0,0,1,2,0,0,0,0,0,0,0,0,0,0,0,1
business.510,business,0,0,0,0,0,0,0,0,0,0,0,1,0,0,0,0,0,0,2,0,0,0,0,0,0,0,0,0,0,2,0,0,1,0,0,0,0,0,0,0,0,0,0,0,0,0,0,0,0,0
entertainment.001,entertainment,2,0,2,0,0,0,0,0,0,0,0,1,0,0,1,0,0,0,0,0,0,0,0,0,0,0,0,0,0,0,0,0,1,0,0,0,0,0,0,0,0,0,0,0,0,0,0,0,0,0
entertainment.002,entertainment,0,0,0,0,0,0,0,0,1,0,0,0,0,0,1,0,0,0,0,0,0,0,0,0,0,0,0,0,0,1,0,0,2,0,0,0,1,0,0,0,0,0,0,0,0,0,0,0,1,0
entertainment.003,entertainment,1,0,0,0,0,0,0,0,0,0,0,0,4,0,1,0,1,0,0,0,0,0,6,0,0,0,0,0,0,1,0,0,0,0,0,0,0,0,0,0,0,0,0,0,0,0,0,0,0,0
entertainment.004,entertainment,6,0,1,0,1,0,0,0,1,1,0,1,0,0,1,0,1,0,0,0,0,0,0,0,2,0,0,0,0,0,0,0,1,0,0,0,0,0,0,0,0,0,0,0,0,0,0,0,0,0
entertainment.005,entertainment,0,0,0,0,0,0,0,0,0,1,0,0,3,0,0,0,2,0,0,0,0,0,3,0,0,0,0,0,1,0,0,0,1,0,0,0,0,0,0,0,0,0,0,0,1,0,0,0,0,0
entertainment.006,entertainment,0,0,1,0,0,0,0,0,0,0,3,0,0,0,0,0,0,0,0,0,0,0,1,0,11,0,0,0,0,0,1,0,0,0,0,0,0,0,1,0,0,0,1,0,0,0,0,0,0,0
entertainment.007,entertainment,2,0,2,0,1,2,0,0,1,0,0,0,1,0,0,1,0,0,0,0,0,0,0,0,0,0,2,0,0,0,0,0,3,0,0,0,0,0,1,0,0,0,1,0,0,0,0,0,0,0
entertainment.008,entertainment,0,0,0,0,0,0,0,0,0,0,2,0,0,0,0,0,3,0,0,2,0,0,1,0,7,0,0,0,0,0,0,0,1,0,0,1,0,0,0,0,0,0,1,0,0,0,0,0,0,1
entertainment.009,entertainment,1,0,0,0,2,0,0,0,1,0,0,1,1,0,0,1,1,0,0,0,0,0,0,1,1,0,0,0,0,0,0,0,1,0,0,0,0,0,1,0,0,0,0,0,0,0,0,0,0,0
entertainment.010,entertainment,0,0,0,0,0,0,1,1,1,0,7,0,0,0,1,0,1,2,0,2,1,0,0,0,0,3,0,0,0,0,0,0,0,0,1,0,0,2,0,0,0,0,0,0,0,0,0,2,0,0
entertainment.011,entertainment,1,1,0,0,1,0,0,1,0,0,0,0,1,0,2,0,0,0,0,0,0,1,0,1,0,0,0,0,0,0,0,0,1,0,0,0,0,0,0,0,0,0,0,0,0,0,1,0,0,0
entertainment.012,entertainment,1,0,2,0,1,0,0,0,0,2,2,0,2,0,0,0,0,0,0,0,0,0,0,0,0,0,0,0,0,0,0,0,1,0,0,0,0,0,0,0,1,0,0,0,2,1,0,1,0,0
entertainment.013,entertainment,3,0,2,0,1,2,0,1,1,0,0,0,1,0,1,0,0,0,0,0,0,0,0,0,0,0,4,0,0,0,1,0,3,0,0,0,0,0,1,0,0,0,1,0,0,0,0,0,0,0
entertainment.014,entertainment,3,0,0,0,0,0,0,0,0,0,0,1,0,0,0,1,0,0,0,0,0,0,0,0,1,0,0,0,0,0,0,0,2,0,0,0,0,0,0,0,0,0,1,0,0,0,1,0,0,0
entertainment.015,entertainment,0,0,0,0,1,2,0,0,0,0,0,0,0,0,1,0,0,0,0,0,0,0,0,0,1,0,1,0,0,0,0,0,4,1,0,0,0,0,0,0,0,0,1,0,0,0,0,0,0,0
entertainment.016,entertainment,6,0,0,0,0,2,0,0,1,0,0,2,2,0,4,0,0,0,0,0,1,1,0,0,0,0,0,0,0,0,1,0,0,0,0,0,1,1,0,0,1,0,0,0,0,0,0,0,0,2
entertainment.017,entertainment,1,0,1,0,0,0,0,0,3,0,0,1,0,0,1,3,0,0,0,0,0,0,0,0,0,0,1,0,0,0,0,0,0,0,0,0,0,0,0,0,0,0,1,0,0,0,0,0,0,1
entertainment.018,entertainment,1,0,1,0,0,0,0,1,0,0,0,0,0,0,2,0,0,0,0,0,0,0,0,0,0,0,0,0,0,0,0,0,1,0,0,0,0,0,0,0,0,0,0,0,0,0,0,0,0,1
entertainment.019,entertainment,1,0,1,0,0,0,0,0,0,0,3,0,1,0,0,0,2,0,0,0,0,0,0,0,0,0,0,0,1,0,0,0,1,0,0,0,1,0,0,0,0,0,0,0,0,0,0,0,0,0
entertainment.020,entertainment,0,1,0,0,0,1,1,0,0,1,0,0,0,0,2,1,1,0,0,0,1,0,0,0,1,0,0,0,0,0,1,0,0,0,0,0,0,1,0,0,0,0,0,0,0,1,0,0,0,0
entertainment.021,entertainment,1,1,2,0,0,3,0,0,3,1,2,0,0,2,1,1,1,0,0,0,1,0,1,1,0,0,0,0,0,0,1,0,0,0,0,0,0,0,0,0,0,0,0,0,0,0,0,0,0,0
entertainment.022,entertainment,3,0,0,1,2,0,0,1,1,1,0,2,0,1,3,2,0,0,0,0,4,1,0,0,0,2,0,0,1,0,0,0,0,0,0,1,0,0,0,0,0,0,0,1,1,0,0,2,0,0
entertainment.023,entertainment,0,0,0,0,2,1,0,0,1,0,0,0,0,0,0,0,0,0,0,0,0,0,1,0,1,0,0,0,0,0,0,0,3,0,0,0,0,0,0,0,0,0,0,0,1,0,0,0,0,0
entertainment.024,entertainment,4,1,1,0,0,0,0,0,0,0,0,0,0,0,3,0,0,0,0,2,0,0,0,0,0,0,1,0,0,0,0,0,0,0,1,0,0,0,1,0,0,0,1,0,0,0,1,0,0,0
entertainment.025,entertainment,2,0,2,0,1,0,0,0,0,0,0,0,0,0,0,1,1,0,0,0,0,1,0,0,0,0,0,0,1,0,1,0,0,1,0,0,0,0,0,0,0,0,1,0,0,0,0,0,0,0
entertainment.026,entertainment,1,0,0,0,0,0,0,0,1,0,0,0,0,0,1,4,0,0,0,0,0,0,0,0,0,0,0,0,5,0,0,0,1,2,0,0,0,2,1,0,0,0,0,0,0,0,0,0,1,0
entertainment.027,entertainment,2,1,1,0,0,1,0,1,0,2,0,0,2,0,4,0,1,0,0,0,0,0,0,0,0,0,0,0,0,0,1,0,0,1,0,0,0,0,0,0,0,0,1,0,0,0,2,0,0,1
entertainment.028,entertainment,0,0,0,0,0,1,0,0,0,0,0,1,5,0,0,0,0,0,0,0,0,0,0,0,1,1,0,0,0,0,0,0,1,0,0,0,0,0,0,0,0,0,0,0,0,0,0,0,0,0
entertainment.029,entertainment,0,0,1,0,1,1,0,1,0,0,0,0,9,0,0,0,0,0,0,0,0,0,0,0,0,0,0,0,1,0,0,0,0,0,0,0,0,2,0,0,0,0,0,0,0,0,0,0,0,0
entertainment.030,entertainment,1,0,0,0,0,0,0,0,0,0,0,1,8,0,0,0,0,0,0,0,0,0,0,0,12,0,0,0,0,0,0,0,1,2,0,0,0,0,0,0,0,0,0,0,0,0,0,0,0,0
entertainment.031,entertainment,3,1,1,0,0,0,0,0,0,0,1,1,0,0,0,0,6,0,0,0,0,0,0,1,0,0,0,0,0,0,0,0,0,0,0,0,0,0,0,0,0,0,0,0,0,0,0,2,0,0
entertainment.032,entertainment,2,4,1,0,0,1,0,0,2,0,0,0,6,0,1,0,0,2,0,0,3,2,0,1,0,0,0,0,0,0,3,0,0,0,0,0,0,0,0,0,0,0,1,0,1,0,1,0,0,0
entertainment.033,entertainment,1,0,0,1,1,2,0,3,0,1,0,1,5,0,0,0,0,0,0,0,0,1,0,0,0,0,0,0,0,0,0,0,3,0,0,0,0,0,0,0,0,0,0,0,0,0,1,0,0,0
entertainment.034,entertainment,1,0,1,0,0,0,0,0,0,0,1,0,10,1,1,0,0,0,0,0,0,0,0,0,4,0,0,0,0,0,0,0,3,0,0,0,0,0,0,0,0,0,0,0,0,0,0,0,0,0
entertainment.035,entertainment,0,0,0,0,0,1,0,1,0,0,0,0,6,0,0,0,0,0,0,0,0,1,0,1,2,0,0,0,0,0,0,0,1,0,0,0,0,0,0,0,2,0,0,0,0,0,0,0,1,0
entertainment.036,entertainment,1,0,0,0,1,0,0,0,0,2,2,0,2,0,1,1,0,0,0,0,0,0,0,0,0,0,0,0,1,0,0,0,1,1,0,0,0,0,0,0,1,0,0,0,0,0,0,0,0,0
entertainment.037,entertainment,0,1,0,0,0,2,1,0,1,0,0,1,5,0,1,0,0,0,0,1,0,0,0,0,0,0,0,0,0,2,0,0,0,0,0,0,0,0,0,0,0,0,2,0,0,0,0,0,1,0
entertainment.038,entertainment,1,0,2,0,0,0,0,0,0,0,0,1,6,0,0,2,0,0,0,2,0,0,0,0,7,0,0,0,0,0,0,0,3,0,0,0,0,0,0,0,0,0,0,0,0,0,0,1,2,0
entertainment.039,entertainment,1,1,0,0,0,0,0,0,0,1,1,2,8,0,0,0,0,0,0,0,0,0,0,0,6,0,1,0,2,0,0,0,0,1,0,0,0,0,0,0,0,0,0,0,0,0,0,0,0,1
entertainment.040,entertainment,2,0,1,0,0,1,0,0,0,2,0,1,5,0,0,0,0,0,0,0,0,0,0,0,0,0,1,0,0,0,0,0,0,1,0,0,0,0,0,0,1,0,1,0,0,0,0,0,0,1
entertainment.041,entertainment,4,0,0,0,0,0,0,0,0,0,0,0,4,0,1,0,0,0,0,0,0,0,0,0,0,0,0,1,0,0,0,0,0,1,0,0,0,0,0,0,0,0,0,0,0,0,0,0,0,0
entertainment.042,entertainment,0,0,1,0,1,2,0,0,0,0,0,0,9,0,1,0,0,0,0,0,0,0,3,0,1,0,0,0,0,0,0,0,0,0,0,0,0,0,0,0,0,0,0,0,0,0,0,0,0,0
entertainment.043,entertainment,3,0,1,0,0,0,0,0,0,0,0,0,2,0,0,0,0,0,0,0,1,0,0,0,0,0,0,0,0,0,0,1,3,1,0,1,0,0,0,0,1,0,0,0,0,0,0,0,0,0
entertainment.044,entertainment,1,0,0,0,0,0,0,0,0,0,1,0,5,0,1,0,0,0,0,0,0,0,0,0,1,0,0,0,0,0,0,0,3,0,0,1,0,0,0,0,0,0,0,0,0,0,0,0,0,1
entertainment.045,entertainment,2,1,0,0,0,0,0,0,0,0,1,0,6,0,0,0,0,0,0,1,0,0,1,0,2,0,0,0,0,0,0,0,1,0,0,0,0,0,0,0,0,0,2,0,0,0,0,0,0,0
entertainment.046,entertainment,5,0,0,0,0,0,0,0,1,0,0,0,7,0,0,0,1,0,0,0,0,0,0,0,0,0,0,0,1,0,0,0,0,0,0,0,0,0,0,0,0,0,0,0,0,0,0,0,1,0
entertainment.047,entertainment,0,0,1,0,0,0,0,0,0,0,2,1,8,0,0,0,2,0,0,0,0,0,0,0,3,0,0,0,0,0,0,0,2,0,0,0,0,0,0,0,0,0,0,0,0,0,0,0,0,1
entertainment.048,entertainment,0,0,0,0,0,0,0,0,1,0,0,2,5,0,0,0,1,0,0,0,0,0,0,0,0,0,0,0,0,0,0,0,0,0,0,0,0,1,0,0,1,0,0,0,0,0,0,0,0,0
entertainment.049,entertainment,0,0,1,0,1,2,0,0,0,0,1,1,6,1,0,0,0,0,0,0,0,0,0,0,0,0,0,0,5,0,0,0,0,0,0,0,0,0,0,0,0,0,0,0,5,0,0,0,1,2
entertainment.050,entertainment,0,0,0,0,0,0,0,0,0,0,1,0,2,0,0,0,0,0,1,0,0,0,0,0,0,0,0,0,0,0,0,0,0,0,0,0,0,0,1,0,0,0,0,0,0,0,0,0,0,0
entertainment.051,entertainment,1,0,0,0,0,0,0,1,0,1,2,0,4,0,0,0,0,0,0,0,0,2,0,0,4,0,2,0,0,0,0,0,0,0,0,0,1,1,0,0,1,0,0,0,1,0,0,0,0,0
entertainment.052,entertainment,0,1,1,0,1,0,0,1,0,2,0,0,3,0,1,0,0,1,0,0,0,0,0,1,0,2,0,1,0,0,0,0,2,0,0,0,0,0,0,0,0,0,0,0,0,0,1,0,0,0
entertainment.053,entertainment,1,1,0,0,1,0,0,1,0,1,0,1,5,0,0,0,0,0,0,0,0,1,0,0,0,0,0,1,2,0,0,0,2,0,0,0,0,0,0,0,1,0,0,0,1,0,0,0,0,1
entertainment.054,entertainment,2,2,1,0,1,0,0,1,0,0,0,1,7,0,0,0,0,0,0,2,0,0,0,0,0,0,0,0,0,0,0,0,0,0,0,0,0,0,1,0,0,0,1,0,0,0,1,0,0,0
entertainment.055,entertainment,0,0,4,0,0,0,0,0,0,0,0,0,3,0,0,0,2,0,0,0,0,0,0,1,2,0,0,0,0,0,1,0,0,0,0,0,0,0,0,0,0,0,0,0,0,0,1,1,2,0
entertainment.056,entertainment,1,0,0,3,2,0,0,0,0,0,2,0,4,1,0,0,0,1,0,0,0,0,0,0,0,2,1,0,0,0,0,0,0,1,0,0,0,0,1,0,1,0,0,0,0,0,2,0,0,0
entertainment.057,entertainment,3,1,0,0,0,0,0,1,0,0,0,0,4,0,0,0,0,0,0,2,0,0,0,0,0,0,0,0,0,0,1,2,0,0,0,0,0,1,0,0,0,0,0,0,1,0,0,0,0,0
entertainment.058,entertainment,3,0,0,0,0,0,0,0,0,0,0,0,7,0,0,0,1,2,0,1,0,1,0,0,0,1,1,1,0,0,0,0,0,0,0,0,0,0,0,0,0,0,0,0,0,0,0,0,0,0
entertainment.059,entertainment,4,0,0,0,0,1,0,0,0,0,0,0,3,0,0,0,0,1,0,0,0,0,0,1,0,0,0,0,0,0,2,0,2,0,0,2,0,0,0,0,0,0,0,0,0,0,0,6,0,1
entertainment.060,entertainment,0,0,0,0,0,0,0,0,0,1,1,1,3,0,0,1,0,0,0,0,0,0,0,0,0,0,0,0,4,0,1,0,0,0,0,0,0,0,0,0,0,0,0,0,0,0,0,0,0,2
entertainment.061,entertainment,2,0,3,0,0,4,0,1,2,2,2,1,11,0,1,0,0,0,0,0,2,0,0,0,2,1,0,0,2,0,0,1,2,0,0,1,0,0,0,0,0,0,0,2,1,0,0,1,0,0
entertainment.062,entertainment,3,0,0,0,0,2,0,0,0,0,0,0,4,0,0,0,0,0,0,0,0,0,0,0,11,0,2,0,0,0,0,0,2,0,0,0,0,0,0,0,1,0,1,0,0,0,0,0,0,0
entertainment.063,entertainment,1,0,1,0,0,0,1,0,1,0,0,1,13,0,0,0,0,0,0,1,0,0,0,1,5,0,0,0,1,0,0,0,1,0,0,0,1,0,0,0,0,0,0,0,0,0,0,0,0,1
entertainment.064,entertainment,3,0,0,0,2,0,0,0,1,0,1,0,4,0,0,3,3,1,0,0,0,0,0,0,8,1,3,0,0,0,0,0,4,2,1,0,0,0,1,0,1,0,0,2,1,0,1,0,1,0
entertainment.065,entertainment,2,1,1,0,0,0,0,0,0,0,0,1,6,0,0,0,0,0,0,0,0,0,0,0,1,0,0,0,0,0,2,0,0,1,1,0,0,2,1,0,0,0,0,0,0,0,0,0,1,0
entertainment.066,entertainment,8,0,1,0,1,0,0,0,0,0,0,0,2,0,0,0,0,0,0,0,0,0,0,1,0,0,0,3,1,0,0,0,0,1,0,0,0,0,1,0,0,0,0,0,0,0,0,0,2,2
entertainment.067,entertainment,1,1,0,0,0,0,0,0,1,1,2,1,5,0,0,0,1,0,0,0,1,0,1,0,4,0,1,0,0,0,0,0,1,0,0,0,0,0,1,0,0,0,0,0,0,0,0,0,0,0
entertainment.068,entertainment,0,0,0,0,0,0,0,0,0,0,2,0,5,0,0,1,0,0,0,0,0,0,0,0,0,0,0,0,0,0,1,0,0,0,2,0,0,0,0,0,0,0,0,0,0,0,0,0,0,0
entertainment.069,entertainment,1,0,0,0,0,0,0,1,0,1,2,0,4,0,0,0,0,0,0,0,0,2,0,0,4,0,1,0,0,0,1,0,0,0,0,0,1,1,0,0,1,0,0,0,1,0,0,0,0,0
entertainment.070,entertainment,1,0,1,0,0,1,0,0,0,0,0,1,5,0,1,1,1,0,0,0,0,0,0,0,7,0,0,0,0,0,0,1,0,0,0,0,0,0,0,0,0,0,1,0,0,0,0,1,0,0
entertainment.071,entertainment,0,0,2,0,0,0,0,0,1,0,1,0,5,0,0,1,0,0,0,0,0,0,0,0,0,0,0,0,0,0,0,0,0,0,0,0,0,0,0,0,1,0,0,0,1,0,0,0,0,0
entertainment.072,entertainment,0,0,3,0,0,0,0,0,1,0,0,0,6,0,0,0,0,1,0,0,0,1,0,0,0,0,0,0,1,0,1,0,0,1,0,0,0,0,0,0,0,0,0,0,3,0,0,0,1,1
entertainment.073,entertainment,0,0,1,0,0,2,0,0,0,0,0,0,8,0,0,0,0,0,0,0,0,0,0,0,4,0,0,0,3,0,2,0,1,0,0,0,0,0,0,0,0,0,0,0,1,0,0,0,0,2
entertainment.074,entertainment,0,0,2,0,2,0,0,0,0,0,0,0,2,0,0,0,0,0,0,0,0,1,0,0,0,0,0,0,2,0,0,0,0,0,0,0,0,0,0,0,0,0,0,0,1,0,0,0,0,2
entertainment.075,entertainment,4,0,0,0,1,0,0,0,0,0,0,0,4,0,0,0,0,0,0,0,0,0,0,0,6,0,1,0,0,0,0,0,2,1,0,0,0,0,0,0,0,0,0,0,0,0,0,0,0,0
entertainment.076,entertainment,2,0,0,0,0,0,0,0,0,0,0,0,4,0,0,0,0,0,0,0,0,0,0,0,0,0,0,0,0,0,2,0,0,0,0,0,0,0,1,0,0,0,0,0,1,0,0,0,0,0
entertainment.077,entertainment,1,0,1,0,0,1,0,0,0,1,0,1,6,0,1,0,0,0,0,0,0,2,0,0,0,0,0,0,0,0,0,0,0,0,0,0,0,0,3,0,0,0,0,0,0,0,4,0,0,0
entertainment.078,entertainment,2,1,0,0,2,1,0,0,0,0,0,0,2,0,0,0,0,0,0,0,0,0,0,0,7,0,5,0,0,0,3,0,0,0,1,0,0,0,0,0,0,0,0,0,0,0,1,0,0,0
entertainment.079,entertainment,1,0,2,0,0,0,0,0,4,0,0,1,6,0,0,0,0,0,0,0,0,0,0,0,0,0,1,0,0,0,0,0,2,0,0,0,0,0,1,0,0,0,0,0,0,0,0,3,0,0
entertainment.080,entertainment,0,1,1,0,0,0,0,0,0,0,0,0,3,0,0,0,4,0,0,0,1,0,0,0,0,0,0,0,0,0,0,0,0,1,0,0,0,0,0,0,0,0,1,0,1,0,0,3,0,0
entertainment.081,entertainment,1,3,2,0,3,1,0,0,1,0,1,0,1,0,0,0,1,0,0,0,0,0,0,0,1,0,0,0,0,0,0,0,2,1,0,0,0,0,0,0,2,0,0,0,1,0,1,0,1,0
entertainment.082,entertainment,1,1,0,0,0,0,0,0,0,1,1,2,8,0,0,0,0,0,0,0,0,0,0,0,6,0,1,0,2,0,0,0,0,1,0,0,0,0,0,0,0,0,0,0,0,0,0,0,0,1
entertainment.083,entertainment,0,0,0,0,0,0,0,0,0,0,0,0,3,0,0,0,0,0,0,0,0,0,0,0,0,0,0,0,1,0,1,0,0,0,0,0,0,0,0,0,0,0,0,0,3,0,0,0,0,0
entertainment.084,entertainment,3,0,1,0,0,0,0,0,0,0,0,0,1,0,0,0,0,0,0,0,0,0,0,0,2,0,0,0,0,0,2,0,3,0,0,0,0,0,0,0,0,0,0,0,0,0,0,0,1,0
entertainment.085,entertainment,0,1,1,0,0,0,0,0,0,0,0,1,14,0,0,0,2,6,0,1,0,0,0,0,0,0,0,0,0,2,1,0,0,0,0,0,0,0,0,0,0,0,0,1,0,0,0,1,0,0
entertainment.086,entertainment,2,0,0,0,0,0,0,0,1,0,1,0,2,0,0,2,0,0,0,0,0,0,0,1,10,0,5,0,0,0,1,0,0,0,0,0,0,0,0,0,0,0,0,0,0,0,0,0,0,0
entertainment.087,entertainment,2,0,0,0,0,2,0,0,1,0,0,1,5,0,0,1,0,0,0,0,0,0,0,0,0,0,0,0,0,0,0,0,0,1,0,1,0,1,1,0,0,0,0,0,1,0,0,0,0,0
entertainment.088,entertainment,0,0,2,0,2,0,0,0,0,0,0,0,2,0,0,0,0,0,0,0,0,1,0,0,0,0,0,0,2,0,0,0,0,0,0,0,0,0,0,0,0,0,0,0,1,0,0,0,0,2
entertainment.089,entertainment,2,0,0,0,0,0,0,0,0,0,2,0,2,0,0,0,1,0,0,0,0,0,0,0,1,0,0,0,0,0,0,0,0,0,0,0,0,0,0,0,0,0,0,0,0,0,0,0,0,1
entertainment.090,entertainment,1,0,2,0,0,2,0,1,0,0,0,0,11,0,1,0,0,0,0,0,0,0,1,0,0,0,0,0,0,0,0,0,1,1,0,0,0,0,1,0,0,0,0,0,0,0,0,0,0,1
entertainment.091,entertainment,2,0,0,0,0,0,0,0,0,0,0,1,5,0,0,0,0,0,0,0,0,1,0,0,8,0,2,0,0,0,1,0,1,0,0,0,0,0,0,0,0,0,0,0,0,0,0,0,0,0
entertainment.092,entertainment,1,0,0,0,0,1,0,0,0,0,0,1,0,0,0,0,0,0,0,0,0,0,1,0,2,0,0,0,0,0,1,0,0,0,0,0,0,0,0,0,0,0,0,0,0,0,0,0,0,0
entertainment.093,entertainment,1,1,0,0,0,1,0,0,0,2,0,0,1,0,1,0,0,0,0,0,0,1,0,0,0,0,0,0,0,0,0,0,1,3,0,0,0,0,0,0,0,0,0,0,0,0,0,0,0,0
entertainment.094,entertainment,0,1,1,0,1,1,0,0,0,0,0,0,7,0,1,0,0,0,0,2,1,0,0,0,1,4,0,0,1,0,0,0,0,1,0,0,0,0,0,0,0,0,0,0,0,0,0,0,0,0
entertainment.095,entertainment,1,0,2,0,1,0,0,0,1,0,1,1,5,0,1,1,2,0,0,0,0,0,4,0,22,0,4,0,0,0,0,0,0,0,1,0,0,0,0,0,0,0,0,0,0,0,0,1,0,2
entertainment.096,entertainment,2,0,1,0,0,0,0,0,0,0,0,0,6,0,0,0,1,0,0,1,0,0,0,1,0,0,0,0,0,0,1,0,5,0,0,0,0,0,0,0,0,0,0,0,0,0,1,0,0,0
entertainment.097,entertainment,0,3,1,0,0,0,0,0,0,0,0,0,8,0,1,0,1,0,0,0,0,0,0,0,5,1,1,0,0,0,0,0,0,0,0,0,0,1,0,0,0,0,0,0,0,0,0,0,0,1
entertainment.098,entertainment,2,0,1,0,0,1,0,0,0,0,1,1,1,0,1,1,0,0,0,0,0,0,0,0,0,0,0,0,0,1,0,0,0,0,0,0,0,0,0,0,0,0,0,0,0,0,0,0,0,0
entertainment.099,entertainment,3,0,0,0,0,1,0,0,0,0,0,0,12,0,0,1,0,0,0,0,0,0,0,0,0,0,0,0,0,0,1,0,2,0,0,1,0,0,1,0,0,0,0,0,0,0,0,0,0,1
entertainment.100,entertainment,7,0,1,0,0,0,0,0,0,0,0,0,2,0,0,0,0,0,0,0,0,0,0,0,0,0,0,0,1,0,3,0,0,0,0,0,0,0,1,0,0,0,0,0,3,0,0,0,0,0
entertainment.101,entertainment,3,1,0,0,0,0,0,0,3,0,1,1,9,0,1,0,0,0,0,0,1,0,0,0,0,0,0,0,0,0,0,0,3,0,0,0,0,1,0,0,0,0,0,0,0,0,2,0,0,1
entertainment.102,entertainment,1,0,0,0,1,1,0,0,0,0,0,0,7,0,0,0,0,0,0,0,0,0,0,0,0,0,0,0,1,0,0,0,2,0,0,0,0,0,1,0,0,0,0,0,0,0,0,0,0,0
entertainment.103,entertainment,3,0,1,1,2,6,0,1,0,0,1,1,0,1,2,7,0,0,0,0,0,0,7,0,0,0,0,0,2,1,0,0,3,0,1,0,2,0,0,0,0,0,2,0,1,0,0,0,0,0
entertainment.104,entertainment,0,0,0,0,1,1,0,0,0,0,1,0,0,0,0,0,2,0,0,0,0,0,1,0,0,0,0,0,0,0,0,0,0,0,1,0,0,0,0,0,0,0,2,0,0,0,0,0,0,0
entertainment.105,entertainment,2,0,1,0,1,1,0,1,0,0,2,0,1,1,1,0,1,0,0,0,1,0,1,0,3,0,0,0,1,3,3,0,3,0,0,0,0,0,0,0,0,0,0,0,0,0,0,0,0,1
entertainment.106,entertainment,2,0,1,0,0,0,0,0,0,0,0,0,0,0,0,0,1,0,0,0,0,0,0,0,1,0,0,0,1,0,0,0,1,0,0,1,0,1,0,0,0,0,0,0,0,0,0,0,0,0
entertainment.107,entertainment,1,0,0,0,0,0,0,0,0,0,1,0,0,0,0,0,2,0,0,0,0,0,3,0,0,0,0,0,0,0,1,0,3,0,0,0,0,0,0,1,0,0,0,0,2,0,0,2,0,0
entertainment.108,entertainment,0,1,1,0,0,0,0,0,0,0,0,0,0,0,0,0,0,0,0,1,0,0,0,0,0,2,0,0,0,0,0,0,1,0,1,0,1,0,0,0,0,0,2,1,0,0,0,0,1,0
entertainment.109,entertainment,1,0,5,0,0,1,0,0,0,0,0,1,0,1,0,0,0,0,0,0,0,0,0,1,0,0,0,1,6,0,0,0,1,0,0,0,0,0,0,0,0,0,0,1,5,0,0,0,0,2
entertainment.110,entertainment,0,0,0,0,2,0,0,0,0,0,0,1,0,0,0,0,0,0,0,0,0,1,0,0,0,0,0,0,0,0,0,0,0,0,0,0,0,0,1,0,1,0,0,0,0,0,0,0,1,0
entertainment.111,entertainment,2,0,0,0,0,0,0,1,0,0,4,0,0,0,0,0,0,0,0,0,0,0,0,1,0,1,0,0,0,0,0,0,2,0,0,0,0,0,1,0,0,0,0,0,0,0,0,0,0,1
entertainment.112,entertainment,1,0,5,0,1,1,0,0,0,0,0,0,0,1,0,5,0,0,0,1,0,0,0,0,0,0,0,0,4,0,0,0,0,0,0,0,0,0,2,0,0,0,1,0,2,0,0,0,0,0
entertainment.113,entertainment,0,0,0,0,0,0,0,0,0,1,1,0,0,0,0,0,0,0,0,0,1,0,2,0,0,1,0,0,0,1,0,0,0,0,0,0,0,0,1,0,0,0,0,1,0,0,0,0,1,0
entertainment.114,entertainment,0,0,0,0,2,0,0,0,0,0,0,0,0,0,0,0,0,0,1,0,0,0,0,0,0,2,0,0,0,0,0,0,1,0,1,0,0,0,0,0,1,0,1,0,0,0,0,0,0,0
entertainment.115,entertainment,2,0,0,0,0,0,0,0,0,0,0,2,0,3,1,0,1,1,0,1,0,0,1,0,0,0,0,0,0,0,0,0,0,0,0,0,0,0,0,0,0,0,0,0,0,0,0,0,0,1
entertainment.116,entertainment,1,0,0,0,0,1,0,0,0,0,1,0,1,0,0,0,0,0,0,0,0,0,3,0,0,0,0,0,0,0,0,0,3,0,0,0,1,0,0,0,0,0,1,0,0,0,0,0,0,0
entertainment.117,entertainment,1,0,2,0,0,0,0,0,0,0,0,1,0,4,0,0,0,0,0,0,0,1,2,0,0,0,0,0,0,0,0,0,3,1,0,0,0,0,0,0,0,0,0,0,0,0,0,0,0,0
entertainment.118,entertainment,1,0,1,0,0,0,0,0,1,1,5,1,0,0,0,1,3,0,0,0,2,0,0,0,0,0,0,0,0,0,0,0,0,2,0,0,0,0,1,1,0,0,0,0,0,0,0,0,0,0
entertainment.119,entertainment,1,0,1,0,0,3,0,1,0,0,0,0,0,0,0,0,0,0,0,0,0,0,1,0,0,0,0,0,0,0,0,0,0,0,0,0,0,2,0,0,2,0,0,0,0,0,1,0,1,0
entertainment.120,entertainment,3,1,4,0,5,2,0,4,4,0,2,0,0,0,3,1,1,0,0,1,0,1,2,1,1,0,0,0,0,0,0,0,0,0,0,1,0,0,0,3,1,0,0,0,1,0,0,0,0,0
entertainment.121,entertainment,1,0,0,0,2,0,0,0,0,0,0,1,0,0,0,0,0,0,0,0,1,0,5,2,4,0,0,0,0,0,1,0,1,1,0,0,0,0,0,0,0,0,0,0,0,2,1,1,0,1
entertainment.122,entertainment,2,2,5,0,1,2,0,5,3,1,1,2,0,0,0,2,0,1,0,0,1,3,8,0,1,1,0,0,0,0,0,1,0,1,0,1,1,1,1,0,5,0,2,0,3,3,0,1,0,2
entertainment.123,entertainment,1,0,1,0,0,1,0,0,0,0,0,1,0,1,0,0,0,2,0,0,0,0,0,0,0,0,0,0,1,0,0,0,0,0,0,0,0,0,0,0,1,0,0,0,1,0,0,0,0,0
entertainment.124,entertainment,0,0,0,0,0,0,0,0,0,0,0,0,0,0,2,0,1,0,0,0,0,0,0,0,0,0,0,0,0,0,0,0,0,0,0,0,0,0,0,0,0,0,0,0,0,0,0,0,0,0
entertainment.125,entertainment,3,0,0,0,0,0,0,1,0,0,0,0,0,0,0,0,0,0,0,0,0,0,1,0,7,0,0,0,0,0,0,0,0,0,0,0,0,0,0,0,1,0,1,0,0,0,0,0,0,0
entertainment.126,entertainment,0,0,3,0,0,0,0,0,0,0,0,0,0,0,0,2,0,0,0,0,0,0,0,0,0,0,0,0,10,0,0,0,0,0,0,0,0,0,0,0,0,0,0,0,0,0,0,0,0,1
entertainment.127,entertainment,3,0,1,1,2,6,0,1,0,0,1,1,0,1,2,7,0,0,0,0,0,0,7,0,0,0,0,0,2,1,0,0,3,0,1,0,2,0,0,0,0,0,2,0,1,0,0,0,0,0
entertainment.128,entertainment,4,0,1,0,0,0,0,0,0,0,0,0,0,0,0,0,0,0,0,0,0,0,2,0,0,0,0,0,3,0,0,0,0,1,0,0,0,0,0,0,0,0,1,0,0,0,0,0,0,0
entertainment.129,entertainment,0,0,4,0,0,0,0,0,0,0,0,2,0,0,0,1,0,0,0,0,0,0,0,1,3,0,0,0,16,0,0,0,1,0,0,0,0,0,0,0,0,0,0,0,2,0,0,0,0,4
entertainment.130,entertainment,0,1,2,0,0,0,0,1,1,1,0,0,0,0,2,0,0,1,0,0,0,0,1,1,0,0,0,0,1,1,1,0,2,1,0,0,0,0,0,0,1,0,0,0,1,0,0,0,0,0
entertainment.131,entertainment,2,3,0,0,0,0,22,5,1,4,0,0,0,1,1,0,1,0,0,2,2,1,27,2,2,1,0,0,0,0,0,1,2,1,0,2,0,0,0,0,0,0,0,3,1,2,1,0,1,1
entertainment.132,entertainment,6,0,1,0,2,1,0,2,1,0,0,0,1,0,1,1,0,3,0,0,0,0,4,1,0,0,0,0,1,0,0,0,0,0,0,1,0,0,0,0,0,0,0,0,0,0,0,1,0,1
entertainment.133,entertainment,6,1,0,1,1,1,0,0,0,1,1,0,0,0,0,0,6,0,0,0,0,0,1,1,0,0,0,0,1,0,0,0,1,0,0,0,0,0,1,0,0,0,2,0,0,0,0,0,0,1
entertainment.134,entertainment,1,0,0,0,0,0,0,1,0,0,0,0,0,0,1,2,1,1,0,0,1,0,2,0,1,2,0,0,2,0,0,0,0,2,0,0,0,0,0,0,0,0,0,0,0,0,1,0,0,0
entertainment.135,entertainment,1,0,2,0,0,0,0,0,0,0,0,0,0,0,1,0,0,0,0,0,0,0,1,1,0,0,0,0,0,0,0,0,0,0,0,0,1,0,0,0,1,0,0,0,0,0,0,0,0,0
entertainment.136,entertainment,1,0,5,0,1,2,0,0,0,0,0,0,0,0,0,0,0,1,0,0,0,0,1,0,0,0,0,0,4,0,0,0,3,0,0,0,0,0,1,0,0,0,1,0,0,1,0,0,0,0
entertainment.137,entertainment,3,1,1,0,0,0,0,2,1,4,0,0,0,0,1,0,0,0,0,0,1,0,0,0,0,0,0,0,0,0,1,0,1,1,0,1,0,0,0,0,0,0,2,0,0,0,0,0,2,0
entertainment.138,entertainment,1,0,1,0,0,0,0,2,0,0,2,0,0,2,0,1,1,0,1,0,0,0,1,0,0,0,0,0,1,0,1,0,0,0,0,0,0,0,0,0,1,0,0,0,0,0,1,0,1,0
entertainment.139,entertainment,4,0,1,0,0,1,0,0,1,0,3,0,0,0,0,1,2,0,0,0,0,0,0,0,2,0,0,0,1,0,0,0,2,0,0,0,1,1,0,0,0,0,0,0,1,0,0,0,0,0
entertainment.140,entertainment,0,1,0,0,0,1,0,0,0,0,2,3,0,0,0,0,1,0,0,0,0,0,0,0,0,0,0,0,0,0,0,0,0,0,0,0,0,1,0,0,1,0,2,0,1,0,0,0,0,1
entertainment.141,entertainment,3,1,3,0,0,2,0,0,0,3,0,3,0,0,4,1,0,0,0,0,3,2,0,1,0,0,0,0,0,0,2,0,2,1,0,1,0,0,0,0,0,0,1,0,0,0,0,0,0,0
entertainment.142,entertainment,2,0,1,1,1,2,0,0,0,0,2,0,0,1,0,5,2,1,0,0,1,0,7,0,0,0,0,0,0,0,1,0,3,0,0,0,0,1,1,0,0,0,0,0,0,2,0,4,0,1
entertainment.143,entertainment,1,0,1,0,2,0,0,2,2,0,0,1,0,1,0,1,0,0,0,0,1,0,2,0,1,0,1,0,2,0,0,0,0,0,0,0,0,1,0,0,0,0,2,0,1,0,0,0,1,1
entertainment.144,entertainment,1,0,4,0,0,0,0,0,1,0,0,0,0,0,0,0,0,0,0,0,0,1,0,0,0,0,0,0,7,0,1,0,0,0,0,0,0,0,0,0,0,0,0,0,1,0,0,0,0,1
entertainment.145,entertainment,6,1,0,1,1,1,0,0,0,1,1,0,0,0,0,0,6,0,0,0,0,0,1,1,0,0,0,0,1,0,0,0,1,0,0,0,0,0,1,0,0,0,2,0,0,0,0,0,0,1
entertainment.146,entertainment,2,0,1,0,1,0,0,1,0,0,0,1,0,0,0,0,1,0,0,0,0,0,0,0,2,0,0,0,0,1,0,0,1,0,1,0,1,0,0,0,0,0,0,0,0,0,0,0,0,0
entertainment.147,entertainment,0,0,2,0,0,0,0,0,0,0,0,0,0,0,0,0,0,0,0,0,0,0,2,0,0,0,1,0,0,0,0,0,0,0,0,0,0,0,0,0,0,0,0,0,0,0,0,0,0,2
entertainment.148,entertainment,1,3,0,0,0,0,0,0,0,1,0,0,0,0,4,2,0,0,0,0,0,0,16,1,0,1,0,0,0,1,0,0,3,0,0,1,0,0,0,0,0,0,0,0,0,0,0,1,0,0
entertainment.149,entertainment,1,0,1,0,1,0,0,1,0,0,0,1,0,0,1,0,0,1,0,0,0,0,1,0,0,0,0,0,0,0,1,0,0,0,0,0,1,0,1,0,3,0,1,0,0,0,0,0,1,0
entertainment.150,entertainment,6,0,0,0,0,0,0,0,0,0,0,0,0,0,0,0,0,0,0,0,0,0,0,0,1,0,0,0,0,0,0,0,3,0,0,0,0,0,0,0,0,0,0,0,0,0,0,0,0,0
entertainment.151,entertainment,1,0,3,0,0,0,0,0,0,0,2,3,1,0,0,2,1,0,0,1,0,2,1,0,0,0,0,0,1,0,0,0,2,0,0,0,0,0,0,0,1,0,0,0,0,0,0,4,1,1
entertainment.152,entertainment,1,1,0,0,0,1,0,0,0,0,0,1,0,0,0,0,0,0,0,0,2,0,1,0,0,0,0,0,0,0,2,0,2,0,0,0,0,0,2,0,1,0,7,0,0,0,0,0,0,0
entertainment.153,entertainment,4,1,3,0,0,0,0,1,1,2,0,0,0,0,0,2,1,1,0,0,0,1,2,0,17,1,2,0,0,0,1,0,0,0,0,0,0,0,0,0,0,0,2,1,0,0,0,0,0,4
entertainment.154,entertainment,1,0,2,0,3,0,0,0,0,0,0,2,0,0,0,0,0,0,0,0,0,0,0,0,0,0,0,0,0,0,0,0,0,0,0,0,0,0,0,0,0,0,3,0,0,0,0,0,0,1
entertainment.155,entertainment,1,0,1,0,0,1,0,0,0,0,0,0,0,0,1,0,0,0,0,0,1,0,0,0,0,0,0,0,0,0,0,0,1,0,0,0,0,0,5,0,0,0,0,0,0,0,0,0,0,1
entertainment.156,entertainment,2,0,1,0,0,0,0,0,0,0,0,2,0,0,1,1,0,0,0,0,0,0,4,0,10,0,0,0,1,0,1,0,3,0,0,0,0,0,0,0,0,0,0,0,0,0,0,0,0,1
entertainment.157,entertainment,2,0,0,0,0,1,0,0,1,0,0,0,0,0,0,1,0,0,0,0,0,0,0,0,0,0,1,0,0,0,0,0,1,0,0,0,0,0,1,0,0,0,1,0,1,0,0,0,0,0
entertainment.158,entertainment,1,0,1,0,0,0,0,2,0,0,2,0,0,2,0,1,1,0,1,0,0,0,1,0,0,0,0,0,1,0,1,0,0,0,0,0,0,0,0,0,1,0,0,0,0,0,1,0,1,0
entertainment.159,entertainment,2,0,3,0,0,1,0,2,2,0,0,0,0,1,0,1,0,0,0,0,0,0,2,0,1,0,1,0,4,0,0,0,0,0,0,0,0,2,1,0,0,0,1,0,2,0,0,0,0,1
entertainment.160,entertainment,1,0,0,0,0,1,0,1,0,0,0,0,0,0,0,0,0,0,0,0,0,0,0,0,0,0,0,0,0,0,0,1,0,0,0,0,0,0,0,0,0,0,2,0,0,0,0,0,0,0
entertainment.161,entertainment,2,0,3,0,1,0,0,1,1,1,0,1,0,2,1,0,0,2,0,0,0,2,2,0,0,0,0,0,0,1,0,1,0,1,0,1,0,0,1,0,0,0,0,1,0,0,0,0,0,0
entertainment.162,entertainment,2,0,0,0,0,0,0,0,1,0,0,0,0,0,0,0,1,0,0,0,0,0,1,0,0,0,0,0,1,0,0,0,2,0,1,0,0,0,0,0,0,0,0,0,0,0,0,0,0,0
entertainment.163,entertainment,1,1,0,0,0,1,0,2,0,1,0,2,0,0,0,0,0,0,0,0,1,0,1,0,0,0,0,0,0,0,2,0,2,0,0,0,0,0,0,0,0,0,2,0,0,0,0,0,0,0
entertainment.164,entertainment,0,0,0,0,0,1,0,1,0,0,0,0,0,0,1,0,0,0,0,0,0,0,2,0,0,0,0,0,0,0,1,0,5,0,0,0,1,0,1,0,0,0,3,0,0,0,0,0,2,0
entertainment.165,entertainment,0,0,0,0,0,0,0,2,0,0,0,0,0,0,0,0,3,0,0,0,0,0,0,0,0,0,0,0,0,0,0,0,0,0,0,0,0,0,0,0,0,0,0,0,0,0,0,0,1,0
entertainment.166,entertainment,0,0,2,1,0,0,0,0,0,0,0,0,1,0,0,0,5,1,0,0,0,1,0,0,0,0,2,1,0,0,1,0,0,0,0,0,0,0,0,0,0,0,3,0,0,0,0,0,0,0
entertainment.167,entertainment,2,3,0,0,1,1,0,1,0,0,2,0,2,0,0,0,1,0,0,0,5,2,0,0,0,2,0,0,0,0,2,0,0,0,0,0,0,0,0,0,0,0,0,0,0,0,0,2,0,1
entertainment.168,entertainment,1,1,0,0,0,0,0,0,0,0,0,0,0,1,0,0,1,0,0,0,0,0,1,0,0,0,0,1,0,0,0,0,0,0,1,0,0,0,0,0,0,0,1,0,0,0,1,0,0,0
entertainment.169,entertainment,0,0,0,0,0,0,0,0,0,0,1,0,0,0,0,0,0,0,0,0,0,0,0,0,0,3,0,0,0,0,0,0,0,0,0,0,0,0,0,0,1,0,0,0,0,0,0,0,0,0
entertainment.170,entertainment,1,1,0,0,0,0,0,0,0,0,0,0,0,0,1,0,0,0,0,0,0,0,1,0,0,0,0,0,0,1,1,0,0,0,2,0,0,0,1,0,0,0,0,0,0,0,1,3,0,0
entertainment.171,entertainment,3,0,0,0,1,0,0,0,0,0,0,0,0,0,0,0,0,0,0,0,0,0,0,0,0,0,0,0,0,0,0,0,0,0,0,0,0,0,1,0,2,0,2,0,0,0,0,0,0,1
entertainment.172,entertainment,2,0,0,0,0,1,0,0,0,0,0,0,0,0,0,1,3,0,0,2,0,0,1,0,1,0,0,0,0,1,0,0,1,0,0,0,0,2,0,0,0,0,0,0,0,0,0,0,0,0
entertainment.173,entertainment,0,0,0,0,0,0,0,0,0,0,0,0,0,0,0,1,2,0,0,0,1,0,0,0,0,0,0,0,0,0,0,0,1,1,0,0,0,0,0,0,0,0,1,0,0,0,0,0,0,0
entertainment.174,entertainment,0,0,0,0,1,1,0,0,0,1,0,2,0,0,1,0,5,0,0,0,0,0,0,0,0,0,0,0,0,0,1,0,0,1,0,0,1,0,0,0,1,0,0,0,1,0,0,1,0,0
entertainment.175,entertainment,2,1,0,1,0,1,0,1,0,0,0,0,0,0,0,0,2,0,0,0,0,0,0,0,0,0,0,0,0,0,0,0,0,0,0,0,0,1,0,0,0,0,3,0,0,0,1,0,0,0
entertainment.176,entertainment,0,0,0,0,1,1,0,0,0,0,3,0,2,0,2,0,2,0,0,0,0,0,0,0,0,0,0,0,0,0,0,0,0,0,1,0,0,0,0,0,0,0,0,0,0,0,1,0,0,0
entertainment.177,entertainment,0,0,0,0,0,0,0,0,0,0,1,0,1,0,0,0,3,0,0,0,0,0,0,0,1,1,0,0,0,0,0,0,0,0,0,0,0,1,0,0,0,0,0,0,0,0,0,0,0,0
entertainment.178,entertainment,0,0,1,0,0,1,0,1,0,0,0,0,0,0,0,0,8,0,0,0,0,0,0,0,0,0,0,1,1,1,0,0,0,1,0,0,0,0,0,0,0,0,0,0,1,0,0,0,0,1
entertainment.179,entertainment,4,0,2,0,0,1,0,0,0,0,0,3,0,0,0,0,0,0,0,0,0,0,0,0,0,0,0,0,0,0,0,0,1,0,1,0,2,0,0,0,0,0,0,0,0,0,0,3,0,0
entertainment.180,entertainment,0,0,1,0,1,1,0,1,0,0,0,0,0,0,0,0,2,0,0,1,0,0,0,0,0,0,0,0,0,0,0,0,0,0,0,0,0,0,0,0,0,0,0,0,0,0,0,0,0,0
entertainment.181,entertainment,0,2,0,0,0,0,0,3,0,3,0,1,1,0,0,0,4,0,0,0,1,4,0,3,0,0,0,2,0,1,0,0,1,2,0,0,0,0,0,0,0,0,0,0,1,1,3,0,1,0
entertainment.182,entertainment,0,0,0,1,0,1,0,3,0,1,1,0,2,0,0,0,3,1,0,1,0,0,2,0,0,0,0,0,0,0,0,0,0,2,0,2,0,1,0,0,0,0,0,0,0,0,0,0,0,0
entertainment.183,entertainment,0,0,0,0,1,1,0,0,1,0,0,0,0,1,0,0,2,0,0,0,0,0,0,0,0,0,0,0,0,0,0,0,1,1,0,0,0,0,1,0,1,0,2,1,0,0,0,0,0,0
entertainment.184,entertainment,2,1,4,0,2,2,0,0,0,0,0,5,0,0,0,0,9,0,0,1,1,0,5,1,0,0,0,0,1,0,0,0,0,1,0,0,0,0,0,0,0,0,0,0,1,0,0,12,0,2
entertainment.185,entertainment,0,0,0,0,0,0,0,0,0,0,0,0,0,0,0,0,2,1,0,0,0,0,0,0,1,0,0,0,0,0,0,0,1,1,0,0,0,0,1,0,0,0,0,0,0,0,0,0,0,0
entertainment.186,entertainment,1,0,1,1,1,1,0,0,0,0,0,0,0,0,0,0,3,0,0,0,0,0,0,0,0,0,0,0,0,1,0,0,0,1,0,0,0,0,0,0,0,0,0,0,0,0,0,3,0,0
entertainment.187,entertainment,0,0,0,1,0,0,0,0,0,0,0,0,0,0,0,0,1,0,0,0,0,1,0,0,0,0,1,0,0,0,0,0,0,0,0,0,0,0,0,0,0,0,1,0,0,0,0,0,0,0
entertainment.188,entertainment,0,0,2,0,0,0,0,0,0,1,0,1,0,0,0,0,2,0,0,0,0,0,0,0,0,0,2,0,0,0,0,0,0,0,0,0,0,0,0,0,0,0,0,0,1,0,0,3,0,0
entertainment.189,entertainment,1,0,1,0,0,0,0,0,1,1,0,0,0,0,0,0,0,0,0,0,0,0,0,0,3,0,2,0,0,0,1,0,0,0,1,0,0,0,0,0,0,0,0,0,0,0,0,3,0,0
entertainment.190,entertainment,1,0,1,0,0,2,0,0,0,0,1,0,1,0,4,0,4,0,0,0,0,0,0,0,0,0,0,0,0,0,0,0,2,0,0,0,0,0,0,0,0,0,0,0,0,0,0,1,0,0
entertainment.191,entertainment,1,0,2,0,0,1,0,0,1,0,0,1,0,1,0,3,7,0,0,2,0,0,3,0,4,0,0,0,0,0,1,0,3,0,0,1,0,2,0,0,0,0,0,0,0,0,0,8,0,2
entertainment.192,entertainment,0,4,0,0,0,0,0,0,0,1,0,0,0,0,0,1,7,0,0,0,0,1,4,0,0,0,0,0,0,0,1,0,0,0,2,0,0,0,0,0,1,0,1,0,0,0,0,4,1,0
entertainment.193,entertainment,0,3,0,0,2,0,0,1,0,0,0,0,0,0,0,0,7,0,0,0,0,1,0,0,0,1,0,0,0,0,1,0,1,2,0,1,1,1,0,0,0,0,1,2,0,0,0,0,1,0
entertainment.194,entertainment,0,0,1,0,0,0,0,0,0,0,0,0,6,7,0,3,0,0,1,0,0,0,0,0,0,0,0,1,0,0,0,0,1,0,2,0,0,0,0,0,0,0,0,0,0,0,0,0,0,0
entertainment.195,entertainment,0,1,0,0,0,0,0,0,2,0,1,0,0,0,0,0,1,0,0,0,0,0,2,0,0,0,0,0,1,0,0,0,0,0,0,0,1,1,0,0,0,0,2,0,0,0,0,0,0,0
entertainment.196,entertainment,0,0,1,0,1,1,0,0,0,0,0,1,0,0,0,0,4,1,0,0,0,0,0,0,5,0,1,0,0,0,0,0,0,0,0,0,0,0,0,0,0,0,0,0,0,0,0,1,0,0
entertainment.197,entertainment,2,2,6,0,2,0,0,2,3,1,3,0,0,0,0,0,7,1,0,0,0,0,9,1,1,0,0,0,0,0,0,0,0,0,0,0,0,0,0,0,0,0,0,0,1,0,0,2,0,5
entertainment.198,entertainment,1,0,0,0,0,0,0,0,0,0,2,0,4,0,0,0,0,0,0,0,0,0,0,0,1,0,0,0,0,0,0,0,3,0,0,0,0,0,0,0,0,0,0,0,0,0,0,1,0,0
entertainment.199,entertainment,1,0,0,0,1,1,0,0,0,0,0,3,0,0,0,0,6,0,0,1,0,0,0,1,0,0,0,0,0,0,0,0,1,0,0,0,0,0,0,0,0,0,3,0,0,0,1,0,0,0
entertainment.200,entertainment,0,0,0,0,1,0,0,0,0,2,0,0,0,0,0,0,4,0,0,0,0,0,0,0,0,2,1,0,0,0,0,0,1,0,0,0,0,0,1,0,0,0,0,0,0,0,0,0,0,0
entertainment.201,entertainment,1,2,3,0,0,0,0,0,0,2,1,3,1,0,1,0,7,0,0,0,0,1,0,0,12,0,0,0,0,0,0,0,2,0,0,0,0,0,0,0,0,0,0,0,0,0,0,11,0,5
entertainment.202,entertainment,1,1,1,0,1,0,1,0,0,0,0,0,0,0,1,1,0,0,0,0,0,0,0,0,0,0,0,0,0,1,1,5,0,0,3,0,0,0,0,0,1,0,0,1,0,0,0,11,1,1
entertainment.203,entertainment,0,0,1,0,1,1,0,1,0,1,0,0,0,0,0,0,5,0,0,1,0,0,0,0,1,1,1,0,1,0,0,0,1,2,0,0,0,0,0,0,1,0,1,0,0,0,0,0,0,0
entertainment.204,entertainment,1,0,2,0,1,1,0,0,0,0,0,0,0,0,0,0,2,0,0,1,0,0,0,0,0,0,0,0,0,0,0,0,0,0,1,0,1,0,0,0,2,0,0,0,0,0,1,0,0,0
entertainment.205,entertainment,1,0,0,0,0,3,0,0,0,0,0,0,0,0,0,0,7,0,0,2,0,0,0,0,0,0,0,0,0,1,0,0,0,0,0,0,0,0,0,0,0,0,0,0,0,0,0,0,0,0
entertainment.206,entertainment,1,1,0,0,1,0,0,0,0,1,0,0,1,0,1,0,5,0,0,0,0,0,0,0,0,1,0,0,0,0,0,0,0,0,2,0,0,0,0,0,0,0,0,0,1,0,0,0,0,1
entertainment.207,entertainment,0,2,1,0,0,3,0,0,0,1,2,0,0,1,1,0,10,0,0,0,2,1,1,0,0,0,1,0,1,0,0,0,0,0,0,0,0,0,0,0,2,0,0,0,0,0,0,0,0,0
entertainment.208,entertainment,2,1,0,0,0,1,0,0,0,2,1,0,0,0,0,0,2,0,0,0,2,2,2,0,0,0,0,0,0,0,0,0,1,0,0,0,0,0,1,1,0,0,0,0,0,0,0,0,0,0
entertainment.209,entertainment,0,1,1,0,2,0,0,0,0,0,0,0,0,0,0,1,6,1,0,1,0,1,0,0,0,0,0,0,0,0,0,0,0,0,0,0,0,0,0,0,0,0,0,0,0,0,0,0,0,0
entertainment.210,entertainment,0,0,1,0,1,2,0,0,0,0,0,0,0,0,0,1,2,1,0,0,0,0,0,0,0,0,0,0,0,0,0,1,0,0,0,0,0,0,0,0,0,0,0,0,0,0,0,0,0,0
entertainment.211,entertainment,2,0,1,0,0,1,1,0,0,0,0,0,0,0,0,0,0,0,0,0,0,1,0,0,0,1,0,0,0,1,0,2,0,1,0,0,0,0,0,0,0,0,0,0,0,0,0,1,0,0
entertainment.212,entertainment,4,2,0,0,3,1,0,0,0,0,0,2,0,2,0,0,1,0,0,0,0,0,0,0,0,0,0,0,4,0,0,0,4,0,0,0,0,0,0,0,0,0,0,0,0,0,0,2,0,2
entertainment.213,entertainment,4,9,3,0,0,0,1,3,1,1,0,1,0,0,0,0,2,0,0,0,0,1,0,1,0,2,0,0,2,0,0,1,0,0,0,1,0,4,0,0,0,0,1,0,0,0,0,1,0,0
entertainment.214,entertainment,1,0,5,0,0,1,0,0,2,1,0,4,2,0,0,0,1,0,0,0,1,0,0,0,0,0,0,0,0,0,0,0,6,0,0,0,0,0,0,0,0,0,0,0,0,0,0,8,0,0
entertainment.215,entertainment,2,0,1,0,0,2,0,0,0,0,1,1,2,0,0,0,2,0,0,0,0,0,1,0,4,0,1,0,0,0,0,0,0,0,0,1,0,0,0,0,0,0,0,0,0,0,0,1,0,0
entertainment.216,entertainment,4,0,2,0,0,1,0,0,0,0,0,1,0,0,0,0,0,0,0,0,0,0,0,0,0,0,0,0,0,0,0,0,1,0,1,0,2,0,0,0,0,0,0,0,0,0,0,1,0,0
entertainment.217,entertainment,0,0,0,0,1,0,0,1,0,0,0,0,0,0,0,1,5,0,0,0,0,1,0,0,1,0,0,0,0,0,0,0,0,0,0,1,0,1,0,0,1,0,0,0,0,0,0,0,0,0
entertainment.218,entertainment,1,0,1,0,0,0,1,0,0,0,0,2,0,0,0,0,6,0,0,0,0,0,0,0,0,0,0,0,0,0,0,2,0,0,0,0,0,0,0,0,0,0,1,0,1,0,0,0,1,0
entertainment.219,entertainment,3,1,0,1,2,1,0,0,0,1,0,0,0,0,0,0,3,0,0,0,0,0,3,0,0,0,0,0,0,0,0,0,1,0,0,0,0,0,0,0,0,0,0,0,0,0,0,0,1,0
entertainment.220,entertainment,3,0,2,2,1,0,0,1,0,0,0,0,2,0,1,0,1,0,0,0,0,0,1,0,1,0,0,0,0,0,2,0,3,0,0,0,0,0,0,0,0,0,0,0,0,0,0,4,0,2
entertainment.221,entertainment,0,4,0,0,0,0,0,0,0,0,0,1,0,0,0,0,5,0,0,0,0,0,0,0,0,0,0,0,0,0,1,1,0,3,0,0,0,0,0,0,0,0,1,3,0,0,1,0,0,0
entertainment.222,entertainment,1,1,1,0,0,0,0,0,0,0,0,0,0,0,0,0,1,1,0,0,0,0,0,0,0,0,0,0,0,0,0,0,1,0,0,0,0,0,0,0,0,0,2,0,0,0,0,0,0,0
entertainment.223,entertainment,0,0,0,0,0,1,0,2,0,1,0,0,0,0,0,0,4,1,0,0,0,0,0,0,0,0,2,0,0,0,0,0,0,2,0,0,0,0,0,0,0,0,0,0,0,0,0,0,0,1
entertainment.224,entertainment,0,0,1,0,0,1,0,0,0,0,2,0,4,0,0,0,1,0,0,0,0,0,0,0,0,0,0,0,0,0,0,0,1,0,1,0,0,0,0,0,0,0,0,0,0,0,0,1,0,0
entertainment.225,entertainment,0,2,1,0,1,2,0,0,0,0,0,0,0,0,0,0,4,1,0,0,0,0,0,0,0,0,1,0,0,0,1,0,0,0,0,0,0,0,0,0,0,0,0,1,1,0,1,0,0,0
entertainment.226,entertainment,1,0,1,0,0,1,0,0,0,0,0,0,1,0,1,0,6,0,0,0,0,0,0,0,0,0,0,0,0,1,0,0,1,0,0,0,0,0,1,0,0,0,1,0,1,0,0,0,1,0
entertainment.227,entertainment,5,1,0,0,0,0,0,0,0,0,0,0,0,0,0,0,3,0,0,0,0,0,0,0,0,0,0,0,0,0,1,0,1,0,0,0,1,0,0,0,0,0,0,0,0,0,1,2,0,0
entertainment.228,entertainment,1,4,1,0,0,0,0,1,0,2,2,0,10,2,1,0,0,1,0,0,1,0,5,1,0,1,0,0,0,1,0,0,0,0,0,0,0,0,0,0,1,0,0,0,0,2,0,1,0,0
entertainment.229,entertainment,2,0,1,1,1,1,0,0,0,0,2,0,0,1,0,5,3,1,0,0,1,0,6,0,0,0,0,0,0,0,1,0,3,0,0,0,0,1,0,0,0,0,0,0,0,2,1,4,0,1
entertainment.230,entertainment,0,0,1,0,0,0,0,0,0,0,0,0,1,1,0,1,1,0,0,0,0,0,2,0,0,1,0,0,1,0,0,0,0,0,0,0,0,0,0,0,1,0,0,0,0,0,0,0,0,0
entertainment.231,entertainment,0,0,5,0,0,1,0,0,0,0,1,0,0,0,1,2,11,0,0,0,0,0,15,0,1,0,0,0,0,0,0,0,0,1,0,0,0,0,0,0,0,0,0,0,0,0,0,1,0,5
entertainment.232,entertainment,0,0,0,1,0,0,0,0,0,0,2,1,0,0,0,0,2,0,0,0,0,0,3,0,0,0,0,0,1,0,0,0,2,1,0,0,0,0,0,0,0,1,0,0,0,0,0,0,0,0
entertainment.233,entertainment,0,0,6,0,0,0,0,0,1,0,0,0,0,1,0,2,0,0,0,0,0,0,0,0,1,0,0,0,4,0,0,0,1,0,0,1,0,0,0,0,0,0,0,0,2,0,0,0,0,0
entertainment.234,entertainment,1,0,7,0,0,0,0,0,1,0,0,2,0,1,0,1,0,0,0,0,0,0,0,0,0,0,0,0,11,0,0,0,0,0,0,0,0,0,0,0,0,0,0,0,4,0,0,0,0,5
entertainment.235,entertainment,2,0,1,0,1,1,0,1,0,0,2,0,1,1,1,0,1,0,0,0,1,0,1,0,3,0,0,0,1,3,3,0,3,0,0,0,0,0,0,0,0,0,0,0,0,0,0,0,0,1
entertainment.236,entertainment,4,1,2,0,2,1,0,1,0,0,0,4,0,0,1,3,0,0,0,0,1,0,4,0,0,1,2,0,1,0,2,0,0,0,0,0,2,0,0,0,0,0,2,0,0,0,0,1,0,2
entertainment.237,entertainment,1,1,1,0,0,0,0,1,0,0,0,2,0,0,0,0,0,0,0,0,0,0,1,1,0,0,0,0,0,0,0,0,0,0,0,0,0,0,0,0,0,0,0,0,0,0,0,0,0,0
entertainment.238,entertainment,4,1,0,0,2,1,0,0,0,0,5,0,0,0,0,0,1,0,0,0,0,3,2,2,0,2,0,0,0,1,0,0,1,0,0,1,2,0,0,0,0,0,0,0,0,0,0,1,0,1
entertainment.239,entertainment,0,0,0,0,0,2,0,0,0,0,2,0,0,0,1,1,0,0,0,0,0,1,0,1,1,0,0,0,0,0,1,0,0,0,0,1,0,1,1,0,1,0,0,0,0,0,1,0,1,1
entertainment.240,entertainment,0,0,6,0,0,1,0,1,0,0,0,0,0,1,0,2,0,0,0,0,0,0,0,1,0,0,0,0,5,1,0,0,0,0,0,0,0,0,2,0,0,0,2,0,2,0,0,0,1,1
entertainment.241,entertainment,1,1,0,0,0,0,0,0,3,0,0,0,0,0,0,0,0,0,0,0,0,0,3,0,1,0,1,0,0,0,1,1,1,0,0,0,0,0,0,0,0,0,0,0,0,0,0,4,0,0
entertainment.242,entertainment,0,0,6,0,0,0,0,0,0,1,3,0,1,0,0,3,3,0,0,0,1,0,1,0,2,0,0,0,4,0,0,0,0,0,0,2,1,0,0,0,0,0,0,0,3,0,0,1,0,1
entertainment.243,entertainment,0,0,0,0,0,0,0,0,0,0,0,1,0,0,0,0,0,0,0,0,0,0,2,0,6,0,0,0,0,0,0,0,0,0,0,0,0,1,0,0,0,0,0,0,0,0,0,0,0,0
entertainment.244,entertainment,2,0,1,0,2,4,0,2,0,0,4,1,1,0,0,2,0,1,0,0,0,1,2,1,2,0,1,0,1,1,0,0,0,0,2,0,1,0,0,0,0,0,0,0,1,0,0,0,0,0
entertainment.245,entertainment,1,2,0,0,1,1,0,1,1,0,1,1,1,1,2,1,0,1,0,0,0,1,3,1,0,2,0,0,0,0,0,1,0,2,0,1,0,0,1,0,1,0,0,0,0,1,0,1,0,0
entertainment.246,entertainment,1,0,1,0,0,0,0,1,0,0,0,0,0,0,0,3,0,0,0,0,0,0,1,1,0,0,0,0,0,0,0,1,0,0,0,0,0,0,0,0,1,0,0,0,0,0,0,0,0,0
entertainment.247,entertainment,0,0,1,0,1,0,0,0,1,0,0,0,1,2,0,0,2,0,1,0,0,0,1,0,0,0,0,0,1,0,0,0,2,0,0,0,0,0,0,0,0,0,0,1,0,0,0,0,0,0
entertainment.248,entertainment,1,2,0,0,0,0,0,0,0,0,0,0,0,2,1,2,1,0,0,3,0,0,4,1,0,0,0,0,1,0,0,0,2,0,0,1,0,0,0,1,0,0,0,0,0,0,0,0,0,0
entertainment.249,entertainment,0,0,1,0,0,0,0,0,0,0,0,0,0,0,0,1,0,0,0,0,0,0,0,0,3,0,0,0,2,0,0,0,0,0,0,0,0,0,0,0,0,0,0,0,0,0,0,1,0,1
entertainment.250,entertainment,2,0,0,0,0,0,0,0,1,0,0,0,0,0,0,0,1,0,0,0,0,0,1,0,0,0,0,0,1,0,0,0,2,0,1,0,0,0,0,0,0,0,0,0,0,0,0,0,0,0
entertainment.251,entertainment,0,0,1,0,1,1,0,0,0,0,1,2,0,0,0,1,0,0,0,0,0,0,2,1,5,0,2,0,2,0,0,0,0,0,0,0,0,0,0,0,0,0,0,0,0,0,0,1,0,1
entertainment.252,entertainment,2,0,0,0,0,0,0,0,1,0,0,0,0,0,0,1,0,1,0,0,0,0,0,0,0,0,0,0,0,0,2,0,1,1,0,0,0,0,0,0,0,0,0,0,0,0,0,0,0,0
entertainment.253,entertainment,39,11,7,1,3,3,0,2,0,5,4,2,0,1,3,3,5,1,0,4,1,8,31,2,57,3,8,0,0,0,4,0,3,2,0,7,0,1,0,0,3,0,1,1,1,0,1,2,0,1
entertainment.254,entertainment,4,0,4,0,1,2,0,1,1,1,0,2,0,0,1,1,0,0,0,0,1,1,4,2,2,0,1,0,3,1,1,0,2,0,0,0,1,0,0,0,1,0,0,0,0,0,0,0,0,1
entertainment.255,entertainment,0,2,0,0,1,0,0,2,0,0,0,2,0,0,0,2,0,0,0,0,2,0,6,1,2,0,0,0,1,0,1,0,1,2,0,0,0,0,0,1,0,0,0,3,0,1,1,0,0,1
entertainment.256,entertainment,3,18,3,0,4,2,0,1,1,4,3,1,0,0,2,2,0,2,0,2,1,10,73,0,4,0,6,2,2,0,0,0,4,0,0,3,0,3,1,0,0,0,0,2,0,2,4,0,1,0
entertainment.257,entertainment,0,0,1,0,1,0,0,2,0,1,0,0,0,0,0,0,0,0,0,0,2,0,0,0,0,0,0,0,0,1,0,0,0,0,0,0,0,0,0,0,0,0,0,0,0,0,0,0,0,0
entertainment.258,entertainment,4,0,2,0,0,1,0,1,0,0,0,1,0,0,0,0,0,0,0,0,0,0,0,1,0,0,0,0,0,0,0,2,0,0,0,0,3,0,0,0,0,0,1,0,1,0,0,0,0,3
entertainment.259,entertainment,5,0,3,0,0,1,0,0,0,0,0,2,0,0,2,3,0,0,0,0,1,2,2,2,1,0,0,0,0,1,0,0,1,0,0,0,0,0,0,0,1,0,0,0,0,0,0,0,0,1
entertainment.260,entertainment,3,0,1,0,0,0,0,0,0,0,0,2,0,0,0,2,0,0,0,0,1,0,1,0,3,0,1,0,2,1,0,0,1,0,0,0,0,0,1,0,0,0,0,0,0,0,0,0,0,0
entertainment.261,entertainment,0,0,4,0,0,0,0,0,0,0,0,2,0,0,0,1,0,0,0,0,0,0,0,1,3,0,0,0,16,0,0,0,1,0,0,0,0,0,0,0,0,0,0,0,2,0,0,0,0,4
entertainment.262,entertainment,3,0,4,0,0,1,0,1,4,0,0,1,0,1,0,2,1,0,0,0,6,0,4,0,0,0,0,0,3,0,0,0,2,1,0,2,0,0,0,0,2,0,0,0,0,0,1,0,0,1
entertainment.263,entertainment,2,1,3,0,1,0,0,0,2,0,1,0,0,0,0,1,0,0,0,0,0,0,6,0,0,1,1,0,0,0,0,0,2,0,0,1,0,3,0,0,0,0,0,0,0,0,0,1,0,0
entertainment.264,entertainment,5,0,2,0,0,2,0,2,1,2,1,1,0,1,0,0,0,0,0,0,0,0,4,0,18,0,2,0,0,0,0,0,1,0,0,0,0,0,0,0,0,0,0,0,0,0,1,0,0,4
entertainment.265,entertainment,1,1,0,0,2,3,0,0,1,0,0,0,0,0,0,0,3,0,0,0,0,0,6,0,0,0,0,0,0,0,0,0,2,0,0,0,0,0,2,0,0,0,0,0,0,0,0,0,0,0
entertainment.266,entertainment,1,0,0,0,0,0,0,0,2,2,0,0,0,0,0,2,0,0,0,0,1,0,6,0,0,0,0,0,0,0,0,1,1,1,0,0,0,0,0,0,0,0,0,0,0,0,0,0,0,0
entertainment.267,entertainment,5,0,1,0,1,0,0,0,0,0,2,0,0,0,0,0,0,0,0,0,0,1,1,0,1,0,0,0,0,0,1,0,0,0,0,1,1,0,0,0,2,0,1,0,1,0,0,0,1,0
entertainment.268,entertainment,1,0,2,0,1,0,0,1,0,0,2,1,0,0,0,1,0,0,0,0,0,0,3,1,1,0,0,0,0,0,0,0,4,0,0,0,0,0,0,0,0,0,0,0,0,0,0,0,0,1
entertainment.269,entertainment,1,0,2,0,0,0,0,3,0,0,0,1,7,0,0,0,0,0,0,0,2,0,3,0,0,1,0,0,0,0,0,0,0,2,1,1,0,0,0,0,1,0,0,0,0,0,0,1,0,0
entertainment.270,entertainment,0,0,2,0,0,1,0,1,0,0,0,1,0,0,0,0,0,0,0,0,0,0,0,0,1,0,0,0,1,0,0,0,1,0,0,0,0,0,1,0,0,0,4,0,1,0,0,0,0,0
entertainment.271,entertainment,2,1,1,0,4,1,0,0,3,0,0,0,0,0,0,0,0,0,0,0,0,1,13,1,0,1,0,4,0,0,0,3,0,2,0,1,0,2,0,0,0,0,0,1,0,0,0,1,0,0
entertainment.272,entertainment,1,0,0,0,0,0,0,0,0,0,0,0,4,0,1,0,1,0,0,0,0,0,6,0,0,0,0,0,0,1,0,0,0,0,0,0,0,0,0,0,0,0,0,0,0,0,0,0,0,0
entertainment.273,entertainment,0,0,0,0,2,1,0,0,1,0,0,0,0,0,0,0,0,0,0,0,0,0,1,0,1,0,0,0,0,0,0,0,3,0,0,0,0,0,0,0,0,0,0,0,1,0,0,0,0,0
entertainment.274,entertainment,2,1,1,0,0,0,0,0,0,0,0,0,0,0,0,4,4,0,0,0,1,0,1,0,1,0,0,0,0,0,1,0,0,0,0,0,0,0,0,0,1,0,0,0,0,0,0,1,0,0
entertainment.275,entertainment,0,0,0,0,0,0,0,1,1,0,5,1,2,2,0,1,3,0,0,1,0,0,11,0,26,0,1,0,0,0,0,0,0,1,0,0,1,0,2,0,1,0,0,0,0,0,0,0,0,2
entertainment.276,entertainment,0,2,1,0,0,0,0,0,0,1,3,1,0,0,0,0,2,1,0,0,0,0,1,1,0,0,0,0,1,0,0,0,0,0,0,0,0,0,1,0,1,0,2,0,0,0,0,0,0,1
entertainment.277,entertainment,1,0,1,0,2,2,0,0,0,0,1,0,4,0,0,0,0,0,0,0,0,0,6,0,0,0,0,0,0,0,0,0,1,0,0,0,0,1,1,0,0,0,0,0,0,0,0,0,0,0
entertainment.278,entertainment,1,0,0,0,1,1,0,0,0,0,2,0,0,1,0,4,0,0,0,0,0,0,1,1,0,0,0,0,0,1,0,0,2,0,0,1,1,0,0,0,0,0,0,0,1,0,1,0,0,0
entertainment.279,entertainment,1,0,2,0,1,0,0,1,0,0,0,3,5,0,1,0,1,1,0,1,0,1,2,0,0,0,0,0,0,0,0,0,0,0,0,0,0,0,0,0,1,0,0,0,0,0,0,0,0,2
entertainment.280,entertainment,1,4,3,0,5,1,0,4,0,4,6,1,1,0,0,0,9,6,0,0,1,1,11,0,0,2,0,0,0,0,3,0,0,0,0,0,0,0,0,1,2,0,0,0,0,0,0,0,0,0
entertainment.281,entertainment,0,0,2,0,1,0,0,2,0,0,0,1,0,0,0,1,1,1,0,0,1,0,2,0,0,0,0,0,2,0,0,0,2,0,0,0,0,0,0,0,0,0,1,0,0,0,0,0,0,0
entertainment.282,entertainment,0,1,4,7,0,0,0,0,1,0,0,3,0,1,0,0,0,0,0,1,1,0,1,0,0,0,0,0,2,0,0,0,1,1,0,0,0,0,0,0,1,0,0,0,1,0,0,0,0,0
entertainment.283,entertainment,3,0,0,0,0,0,0,1,0,0,2,1,0,0,0,1,0,0,0,0,0,0,2,0,0,0,0,0,0,0,0,0,1,0,0,0,1,0,0,0,0,0,0,0,0,0,0,0,0,0
entertainment.284,entertainment,1,3,0,0,1,0,0,1,0,1,0,1,1,0,1,1,13,7,0,0,1,1,4,0,1,0,1,0,0,0,0,0,0,1,0,1,0,0,0,0,1,0,0,0,1,0,1,2,1,1
entertainment.285,entertainment,1,0,0,3,0,3,0,0,0,1,0,0,0,0,0,3,0,0,0,0,0,0,1,0,0,0,0,0,1,0,0,0,0,0,0,0,0,0,0,0,0,0,0,0,4,0,0,0,0,3
entertainment.286,entertainment,1,0,1,0,0,2,0,0,0,0,0,1,0,0,0,0,0,0,0,0,0,0,3,0,7,0,1,0,0,0,0,0,2,0,0,0,0,0,0,0,0,0,0,0,0,0,0,0,0,0
entertainment.287,entertainment,0,0,0,0,0,0,0,1,0,0,2,0,0,0,0,0,3,0,0,0,1,0,3,1,0,0,0,0,0,1,0,0,0,0,0,0,1,1,0,0,0,0,1,0,0,0,0,0,0,0
entertainment.288,entertainment,0,3,0,8,0,0,0,1,0,0,0,1,0,0,1,0,1,0,0,0,3,0,2,0,0,1,0,0,0,0,0,0,0,0,0,0,1,0,1,0,0,0,1,1,1,0,0,0,0,0
entertainment.289,entertainment,0,1,1,0,0,0,0,1,1,1,0,0,0,0,1,1,0,2,0,0,0,0,2,0,1,0,0,3,0,0,0,0,1,3,0,0,0,0,0,0,0,0,0,0,0,0,0,0,1,0
entertainment.290,entertainment,0,1,1,0,0,1,0,1,0,0,1,0,0,0,0,3,1,0,0,0,2,0,4,0,0,0,0,1,0,0,0,0,1,0,0,2,0,0,0,0,0,0,1,0,0,0,1,0,0,0
entertainment.291,entertainment,2,1,3,0,0,0,0,0,2,0,1,1,0,0,0,0,0,0,0,0,1,0,0,1,2,0,0,0,0,0,0,0,1,1,0,0,0,0,1,0,0,0,0,0,0,0,0,0,0,0
entertainment.292,entertainment,0,0,1,0,2,0,0,0,0,0,2,0,1,1,1,0,5,0,0,0,0,0,2,1,0,0,0,0,0,0,0,0,2,1,0,0,0,0,1,0,0,1,0,0,1,0,0,0,0,2
entertainment.293,entertainment,0,0,1,0,0,0,0,0,0,0,0,0,0,0,0,1,1,0,0,0,0,0,1,0,0,1,0,0,0,0,0,0,0,2,0,0,1,0,1,0,1,0,0,0,0,0,0,0,0,0
entertainment.294,entertainment,2,0,0,0,2,0,0,0,1,1,0,0,3,0,0,1,4,0,0,0,1,0,9,0,3,0,1,0,0,1,1,0,0,1,0,0,0,0,0,0,2,0,0,0,0,0,0,0,1,1
entertainment.295,entertainment,0,0,1,0,1,2,0,1,0,0,0,1,2,0,0,0,2,0,0,0,0,0,4,0,2,0,1,0,0,0,0,0,1,0,0,0,1,0,0,0,0,0,0,0,0,0,0,0,0,0
entertainment.296,entertainment,3,0,0,0,0,0,0,1,0,0,1,0,0,0,1,0,0,0,0,0,0,0,2,0,2,0,0,0,1,0,0,0,0,1,0,0,2,0,1,0,0,0,0,0,0,0,0,0,0,0
entertainment.297,entertainment,0,0,1,0,0,0,0,0,0,0,0,1,2,0,0,0,0,0,0,0,0,0,0,0,0,0,0,0,1,0,3,0,0,0,1,0,0,0,0,0,0,0,0,0,1,0,0,0,0,1
entertainment.298,entertainment,1,1,0,0,0,1,0,0,0,2,0,0,2,3,1,0,0,1,0,0,0,0,0,1,0,0,2,0,0,0,0,0,0,0,0,0,0,0,0,0,0,0,0,0,0,0,0,0,1,0
entertainment.299,entertainment,1,0,0,0,0,1,0,0,0,0,2,0,4,0,0,0,0,0,0,0,0,0,0,0,0,0,1,0,0,0,0,0,1,1,0,0,0,0,1,0,1,0,0,0,0,0,0,1,0,0
entertainment.300,entertainment,0,1,1,0,1,0,0,1,0,1,3,1,7,0,1,1,0,6,0,1,2,0,1,0,0,0,0,1,0,0,1,0,1,0,0,0,0,0,3,0,1,0,0,0,1,0,1,0,0,1
entertainment.301,entertainment,3,0,0,0,0,0,0,0,0,0,1,1,5,0,0,0,1,0,0,0,0,0,0,0,0,0,0,0,0,0,0,0,1,0,0,0,0,0,0,0,1,0,0,0,0,0,0,0,0,0
entertainment.302,entertainment,0,0,0,0,0,2,0,1,0,0,2,1,6,0,0,0,0,0,0,0,0,0,0,0,0,0,0,0,0,0,1,0,0,0,0,0,2,0,0,0,0,0,0,0,0,0,0,0,0,0
entertainment.303,entertainment,4,0,1,0,0,0,2,0,0,0,0,0,17,0,0,12,0,0,0,1,0,0,0,0,0,0,0,0,2,0,0,0,2,1,0,1,0,1,0,0,0,0,0,0,0,0,0,0,3,0
entertainment.304,entertainment,2,0,0,0,0,1,0,0,1,0,0,0,3,1,1,0,0,0,0,0,0,0,0,0,0,1,1,0,0,1,0,0,0,0,0,0,0,0,3,0,0,0,1,0,0,0,0,0,0,0
entertainment.305,entertainment,4,0,0,1,3,0,0,0,1,0,0,1,1,2,2,0,0,0,0,0,1,3,0,0,0,1,0,0,0,0,0,0,0,0,0,1,0,0,0,0,1,0,0,1,0,0,0,1,0,0
entertainment.306,entertainment,4,0,0,0,0,0,0,1,1,1,0,0,7,0,0,0,0,0,0,0,1,0,0,0,0,0,0,1,0,1,0,0,1,1,0,0,0,0,0,0,0,0,0,0,0,0,0,0,0,1
entertainment.307,entertainment,3,0,1,0,0,1,0,0,0,0,2,0,5,0,1,0,0,0,0,0,0,2,1,0,0,0,0,0,0,0,0,1,0,0,0,0,0,0,0,1,0,0,0,0,0,0,0,1,0,0
entertainment.308,entertainment,0,0,0,0,0,0,0,0,0,0,2,0,5,0,0,1,0,0,0,0,0,0,0,0,0,0,0,0,0,0,1,0,0,0,2,0,0,0,0,0,0,0,0,0,0,0,0,0,0,0
entertainment.309,entertainment,2,0,0,0,0,0,0,0,0,0,0,0,3,0,0,0,0,0,0,0,1,0,0,0,5,0,1,0,0,0,0,0,0,0,0,0,0,0,0,0,0,0,0,0,0,0,0,0,0,0
entertainment.310,entertainment,0,0,0,0,0,0,0,0,1,0,1,0,1,0,0,1,2,0,0,0,0,0,0,0,1,1,0,0,0,2,0,0,1,1,0,0,0,0,1,0,1,0,0,0,0,0,0,3,0,0
entertainment.311,entertainment,1,3,0,0,2,0,0,1,0,1,0,5,1,0,0,0,2,0,0,0,1,2,0,0,0,0,0,0,0,0,0,0,0,1,0,0,0,0,0,0,0,0,0,0,1,0,0,1,0,0
entertainment.312,entertainment,0,0,2,0,0,1,0,0,0,0,2,2,4,0,1,0,0,0,0,0,0,0,0,0,1,0,0,0,0,0,2,0,1,0,0,0,0,0,0,0,0,0,0,0,2,0,0,0,0,3
entertainment.313,entertainment,0,1,0,0,0,0,0,0,0,2,0,0,0,1,0,0,3,0,0,0,0,0,0,0,3,0,0,0,1,0,0,0,1,0,0,0,0,0,0,0,0,0,0,0,0,0,0,4,0,0
entertainment.314,entertainment,4,3,3,0,3,9,0,1,2,1,0,1,6,0,0,0,1,0,0,1,0,3,0,1,3,0,5,0,0,0,0,0,4,0,0,0,2,0,1,0,2,0,1,0,1,0,1,0,0,2
entertainment.315,entertainment,3,1,0,0,1,2,0,2,0,1,1,0,6,0,2,2,0,0,0,0,1,3,0,0,0,0,0,0,0,0,0,0,0,0,0,0,0,0,1,0,0,0,0,0,0,0,0,0,0,0
entertainment.316,entertainment,3,0,1,0,0,2,0,0,0,0,9,3,8,0,2,0,2,0,0,0,1,0,0,0,0,0,0,0,1,0,0,0,0,0,0,0,0,0,1,0,0,0,0,0,0,0,1,1,0,1
entertainment.317,entertainment,2,0,0,0,1,0,0,0,0,0,0,0,0,0,0,0,1,0,0,0,1,0,0,0,1,1,0,0,0,0,0,0,1,0,0,0,0,0,0,0,0,0,0,0,0,0,0,0,0,0
entertainment.318,entertainment,1,0,0,0,0,2,0,0,1,0,1,0,0,0,1,0,0,0,0,0,0,0,5,1,0,0,0,0,0,0,2,0,1,0,0,0,0,0,0,0,0,0,0,0,0,0,0,0,0,0
entertainment.319,entertainment,2,0,0,0,0,1,0,0,0,1,0,0,1,5,0,0,2,0,1,0,0,0,4,0,0,0,0,1,0,1,1,0,2,0,0,0,0,0,1,0,0,0,0,0,0,0,0,0,0,0
entertainment.320,entertainment,1,0,0,0,0,0,0,0,1,0,0,0,0,0,0,0,0,0,0,0,0,0,2,0,0,0,0,0,0,0,0,1,0,0,0,0,0,0,2,0,1,0,0,0,0,0,0,0,0,0
entertainment.321,entertainment,4,0,1,0,0,1,0,0,3,1,0,1,0,0,0,7,0,0,0,0,0,0,11,0,0,0,0,7,2,0,0,0,0,1,0,0,1,0,0,0,0,0,1,0,0,0,0,0,0,0
entertainment.322,entertainment,2,0,1,0,2,3,0,1,0,0,3,0,0,0,0,1,0,0,0,0,0,0,0,1,0,0,0,0,0,0,1,0,1,0,0,0,0,0,0,0,0,0,0,0,0,1,0,0,0,0
entertainment.323,entertainment,2,2,0,0,1,1,0,0,0,3,0,2,8,0,2,3,2,0,0,0,0,2,0,0,6,2,0,0,0,0,0,0,1,0,0,1,0,0,0,0,0,0,0,0,0,0,0,2,1,2
entertainment.324,entertainment,0,0,1,0,1,1,0,0,0,0,1,0,5,0,1,0,0,0,0,0,0,0,0,0,0,0,1,0,0,0,0,0,0,0,0,0,0,0,0,0,0,0,0,0,0,0,0,0,0,0
entertainment.325,entertainment,1,0,2,0,0,1,0,0,0,0,5,1,7,0,0,0,0,0,0,0,0,0,0,0,1,0,2,0,2,0,0,0,1,0,0,0,0,0,1,1,0,0,0,0,0,0,0,0,0,0
entertainment.326,entertainment,3,1,1,0,0,0,0,2,1,0,0,2,26,0,0,0,1,1,0,0,0,0,1,0,6,0,1,0,0,0,0,0,0,0,0,1,0,0,0,1,0,0,0,0,0,0,1,0,0,0
entertainment.327,entertainment,0,0,0,0,1,0,0,0,0,0,0,2,1,0,0,0,0,1,0,3,0,0,0,0,0,0,1,0,0,0,1,0,0,0,2,0,0,0,0,0,0,0,0,0,1,0,0,0,0,0
entertainment.328,entertainment,2,0,0,0,0,0,0,0,1,0,1,0,2,0,0,2,0,0,0,0,0,0,0,1,10,0,5,0,0,0,1,0,0,0,0,0,0,0,0,0,0,0,0,0,0,0,0,0,0,0
entertainment.329,entertainment,1,0,1,0,0,1,0,0,2,0,0,1,7,0,1,0,0,0,0,0,0,0,0,0,0,0,1,0,0,1,0,0,2,1,0,0,1,0,0,0,0,0,0,0,0,0,1,0,0,2
entertainment.330,entertainment,1,0,0,0,0,0,0,0,0,0,1,1,7,1,1,0,0,0,0,0,0,0,0,0,0,0,1,0,0,0,0,0,0,1,0,0,0,0,2,0,0,0,0,0,0,0,0,0,1,0
entertainment.331,entertainment,1,0,2,0,0,0,0,0,4,0,0,1,5,0,0,0,0,0,0,0,0,0,0,0,0,0,1,0,0,0,0,0,2,0,0,0,0,0,0,0,0,0,0,0,0,0,0,3,0,0
entertainment.332,entertainment,1,0,1,0,0,0,0,0,1,0,0,2,3,0,1,0,1,0,0,0,0,0,0,0,4,0,1,0,0,0,0,0,1,0,0,0,0,0,0,0,0,0,0,0,0,0,0,0,0,0
entertainment.333,entertainment,0,0,1,0,0,2,0,0,0,0,0,0,2,0,0,0,0,1,1,0,0,0,0,0,0,1,0,0,2,0,0,0,1,0,0,0,1,0,0,0,0,0,0,0,0,0,0,0,0,0
entertainment.334,entertainment,2,0,1,0,0,0,0,0,0,0,0,0,6,0,0,0,1,0,0,1,0,0,0,1,0,0,0,0,0,0,1,0,5,0,0,0,0,0,0,0,0,0,0,0,0,0,1,0,0,0
entertainment.335,entertainment,0,0,1,0,1,2,0,0,0,0,1,1,6,1,0,0,0,0,0,0,0,0,0,0,0,0,0,0,5,0,0,0,0,0,0,0,0,0,0,0,0,0,0,0,5,0,0,0,1,2
entertainment.336,entertainment,3,1,1,0,0,0,0,0,5,0,0,0,9,0,0,0,0,0,0,0,0,0,0,0,0,0,1,0,0,0,0,0,0,0,0,0,0,2,0,0,0,0,1,0,0,0,2,2,0,1
entertainment.337,entertainment,3,0,0,0,0,0,0,0,0,0,0,0,5,0,0,0,0,0,0,0,1,0,0,0,3,0,0,0,0,0,0,0,1,1,0,0,0,0,0,0,1,0,0,0,0,0,0,0,0,0
entertainment.338,entertainment,5,0,0,0,0,0,0,0,1,0,0,0,7,0,0,0,1,0,0,0,0,0,0,0,0,0,0,0,1,0,0,0,0,0,0,0,0,0,0,0,0,0,0,0,0,0,0,0,1,0
entertainment.339,entertainment,1,0,0,0,0,1,0,0,0,0,0,0,2,0,0,1,0,0,0,0,1,0,0,0,1,0,0,0,0,0,0,0,1,0,0,0,1,0,0,0,0,0,0,0,0,0,0,0,0,0
entertainment.340,entertainment,0,0,0,0,3,1,0,0,0,0,1,2,2,0,0,3,0,0,0,0,0,0,0,0,0,0,0,0,1,0,1,0,0,0,0,0,0,0,0,0,0,0,1,0,1,0,0,0,0,1
entertainment.341,entertainment,1,0,0,0,1,1,0,0,0,0,0,0,7,0,0,0,0,0,0,0,0,0,0,0,0,0,0,0,1,0,0,0,2,0,0,0,0,0,1,0,0,0,0,0,0,0,0,0,0,0
entertainment.342,entertainment,1,1,1,0,0,0,0,0,0,0,0,1,0,0,2,0,0,0,0,0,1,0,4,0,0,0,0,0,0,0,0,0,0,0,0,0,0,0,0,0,0,0,0,0,0,0,0,0,0,0
entertainment.343,entertainment,0,0,0,0,1,1,0,0,0,0,0,0,1,0,0,0,5,0,0,0,0,0,1,0,0,0,0,0,0,0,0,0,0,0,0,0,1,0,0,0,0,0,0,0,0,0,0,0,0,0
entertainment.344,entertainment,3,0,0,0,0,0,0,0,0,0,0,0,0,2,0,0,0,0,0,0,0,1,0,0,0,0,0,0,0,0,0,0,1,0,0,0,0,0,0,0,1,0,0,0,0,0,0,0,0,0
entertainment.345,entertainment,0,0,0,0,0,0,0,1,0,0,0,0,0,0,0,0,0,1,0,0,0,0,0,0,0,0,0,0,0,0,0,0,0,1,1,0,0,0,0,0,0,0,0,0,0,0,0,0,0,0
entertainment.346,entertainment,5,0,1,0,2,0,0,0,0,0,0,0,0,1,0,0,1,0,0,0,0,0,8,0,0,0,0,0,2,0,0,0,2,0,0,0,0,0,0,0,0,0,0,0,0,0,0,0,1,0
entertainment.347,entertainment,0,0,1,2,0,1,0,0,0,0,2,1,7,0,2,1,0,0,0,1,1,0,0,1,0,0,0,0,0,0,3,0,2,0,0,0,0,0,0,0,0,0,0,0,0,0,0,0,2,0
entertainment.348,entertainment,3,0,0,0,0,0,0,0,0,0,0,0,7,0,0,0,1,2,0,1,0,1,0,0,0,1,1,1,0,0,0,0,0,0,0,0,0,0,0,0,0,0,0,0,0,0,0,0,0,0
entertainment.349,entertainment,4,0,1,0,0,1,0,1,0,1,0,1,1,0,3,0,0,2,0,0,0,0,1,2,0,2,0,0,0,0,0,0,0,0,0,0,0,0,0,0,0,0,0,0,0,0,0,0,0,0
entertainment.350,entertainment,0,0,1,0,0,2,0,0,0,0,0,0,8,0,0,0,0,0,0,0,0,0,0,0,4,0,0,0,3,0,2,0,1,0,0,0,0,0,0,0,0,0,0,0,1,0,0,0,0,2
entertainment.351,entertainment,1,1,0,0,0,0,0,0,0,2,0,0,7,0,3,4,0,0,0,0,1,0,0,0,0,0,0,0,0,0,0,0,0,0,0,1,0,0,0,0,1,0,2,0,0,0,0,0,0,0
entertainment.352,entertainment,2,0,1,0,0,0,0,3,0,0,1,0,15,0,1,0,0,0,0,0,0,0,0,1,10,0,3,0,0,0,0,0,1,3,0,0,1,0,0,0,0,0,0,0,0,0,0,0,0,0
entertainment.353,entertainment,5,8,6,1,6,4,0,6,3,4,4,1,14,0,0,2,16,1,0,1,0,6,2,3,1,0,0,1,0,0,3,0,0,0,0,1,1,0,1,0,1,0,0,0,0,0,5,3,2,0
entertainment.354,entertainment,2,1,3,0,0,0,0,2,0,0,1,1,10,0,0,1,0,0,0,0,0,3,0,0,5,2,1,0,0,0,0,0,0,0,1,1,0,0,0,0,0,0,0,0,0,0,0,1,0,1
entertainment.355,entertainment,1,0,3,0,3,2,0,2,0,0,1,1,7,0,0,2,0,0,0,2,0,0,0,0,9,2,0,0,0,0,0,0,2,0,1,0,0,0,0,0,0,0,0,0,0,1,0,2,0,0
entertainment.356,entertainment,3,0,1,0,0,0,0,0,0,0,0,0,2,0,0,0,0,0,0,0,1,0,0,0,0,0,0,0,0,0,0,1,3,1,0,1,0,0,0,0,1,0,0,0,0,0,0,0,0,0
entertainment.357,entertainment,1,0,1,0,4,2,0,0,0,1,1,4,8,0,1,0,0,0,0,0,0,0,1,0,18,3,2,0,0,0,1,0,1,0,2,1,0,0,0,0,1,0,0,0,1,0,0,1,0,0
entertainment.358,entertainment,5,1,2,0,2,1,0,1,0,0,0,2,2,0,0,0,0,0,0,0,0,1,0,0,0,2,0,0,0,1,0,0,0,2,0,0,2,0,1,0,1,0,3,4,0,0,0,0,0,0
entertainment.359,entertainment,2,0,0,0,1,2,0,0,0,0,0,0,2,0,0,0,0,0,0,0,0,0,0,0,0,0,0,0,0,0,1,0,1,0,0,0,0,0,0,0,1,0,0,0,3,0,0,0,1,0
entertainment.360,entertainment,0,0,0,0,0,0,0,0,0,0,0,0,5,0,0,2,0,1,0,0,2,0,0,0,0,0,0,0,0,0,0,0,1,0,0,0,0,0,0,0,0,1,0,0,0,0,1,0,0,0
entertainment.361,entertainment,1,0,0,0,1,1,0,0,0,0,0,2,7,2,0,1,0,0,0,1,0,0,0,0,0,0,1,0,0,0,0,0,1,0,0,0,2,0,1,0,0,0,2,0,0,0,0,0,0,0
entertainment.362,entertainment,0,0,0,0,1,1,0,0,1,0,0,0,10,0,1,1,0,0,0,0,0,0,0,0,0,0,0,0,0,0,0,0,1,0,2,0,1,0,0,0,1,0,0,0,0,0,0,0,0,0
entertainment.363,entertainment,11,5,0,0,1,0,0,0,0,0,0,0,5,0,0,1,1,0,0,0,0,0,0,0,3,0,0,0,0,0,2,0,0,0,0,0,0,0,0,0,1,0,0,0,0,0,0,0,0,0
entertainment.364,entertainment,3,0,0,0,0,2,0,0,0,0,1,2,1,0,0,0,0,0,0,0,0,1,0,1,0,0,0,0,2,0,0,0,0,0,0,0,0,0,0,0,0,0,0,0,0,0,0,0,0,0
entertainment.365,entertainment,0,0,0,0,0,1,0,0,0,1,0,0,2,0,0,0,1,0,0,0,0,0,0,0,0,0,0,0,0,0,0,0,0,1,0,0,0,0,0,0,0,0,0,0,2,0,0,0,0,0
entertainment.366,entertainment,2,0,1,0,1,0,0,0,0,0,0,2,5,0,1,1,0,0,0,1,0,0,1,0,0,0,0,0,0,0,1,0,0,0,0,0,2,0,0,0,0,0,3,0,0,0,0,0,0,1
entertainment.367,entertainment,4,3,1,0,3,0,0,3,1,0,0,0,10,0,0,1,1,1,0,0,1,1,1,0,2,0,3,0,0,0,0,0,1,2,1,1,0,0,0,0,1,0,0,0,0,0,0,0,0,0
entertainment.368,entertainment,2,1,2,1,3,0,0,5,0,4,1,1,29,0,0,3,0,1,0,0,0,1,0,1,9,2,14,0,0,0,0,0,0,0,0,1,0,0,0,0,0,0,0,0,0,0,0,4,1,0
entertainment.369,entertainment,1,3,1,0,0,0,0,0,1,3,0,0,10,0,2,0,1,2,0,0,1,2,0,0,0,0,1,0,1,0,0,0,1,0,0,0,2,1,1,0,0,0,0,0,2,0,0,0,0,1
entertainment.370,entertainment,3,0,0,0,0,2,0,0,0,0,0,0,4,0,0,0,0,0,0,0,0,0,0,0,11,0,2,0,0,0,0,0,2,0,0,0,0,0,0,0,1,0,1,0,0,0,0,0,0,0
entertainment.371,entertainment,1,0,1,0,0,0,0,0,0,1,0,1,8,0,2,3,0,0,0,0,0,0,0,0,1,0,2,0,0,0,1,0,1,1,0,0,0,0,0,0,0,0,0,0,0,0,1,0,0,0
entertainment.372,entertainment,4,1,0,0,2,3,0,0,0,2,3,1,6,0,1,0,2,0,0,0,0,1,1,0,17,1,2,0,1,0,1,0,3,0,0,1,0,0,0,0,1,1,0,0,0,0,0,0,1,0
entertainment.373,entertainment,0,1,0,0,2,1,0,0,0,1,1,0,5,0,2,5,1,0,0,0,1,0,0,0,3,0,4,0,1,0,1,0,0,1,0,0,0,0,0,0,1,0,0,0,0,0,0,0,0,3
entertainment.374,entertainment,1,1,0,0,0,0,0,0,2,0,0,0,5,0,1,0,0,0,0,0,0,0,0,0,1,0,0,0,0,0,0,0,1,0,0,0,0,0,0,0,1,0,0,0,0,0,1,0,0,0
entertainment.375,entertainment,1,1,0,0,1,1,0,0,0,0,0,0,5,0,2,0,1,0,0,2,0,0,1,1,0,6,0,0,0,1,0,0,0,0,1,0,0,0,0,0,1,0,0,0,1,0,1,0,0,0
entertainment.376,entertainment,0,2,1,0,0,0,0,1,0,0,0,0,4,0,0,0,0,0,0,0,0,0,0,0,0,0,0,0,0,0,0,0,2,0,0,0,0,0,3,0,1,0,0,0,0,0,0,0,0,0
entertainment.377,entertainment,1,0,0,0,1,0,0,0,0,0,0,0,5,0,1,1,1,0,0,0,0,0,0,0,4,0,0,0,0,0,0,0,2,0,0,0,0,0,0,0,0,0,0,0,0,0,0,0,0,0
entertainment.378,entertainment,1,0,1,1,2,0,0,0,0,0,0,1,6,1,6,0,0,0,0,0,0,0,0,1,1,0,0,0,1,0,0,0,3,0,0,1,0,0,0,0,1,0,0,0,0,0,1,0,0,0
entertainment.379,entertainment,0,0,1,0,0,1,0,0,0,0,0,0,5,0,0,0,0,0,0,0,0,0,0,0,0,0,0,0,0,0,0,0,0,0,1,0,0,0,0,0,0,0,0,0,1,0,0,0,0,0
entertainment.380,entertainment,0,0,1,0,0,2,0,0,0,1,0,1,5,0,0,1,0,0,0,0,0,0,0,0,2,0,0,0,2,0,1,0,1,0,0,0,1,0,0,0,0,0,0,0,1,0,0,0,0,1
entertainment.381,entertainment,0,0,1,0,1,0,0,0,0,0,1,0,2,0,0,0,1,0,0,0,0,0,0,0,0,0,0,0,0,0,0,0,1,1,0,0,0,0,0,0,0,0,0,0,0,0,1,0,0,0
entertainment.382,entertainment,0,0,0,0,0,0,0,1,0,1,0,0,5,0,0,2,1,0,0,0,0,0,0,0,0,2,0,0,0,0,1,0,0,0,0,0,0,0,0,0,0,0,0,0,0,0,0,0,1,0
entertainment.383,entertainment,0,0,1,0,0,0,0,0,2,0,1,0,7,0,2,1,1,1,0,1,0,0,0,0,0,1,0,0,0,0,0,0,1,0,0,0,0,0,0,0,0,0,0,0,0,0,0,0,0,0
entertainment.384,entertainment,1,0,1,0,1,2,0,0,0,1,0,1,4,0,1,1,0,0,0,0,0,1,0,0,0,0,0,0,3,0,0,0,0,0,1,0,0,0,0,0,0,0,1,0,0,0,0,0,1,0
entertainment.385,entertainment,2,0,0,0,0,1,0,0,0,0,0,1,6,1,1,0,0,0,0,0,0,0,0,0,0,0,0,0,0,0,0,0,0,0,0,0,0,0,0,0,3,0,1,0,0,0,0,0,0,0
entertainment.386,entertainment,0,0,2,0,1,1,0,0,0,0,1,0,6,0,0,0,0,0,0,0,0,0,0,0,0,0,0,0,0,0,1,0,0,0,0,1,0,0,0,0,0,0,0,0,0,0,0,0,0,0
politics.001,politics,0,0,0,0,1,2,2,1,0,1,0,0,0,1,1,0,0,0,2,0,0,0,0,1,0,1,1,0,0,6,2,0,1,0,0,0,9,0,0,0,0,1,0,0,4,1,0,0,0,0
politics.002,politics,1,0,0,0,3,0,2,0,0,0,0,0,0,0,0,0,0,1,0,0,0,1,0,0,0,0,0,0,0,0,0,1,0,0,0,0,1,0,0,0,1,0,1,0,0,0,1,0,0,1
politics.003,politics,1,0,1,0,0,1,1,0,0,1,0,0,0,2,6,0,0,3,0,0,1,1,0,0,0,3,0,0,0,2,1,0,1,1,0,1,4,0,1,0,0,1,0,1,0,0,1,1,0,0
politics.004,politics,3,0,0,0,1,1,0,0,0,1,0,1,0,0,2,0,0,0,0,0,1,1,0,1,0,0,0,0,0,0,0,0,0,0,0,0,0,1,0,0,1,4,0,0,0,7,0,0,0,0
politics.005,politics,0,2,0,0,0,0,1,1,0,0,0,0,0,0,0,0,1,0,0,0,1,1,0,0,0,2,1,0,0,0,1,0,0,1,0,2,0,0,0,0,3,5,0,1,0,2,0,1,2,0
politics.006,politics,2,0,0,0,0,4,4,0,0,2,0,0,0,0,2,0,1,1,0,0,0,0,0,0,0,0,0,0,0,0,0,0,0,1,4,0,0,1,0,0,0,0,0,0,0,1,0,0,0,0
politics.007,politics,0,1,0,0,0,1,2,4,0,0,0,0,0,0,0,1,0,1,0,1,0,0,0,1,0,3,2,0,0,0,1,0,0,0,2,0,0,3,0,0,0,7,2,0,1,4,0,2,3,0
politics.008,politics,0,1,2,0,0,0,0,1,1,0,0,0,0,0,0,0,1,1,0,0,0,0,0,2,0,5,0,0,2,0,1,0,1,1,0,0,0,0,1,0,2,2,0,0,0,1,2,0,2,0
politics.009,politics,0,0,1,0,0,1,1,1,0,1,0,0,0,0,2,0,1,2,0,0,0,2,0,1,0,0,0,0,0,0,0,0,1,0,0,0,0,0,0,0,0,6,0,0,0,2,2,2,0,1
politics.010,politics,0,0,1,0,1,1,1,1,0,0,0,0,0,0,0,1,0,0,0,0,0,0,0,0,0,0,0,0,1,1,0,0,0,0,0,0,0,0,1,0,0,0,0,0,0,2,0,0,1,0
politics.011,politics,0,1,0,0,0,0,0,0,0,2,1,0,0,0,2,0,2,0,0,0,2,0,0,0,0,0,0,0,1,2,0,0,0,1,0,0,0,1,0,0,0,1,0,0,0,3,0,0,0,0
politics.012,politics,0,5,2,0,1,0,0,0,0,0,0,3,1,0,0,1,0,1,0,0,0,0,0,0,0,0,0,0,0,1,0,0,0,1,0,0,0,0,0,0,0,0,0,0,0,0,0,0,0,0
politics.013,politics,0,4,1,1,0,0,1,0,0,1,1,0,3,0,1,2,2,5,0,0,1,0,0,0,0,0,2,0,0,0,0,0,1,0,0,0,0,2,0,0,0,1,0,1,0,2,0,1,0,0
politics.014,politics,0,1,1,0,1,0,2,1,1,1,0,0,0,0,0,0,0,0,0,3,3,2,0,0,0,1,0,0,0,2,0,0,1,1,1,2,1,1,0,0,0,0,0,0,0,0,0,1,0,1
politics.015,politics,0,0,0,0,0,0,2,0,0,0,0,1,0,0,0,1,0,0,0,0,1,0,0,0,0,0,0,0,0,2,0,0,0,0,0,0,0,1,0,0,0,0,0,0,0,0,0,0,0,0
politics.016,politics,1,0,0,0,0,0,2,0,0,0,0,0,0,0,2,0,0,0,0,0,0,0,0,0,0,0,0,0,0,1,0,0,0,2,2,0,0,1,2,0,0,0,0,3,0,0,0,0,1,0
politics.017,politics,1,0,1,0,0,1,0,0,1,0,0,0,0,0,0,0,0,0,0,0,0,0,0,0,0,0,0,0,1,0,0,0,0,0,0,0,0,3,0,0,0,0,0,0,1,0,0,0,1,0
politics.018,politics,0,2,0,0,0,1,1,2,0,0,0,0,0,0,0,1,0,0,0,0,0,0,0,0,0,0,0,0,0,0,0,2,0,0,0,0,0,0,0,0,0,0,0,0,1,1,0,0,0,0
politics.019,politics,0,7,1,0,0,4,0,0,0,5,0,0,0,0,0,0,0,2,0,1,1,0,0,1,0,1,0,0,0,0,0,0,0,3,1,0,0,0,0,0,1,0,0,1,0,2,1,0,0,0
politics.020,politics,1,1,1,0,2,0,8,1,0,1,0,0,0,0,0,0,0,0,1,0,0,0,0,1,0,1,0,0,0,5,1,0,1,0,2,0,0,0,0,0,0,1,0,1,3,1,0,0,1,0
politics.021,politics,1,0,0,0,0,0,2,1,0,0,0,0,0,0,1,2,0,2,0,0,0,0,0,2,0,3,0,0,0,3,1,1,0,0,3,1,1,0,0,0,0,3,0,0,0,0,0,2,0,0
politics.022,politics,0,0,1,0,1,0,1,2,0,1,0,1,0,0,0,1,0,0,0,0,1,0,0,0,0,0,1,0,1,6,0,1,0,2,0,1,0,2,0,0,0,6,0,1,1,1,0,0,0,0
politics.023,politics,1,0,0,0,0,0,4,0,0,0,0,0,0,0,2,3,1,0,0,0,0,2,0,0,0,0,0,2,0,1,0,0,0,1,2,0,0,0,0,0,0,0,0,0,0,0,0,0,0,0
politics.024,politics,1,0,0,0,0,0,1,0,2,1,0,1,0,0,0,1,0,0,0,0,2,0,0,0,0,0,0,0,0,2,0,0,1,0,1,0,0,0,0,0,1,0,1,1,0,0,0,0,1,0
politics.025,politics,1,0,1,0,1,0,3,1,0,0,0,0,0,0,0,2,0,3,0,1,0,0,0,0,0,0,0,0,0,0,0,0,0,0,0,1,0,0,1,0,0,1,0,2,0,0,1,0,0,1
politics.026,politics,0,1,0,0,1,0,1,0,0,1,0,1,0,0,0,0,0,0,0,0,0,1,0,0,0,1,0,0,0,0,0,0,2,0,4,0,0,1,2,0,0,0,0,0,0,0,0,0,0,0
politics.027,politics,1,0,1,0,0,1,10,0,0,1,0,1,0,0,0,0,0,0,0,1,0,1,0,1,1,2,0,0,1,0,1,1,0,1,1,2,1,4,0,0,0,3,0,0,0,1,0,2,1,0
politics.028,politics,0,1,0,0,1,0,1,0,0,0,0,0,0,0,0,0,0,1,0,0,0,0,0,0,0,1,0,0,1,0,0,0,0,0,0,1,0,0,0,0,0,0,0,1,0,0,1,1,0,0
politics.029,politics,2,0,2,0,0,0,3,0,0,0,0,0,0,0,3,3,1,1,0,0,0,0,0,1,0,0,0,0,0,1,0,1,2,0,0,0,0,0,1,0,1,0,0,2,0,0,0,0,0,0
politics.030,politics,1,0,2,0,0,0,2,0,0,0,0,0,0,0,0,0,0,0,0,0,0,1,0,2,0,0,0,0,1,0,2,0,0,0,0,0,0,0,0,0,0,2,3,0,0,0,0,0,0,0
politics.031,politics,1,0,1,0,0,0,0,0,0,1,0,1,0,0,1,0,1,1,0,0,0,0,0,0,0,0,0,0,0,1,0,0,3,0,3,1,0,0,0,0,0,0,0,0,0,0,1,0,0,0
politics.032,politics,0,0,0,0,0,0,0,1,0,0,0,0,0,0,0,0,0,2,0,1,0,1,0,0,0,0,0,0,0,0,0,0,0,0,0,0,1,0,1,0,0,3,3,0,1,0,0,0,4,0
politics.033,politics,2,0,2,0,0,0,5,2,0,0,0,0,0,1,1,1,0,1,0,1,2,0,0,0,0,1,1,0,0,8,0,0,2,1,0,0,0,0,0,0,2,0,0,2,1,1,0,1,0,0
politics.034,politics,1,2,0,0,0,1,2,0,0,1,0,1,0,0,0,0,0,2,0,1,0,0,0,1,0,3,0,0,0,0,0,1,1,1,0,0,3,0,1,0,0,0,0,1,0,0,0,1,0,2
politics.035,politics,0,0,0,0,0,1,2,0,1,0,0,0,0,0,0,0,0,0,0,0,0,0,0,0,0,0,0,0,0,0,0,0,0,0,0,0,0,0,0,0,0,1,0,0,2,0,0,0,0,0
politics.036,politics,2,1,5,0,1,0,1,0,0,0,0,1,0,0,0,0,0,0,0,1,0,0,0,0,0,0,0,0,0,2,0,0,0,0,0,2,0,0,0,0,0,3,0,0,0,4,0,0,0,0
politics.037,politics,0,0,1,0,1,0,2,1,0,0,0,0,0,0,2,0,0,0,0,0,0,0,0,0,0,0,0,0,0,0,0,0,0,0,0,0,0,0,0,0,1,2,0,0,0,0,0,0,0,0
politics.038,politics,0,1,0,0,1,2,0,0,0,0,0,0,0,0,0,0,0,0,0,0,0,0,0,0,0,0,0,0,0,0,0,4,0,0,0,0,0,0,0,0,0,0,0,0,0,0,0,0,0,0
politics.039,politics,2,0,0,0,0,0,12,3,0,0,0,0,0,0,2,0,0,0,0,0,0,1,0,3,1,2,0,0,1,0,0,1,1,1,1,1,0,1,2,0,0,0,1,4,0,0,0,1,0,1
politics.040,politics,1,2,2,0,0,1,6,0,0,0,0,1,0,0,0,0,0,1,0,1,0,0,0,1,1,1,0,0,0,0,0,0,0,0,0,1,0,1,0,0,0,0,0,1,0,0,0,1,0,0
politics.041,politics,3,2,1,0,1,3,2,0,1,2,0,0,0,0,1,0,0,0,0,0,0,1,0,2,0,2,0,0,0,0,0,0,2,1,0,1,0,1,0,0,3,5,0,0,0,3,0,0,0,0
politics.042,politics,3,1,2,0,0,0,7,2,0,3,0,0,0,0,2,0,0,1,0,1,1,0,0,1,1,0,0,0,0,6,0,5,1,0,0,0,0,1,0,0,1,0,1,1,0,0,1,0,1,1
politics.043,politics,1,4,0,0,0,0,2,0,0,0,0,0,0,0,0,1,0,2,0,0,2,1,0,0,0,0,0,0,0,0,1,1,0,0,0,0,0,0,0,0,0,0,0,0,0,3,0,0,0,0
politics.044,politics,1,0,0,0,0,0,1,0,0,0,0,1,0,0,0,0,0,0,0,0,0,0,0,0,0,0,0,0,0,0,0,0,1,0,1,0,0,0,1,0,2,0,0,0,0,0,0,1,0,0
politics.045,politics,2,0,0,0,1,0,0,0,0,0,0,0,0,0,4,0,0,0,3,2,0,0,0,0,0,0,0,0,0,1,0,0,0,0,0,0,0,0,0,0,0,0,1,1,0,1,1,1,0,0
politics.046,politics,0,0,0,0,0,2,1,0,0,1,0,1,0,0,0,1,1,3,0,1,0,0,0,1,0,1,0,0,0,0,0,0,0,0,1,1,0,0,0,0,0,0,0,0,1,0,2,0,1,0
politics.047,politics,3,1,0,0,0,0,0,3,1,1,1,0,0,0,0,0,1,0,0,0,2,1,0,0,0,1,0,0,3,1,2,1,0,0,0,1,0,0,0,0,1,0,2,0,0,0,1,1,0,0
politics.048,politics,0,0,1,2,0,0,7,1,0,0,0,0,0,0,2,0,0,0,0,1,0,1,0,0,1,0,0,0,0,4,2,0,0,2,0,0,0,0,1,0,3,0,0,2,0,0,0,0,0,0
politics.049,politics,0,3,0,0,1,2,1,3,0,0,0,0,0,0,0,0,0,1,0,0,0,0,0,1,0,1,0,0,0,5,0,0,1,0,2,0,0,0,0,0,0,0,1,1,1,1,0,1,0,0
politics.050,politics,0,3,2,0,2,2,1,1,0,0,0,0,0,0,0,0,0,0,0,0,2,0,0,2,0,2,0,1,0,1,0,1,0,2,0,0,0,2,1,0,2,0,1,0,0,4,0,0,0,1
politics.051,politics,0,0,1,0,0,0,0,0,0,0,0,0,0,0,0,0,0,0,0,0,0,0,0,0,0,0,0,0,0,0,1,0,0,0,0,0,0,1,0,0,0,0,0,2,0,1,0,0,0,0
politics.052,politics,0,0,2,0,0,0,0,1,1,0,0,0,0,0,1,1,0,5,0,1,0,0,0,1,0,0,0,0,0,0,0,0,1,0,3,1,0,1,0,0,1,1,0,1,0,0,0,0,0,0
politics.053,politics,4,0,2,0,0,0,4,0,0,0,0,2,0,0,3,1,0,3,0,1,0,0,0,1,0,2,0,0,0,0,0,2,0,0,0,1,0,1,0,0,1,1,2,0,3,0,0,2,0,0
politics.054,politics,0,0,0,0,4,4,0,0,0,0,0,0,0,0,0,0,0,0,0,0,0,0,0,0,0,0,1,3,0,2,0,0,0,0,0,0,0,0,0,0,0,2,4,1,0,2,0,0,0,0
politics.055,politics,0,1,2,0,0,0,2,0,0,1,0,0,0,0,2,0,0,0,0,1,1,0,0,0,0,2,0,0,0,2,0,0,0,0,2,0,1,0,0,0,0,0,0,0,0,0,0,2,1,0
politics.056,politics,2,8,0,0,0,0,3,0,0,0,0,0,0,0,2,1,0,0,0,0,2,0,0,0,0,0,0,0,0,0,1,0,0,2,0,2,0,0,1,0,0,0,0,1,0,0,0,0,0,0
politics.057,politics,0,3,0,0,0,1,1,0,0,0,0,0,0,0,1,0,0,0,0,0,1,0,0,0,0,0,0,0,0,0,0,0,0,0,0,0,0,0,0,0,0,0,0,0,0,0,1,0,0,0
politics.058,politics,0,0,0,0,1,0,1,0,0,0,0,0,0,0,2,1,0,0,0,0,2,0,0,0,0,2,0,0,1,0,1,0,0,0,0,0,1,4,0,0,1,0,0,0,1,0,0,0,0,0
politics.059,politics,0,1,0,0,2,1,0,0,0,0,1,1,0,0,1,0,0,7,0,0,2,0,0,0,0,0,0,0,0,0,0,0,0,0,5,2,1,0,0,0,1,0,2,3,0,12,0,0,0,0
politics.060,politics,2,1,1,0,1,0,2,0,0,0,0,0,0,0,0,0,0,1,0,0,0,0,0,0,0,0,0,0,0,0,0,0,0,1,0,1,0,1,0,0,1,0,1,0,0,0,0,2,0,0
politics.061,politics,0,0,0,0,2,0,0,0,0,0,0,1,0,0,1,0,0,1,0,1,0,0,0,0,0,1,0,0,0,0,1,0,0,1,0,0,0,0,0,0,0,0,0,0,0,0,0,1,0,0
politics.062,politics,1,0,1,0,0,0,2,2,0,0,0,1,0,0,0,3,1,1,0,1,0,1,0,0,0,0,0,0,2,0,0,0,0,1,0,0,0,1,0,0,1,11,1,0,0,2,0,0,0,0
politics.063,politics,5,2,0,0,0,0,0,0,0,0,0,1,0,0,1,0,1,0,0,0,4,0,0,0,0,0,0,0,0,0,0,0,0,1,0,0,0,0,0,0,0,0,0,0,0,0,0,0,0,0
politics.064,politics,1,1,0,0,1,0,1,0,2,0,0,0,0,0,1,0,0,0,0,0,0,0,0,0,0,0,0,0,0,0,1,0,0,0,0,0,0,6,0,0,1,0,0,0,0,0,0,0,0,0
politics.065,politics,0,0,0,0,3,0,2,0,0,0,1,2,0,0,0,4,0,2,0,4,0,0,0,0,0,1,0,0,0,0,2,0,0,1,0,0,0,0,0,0,0,0,0,0,0,0,0,1,0,0
politics.066,politics,0,0,1,0,1,0,0,0,0,1,1,0,0,0,0,0,1,1,0,0,1,0,0,0,0,0,0,0,0,0,0,0,1,0,0,0,0,1,0,0,1,0,0,0,1,0,0,0,0,1
politics.067,politics,1,2,0,0,1,1,4,2,0,0,0,1,0,0,1,0,0,2,0,0,1,0,0,0,0,3,0,0,0,6,1,2,1,1,0,0,0,0,0,0,3,0,2,1,1,0,0,3,0,0
politics.068,politics,1,7,1,0,0,0,0,1,0,1,0,2,0,0,0,1,0,3,0,2,3,1,0,4,0,2,0,0,0,0,1,0,1,0,1,0,0,0,0,0,1,1,1,1,0,0,0,2,1,0
politics.069,politics,1,1,0,0,0,0,7,1,0,0,0,0,0,0,2,0,0,1,0,0,3,1,0,0,0,0,0,0,0,0,2,2,0,1,0,0,1,0,0,0,1,2,4,0,4,0,0,1,0,0
politics.070,politics,0,1,1,0,0,1,3,0,0,0,0,1,0,0,0,3,0,2,0,1,1,0,0,2,0,2,0,0,0,3,0,0,1,0,0,2,0,0,0,0,0,0,0,0,1,2,0,1,0,0
politics.071,politics,1,1,1,0,1,0,0,0,0,0,0,0,0,0,0,2,0,0,0,1,1,0,0,0,0,0,0,1,0,0,0,0,0,1,1,0,0,0,1,0,0,0,2,0,0,0,1,0,2,0
politics.072,politics,0,0,0,0,0,0,5,0,0,1,0,0,0,0,0,0,1,1,0,2,1,1,0,0,0,2,1,0,0,1,0,0,0,0,0,0,0,0,0,0,0,2,0,1,0,0,0,3,1,0
politics.073,politics,0,0,0,0,1,0,3,0,0,0,0,0,0,0,0,0,0,1,0,1,2,0,0,1,0,1,0,0,0,0,0,0,1,2,0,0,0,2,0,0,0,2,0,0,0,0,0,0,0,0
politics.074,politics,0,0,0,0,0,0,0,0,0,0,0,1,0,0,0,0,0,0,0,0,0,0,0,0,0,0,0,0,0,0,0,0,0,0,0,0,0,0,0,0,0,0,0,0,0,2,0,2,0,0
politics.075,politics,1,0,0,1,3,0,0,0,0,2,0,0,0,0,0,0,0,2,0,0,0,0,0,0,0,2,0,0,0,0,0,0,0,0,2,1,0,0,0,0,0,3,0,0,1,0,0,1,0,0
politics.076,politics,4,0,0,0,3,0,0,0,0,0,0,0,0,0,1,0,4,3,0,0,0,0,0,0,0,1,0,0,0,1,1,0,1,1,6,0,3,0,0,0,0,0,0,0,0,0,0,2,2,1
politics.077,politics,0,0,0,0,1,0,2,0,0,0,0,0,0,0,0,1,0,0,1,0,0,1,0,0,0,0,0,0,0,0,0,0,0,0,0,0,1,0,1,0,2,2,0,0,0,0,0,0,1,0
politics.078,politics,0,0,0,0,0,1,3,1,0,0,0,1,0,0,0,4,0,2,0,1,0,0,0,1,6,0,0,0,1,5,0,1,2,0,0,1,0,5,0,0,0,0,1,0,1,0,0,0,0,0
politics.079,politics,2,4,1,0,0,0,0,0,0,0,0,1,0,0,0,1,0,2,0,0,0,0,0,0,0,1,0,0,1,0,0,1,1,0,0,1,0,0,0,0,1,0,1,3,0,1,1,0,1,0
politics.080,politics,3,5,0,0,0,0,7,0,0,2,0,1,0,0,2,1,1,1,0,0,0,0,0,0,0,0,0,0,2,0,0,0,0,2,6,1,1,0,2,0,0,1,1,3,0,0,0,0,2,0
politics.081,politics,0,2,0,0,0,0,1,3,0,0,0,0,0,0,0,0,0,0,0,1,0,0,0,3,0,2,0,0,0,1,1,0,0,0,0,0,0,0,0,0,0,1,0,0,1,3,0,2,1,0
politics.082,politics,0,1,0,0,0,0,4,0,0,1,1,0,0,0,0,6,0,2,0,1,1,0,0,2,0,1,0,1,0,1,1,0,0,1,0,0,0,3,2,0,0,1,0,1,1,1,0,0,0,0
politics.083,politics,0,0,0,0,0,0,0,1,0,0,0,0,0,0,0,0,0,1,0,0,1,0,0,1,0,3,0,0,0,0,0,0,0,1,0,0,0,0,0,0,0,0,0,1,1,4,0,0,0,0
politics.084,politics,0,0,1,0,0,1,2,0,0,0,0,0,0,0,0,1,1,1,0,0,0,0,0,0,0,0,0,0,1,2,0,6,1,0,1,0,1,0,0,0,0,0,2,0,0,0,1,0,1,0
politics.085,politics,3,1,0,0,0,0,5,0,0,0,0,1,0,0,2,3,0,2,0,0,2,0,0,0,0,0,0,1,1,0,1,0,0,0,4,0,0,0,5,0,1,5,0,0,0,0,0,0,0,0
politics.086,politics,0,6,0,0,0,0,0,0,0,0,0,0,0,0,0,1,0,1,0,0,0,0,0,2,0,0,0,0,0,0,0,0,0,1,0,1,0,0,0,0,0,0,0,1,0,0,1,0,1,0
politics.087,politics,1,8,0,0,0,0,0,0,0,0,0,1,0,0,1,6,0,0,2,0,2,0,0,0,0,0,0,0,2,9,1,0,0,0,0,0,0,4,3,0,0,1,1,3,1,1,0,0,0,0
politics.088,politics,0,8,0,0,0,0,0,0,0,1,0,0,0,1,0,0,0,3,0,0,0,0,0,1,0,1,0,10,3,0,1,2,0,1,0,1,0,1,1,0,1,3,0,0,0,14,0,1,1,1
politics.089,politics,3,0,0,0,0,0,0,0,0,1,0,0,0,0,2,0,0,0,2,1,1,0,0,0,0,0,0,0,0,1,0,0,1,2,0,0,0,0,0,0,1,3,0,2,0,3,0,0,0,0
politics.090,politics,1,0,0,0,0,0,0,0,0,0,0,1,0,0,0,1,0,0,0,0,0,0,0,0,0,0,0,0,0,0,0,0,2,0,0,0,1,1,0,0,0,0,0,1,0,0,1,0,0,0
politics.091,politics,3,5,0,0,0,0,2,1,0,0,0,0,0,0,0,0,0,2,0,0,0,0,0,0,0,0,0,0,0,2,0,0,0,0,0,0,0,0,0,0,0,0,0,0,0,2,0,0,0,0
politics.092,politics,4,1,0,0,0,0,3,0,0,2,0,0,0,0,1,0,0,1,0,0,0,0,0,0,1,0,0,0,1,2,0,0,0,0,0,0,0,2,0,0,1,1,1,2,2,0,0,0,2,0
politics.093,politics,0,0,0,0,0,0,1,0,0,0,0,0,0,0,0,1,0,0,0,0,1,0,0,0,0,0,0,0,0,2,0,0,1,0,0,0,0,3,2,0,0,0,0,0,1,0,0,0,0,0
politics.094,politics,0,8,2,0,1,5,0,3,0,8,0,0,0,0,0,0,0,0,0,1,0,2,0,0,0,1,0,0,1,0,0,0,0,1,1,1,0,0,0,0,0,0,0,0,0,0,0,0,0,0
politics.095,politics,0,0,0,0,1,1,6,1,0,3,0,2,0,0,1,0,0,0,0,1,2,0,0,2,0,2,0,0,2,2,0,4,0,0,3,0,0,0,0,0,0,0,1,0,0,0,0,2,0,0
politics.096,politics,1,2,1,0,1,0,3,1,0,1,0,0,0,0,0,0,0,1,0,0,1,2,0,0,0,2,1,0,7,3,1,0,0,0,0,0,0,0,1,0,0,1,6,0,1,4,0,0,0,0
politics.097,politics,0,1,0,0,2,0,4,0,0,3,0,0,0,0,1,2,0,0,0,1,2,0,0,0,0,4,0,0,0,1,0,0,1,1,0,2,0,7,0,0,0,0,0,0,1,0,1,2,0,0
politics.098,politics,2,3,0,0,0,0,0,0,0,0,0,0,0,0,0,0,0,1,0,0,0,1,0,0,0,1,0,0,0,0,0,0,0,0,3,0,0,0,0,0,0,0,0,6,0,1,2,1,1,0
politics.099,politics,0,0,0,0,0,0,4,0,0,0,0,1,0,0,0,0,0,3,0,1,1,0,0,1,0,3,0,0,0,1,0,2,0,0,2,0,0,0,0,0,2,7,0,1,3,1,0,0,0,0
politics.100,politics,2,0,2,0,0,1,3,0,0,0,1,0,0,0,0,2,0,1,0,1,1,0,0,0,0,6,0,0,0,1,0,0,0,1,2,0,2,0,0,0,0,0,0,0,1,0,0,1,0,3
politics.101,politics,1,2,2,0,0,0,8,0,0,0,0,0,0,0,0,1,0,1,0,0,0,0,0,0,0,0,0,0,1,1,0,5,2,1,0,0,0,0,2,0,0,1,0,0,1,1,0,0,0,1
politics.102,politics,0,0,0,0,2,3,2,0,0,0,0,0,0,0,0,1,1,0,0,0,0,1,0,0,0,4,0,0,0,0,0,0,0,0,1,0,0,0,1,0,0,0,0,1,1,0,0,2,0,0
politics.103,politics,0,2,0,0,0,0,5,0,0,1,0,0,0,0,1,1,1,0,0,0,0,2,0,0,0,0,0,0,0,2,0,1,0,0,0,0,0,0,1,0,0,0,2,2,3,0,3,0,1,0
politics.104,politics,2,1,1,0,0,1,0,0,0,0,0,0,0,0,0,0,0,0,0,0,0,1,0,1,0,0,0,0,0,1,2,1,0,2,1,0,0,1,0,0,0,0,0,0,0,0,0,0,0,0
politics.105,politics,2,6,2,0,2,0,0,1,0,0,1,0,0,0,0,3,5,1,0,0,0,1,1,0,0,2,0,0,1,1,0,0,0,3,0,0,0,0,0,0,0,0,0,0,1,0,0,0,0,0
politics.106,politics,0,4,2,0,0,0,1,0,1,1,1,0,0,0,0,2,0,0,1,0,1,0,0,0,0,0,0,0,2,5,1,0,0,0,0,0,0,0,2,0,0,2,0,2,2,3,0,0,1,0
politics.107,politics,0,0,0,0,1,0,0,0,0,0,0,0,0,0,0,0,0,0,0,0,0,1,0,1,1,0,2,0,0,1,1,0,0,0,0,0,0,1,0,0,0,8,0,0,0,1,0,2,0,0
politics.108,politics,1,0,1,0,0,0,0,0,0,0,0,3,0,0,2,0,0,0,0,0,0,0,0,0,0,0,0,0,0,1,0,0,0,0,0,0,0,0,0,0,0,1,1,0,0,0,0,1,0,0
politics.109,politics,1,0,0,0,0,0,1,0,2,0,1,0,0,1,0,9,2,1,3,0,0,0,0,0,0,0,0,0,1,1,0,0,0,1,3,0,0,0,0,0,1,0,1,0,0,0,0,0,0,0
politics.110,politics,2,5,0,0,1,0,6,0,0,1,0,0,0,0,2,1,0,2,0,0,2,0,0,0,0,0,0,0,0,0,1,1,0,1,0,1,1,1,1,0,0,3,0,1,1,0,1,0,0,0
politics.111,politics,1,3,4,0,1,0,0,1,0,1,0,3,0,0,1,3,2,2,1,1,3,5,0,3,0,1,0,0,0,0,1,0,0,0,0,0,1,2,1,0,0,0,0,1,2,22,0,0,0,0
politics.112,politics,1,1,1,0,2,0,1,1,0,0,0,1,0,0,0,0,2,3,0,0,1,2,0,2,0,0,0,0,0,0,1,0,0,0,0,0,0,0,1,0,1,2,0,0,0,1,0,0,0,0
politics.113,politics,1,0,0,0,1,2,0,0,0,0,0,2,0,0,0,0,0,2,0,0,1,0,0,0,0,3,0,0,0,0,1,0,0,0,0,0,0,0,0,0,0,1,0,0,1,0,0,0,0,0
politics.114,politics,0,3,0,0,1,0,0,0,0,0,0,0,0,0,0,0,0,0,0,2,1,0,0,0,0,0,0,0,0,1,1,0,0,0,0,0,1,0,1,0,0,0,0,0,0,1,0,0,0,0
politics.115,politics,4,0,1,0,3,0,2,2,0,1,0,0,0,0,0,1,1,5,0,0,1,1,0,0,0,0,0,0,2,1,0,0,3,0,1,0,0,1,0,0,0,1,0,4,0,0,0,0,1,0
politics.116,politics,1,1,0,0,1,0,1,2,0,1,0,0,0,0,5,0,0,1,0,0,0,1,0,0,0,1,0,0,1,2,0,1,2,0,2,1,0,0,0,0,1,0,1,0,2,0,0,1,0,0
politics.117,politics,0,0,0,0,0,2,0,2,0,0,0,0,0,0,0,0,0,0,0,0,1,0,0,0,1,2,0,0,0,0,1,0,0,0,0,1,0,0,0,0,0,2,0,3,0,0,2,1,0,0
politics.118,politics,1,2,1,0,1,2,1,3,0,2,0,0,0,0,1,0,0,0,0,0,1,0,0,0,1,1,0,0,1,3,0,0,0,1,0,1,0,0,1,0,0,0,0,1,0,0,0,1,0,0
politics.119,politics,1,2,2,0,0,1,0,0,0,0,0,0,0,0,2,0,0,1,0,0,0,0,0,0,0,0,0,0,0,0,0,0,0,0,1,1,0,0,2,0,0,0,0,1,0,0,0,0,0,1
politics.120,politics,0,4,0,0,1,0,0,0,0,0,0,0,0,0,0,0,0,2,0,0,0,1,0,0,0,2,0,0,1,0,1,0,0,2,0,0,0,1,0,0,0,1,0,1,0,2,0,1,0,0
politics.121,politics,4,2,0,0,4,0,1,0,0,0,0,2,0,0,0,0,3,0,0,1,0,0,0,0,0,0,0,0,2,0,0,2,0,1,0,1,8,0,2,0,1,0,0,1,0,0,0,0,1,0
politics.122,politics,2,7,1,1,0,0,3,0,0,0,1,1,0,0,2,5,1,2,0,1,1,0,0,0,0,1,0,0,0,5,0,0,2,0,0,0,2,1,0,0,1,2,1,1,0,1,0,1,0,0
politics.123,politics,0,0,0,0,0,0,0,0,0,0,0,0,0,0,0,0,0,0,0,1,0,0,0,0,0,0,0,0,0,0,0,0,0,0,0,0,0,0,0,0,0,0,0,0,1,1,0,0,0,0
politics.124,politics,4,3,1,0,3,4,2,2,0,0,0,0,0,0,3,0,1,3,0,0,2,1,0,0,0,3,0,0,0,0,0,3,0,1,0,0,4,0,0,0,1,2,1,4,0,0,0,1,0,0
politics.125,politics,0,0,1,0,1,0,0,0,0,0,0,1,0,0,1,0,0,1,0,0,0,0,0,0,0,1,0,0,0,0,0,0,1,1,2,0,0,0,0,0,0,0,0,0,0,3,2,1,0,0
politics.126,politics,1,2,0,0,1,0,0,1,3,0,0,1,0,0,0,2,0,2,0,0,0,0,0,0,0,1,0,0,0,2,1,1,0,0,1,0,0,0,0,0,1,0,0,3,1,0,0,0,1,0
politics.127,politics,7,2,2,0,0,0,1,1,7,0,0,0,0,0,0,1,0,1,1,0,3,0,0,0,0,1,0,0,0,1,1,0,3,2,2,0,0,7,3,0,1,0,2,4,2,0,0,1,0,1
politics.128,politics,4,0,0,0,1,1,3,1,0,1,0,1,0,0,2,2,0,1,0,0,0,0,0,0,0,1,1,1,0,0,0,0,1,0,1,0,1,0,2,0,0,1,0,0,2,0,1,1,1,1
politics.129,politics,0,0,0,0,0,0,0,0,0,0,1,0,0,1,0,3,0,0,0,1,0,0,0,0,0,0,0,0,0,1,0,0,0,1,0,0,0,0,0,0,0,0,0,1,0,0,0,0,0,0
politics.130,politics,4,0,1,0,0,0,1,0,7,1,0,0,0,0,1,1,0,2,0,0,0,0,0,0,0,1,0,0,0,0,0,0,0,1,4,0,0,5,1,0,1,0,0,0,0,0,0,0,0,1
politics.131,politics,1,2,2,0,0,0,0,0,0,0,0,1,0,0,0,1,0,0,0,3,0,0,0,1,0,0,0,0,0,0,1,0,1,0,0,1,0,0,0,0,0,0,0,0,1,0,0,0,0,2
politics.132,politics,0,3,1,0,1,0,3,0,0,0,0,0,0,0,3,0,1,0,0,0,1,0,0,0,0,2,0,0,0,1,0,0,1,0,0,0,0,1,0,0,0,0,0,1,1,1,1,0,0,1
politics.133,politics,1,1,1,0,0,1,0,0,1,0,0,0,0,0,0,0,0,0,0,0,0,1,0,0,0,2,0,0,0,1,0,0,0,0,0,1,0,1,1,0,0,1,0,1,1,0,1,1,0,0
politics.134,politics,1,2,3,0,1,0,2,3,0,1,0,1,0,0,0,0,0,1,0,1,0,0,0,1,0,0,0,0,1,0,1,0,0,0,0,0,0,1,1,0,0,1,0,0,0,0,0,0,2,0
politics.135,politics,0,3,1,0,2,1,4,0,0,0,1,1,0,0,1,4,0,3,0,0,0,1,0,2,0,1,0,0,0,2,0,0,1,1,0,0,0,3,0,0,1,0,1,2,3,0,1,4,0,1
politics.136,politics,1,1,1,0,0,0,1,0,1,0,0,2,0,0,1,2,0,1,0,0,1,0,0,0,0,1,0,0,0,0,0,0,0,0,0,0,1,3,0,0,0,0,0,0,1,0,0,1,1,0
politics.137,politics,2,2,2,0,0,1,1,1,0,0,0,2,0,0,0,0,1,0,0,1,0,1,0,1,0,2,0,0,1,0,2,1,0,0,1,0,1,2,0,0,1,0,1,0,0,1,0,4,0,2
politics.138,politics,1,0,0,0,1,0,2,0,0,0,0,0,0,0,0,4,1,0,0,2,0,0,0,0,0,0,0,0,0,1,2,0,0,1,9,1,0,0,1,0,0,0,0,2,0,0,0,0,0,0
politics.139,politics,1,0,1,0,0,0,1,0,0,0,0,1,0,0,0,1,0,0,0,0,0,0,0,0,0,0,0,0,0,1,1,3,0,0,1,0,0,3,0,0,0,0,0,0,0,0,0,0,0,0
politics.140,politics,0,0,1,0,2,0,0,0,0,0,0,0,0,0,0,1,0,0,0,0,0,0,0,0,0,0,0,0,1,0,0,0,0,0,0,0,0,0,0,0,1,0,2,0,0,0,0,0,0,0
politics.141,politics,0,3,0,0,0,0,1,3,0,0,0,0,0,0,0,0,0,0,0,2,0,0,0,1,0,1,0,0,1,5,2,0,0,1,1,0,0,0,1,0,1,3,0,0,1,2,1,1,0,0
politics.142,politics,1,0,0,0,2,1,5,0,0,1,0,1,0,0,0,3,0,1,0,0,3,2,0,2,0,1,1,0,0,1,0,0,0,3,0,0,0,1,0,0,1,0,0,0,0,2,0,1,2,0
politics.143,politics,2,2,2,0,1,1,0,2,0,3,0,0,0,0,3,0,0,0,0,0,0,1,0,1,0,0,1,0,2,0,0,0,0,2,0,1,0,0,1,0,1,4,0,0,0,4,0,1,0,1
politics.144,politics,0,1,1,0,0,0,0,0,0,0,0,2,0,0,0,0,0,0,0,0,0,0,0,0,0,0,0,0,0,0,0,0,0,0,0,0,0,0,0,0,2,0,0,0,0,0,0,0,0,0
politics.145,politics,0,0,0,0,1,0,0,0,0,0,0,0,0,0,0,1,0,0,0,0,0,0,0,0,0,0,0,0,0,0,1,0,0,1,1,0,1,0,0,0,0,0,0,0,1,3,0,0,0,0
politics.146,politics,0,0,0,0,1,0,2,1,0,0,0,0,0,0,0,4,0,0,0,0,0,0,0,3,0,0,0,0,1,2,0,0,0,0,0,0,1,5,0,0,0,0,0,1,0,0,0,0,0,0
politics.147,politics,0,2,0,0,1,0,1,2,0,0,0,1,0,0,1,2,0,0,0,0,5,0,0,0,0,4,0,0,1,3,1,0,1,1,1,0,0,1,0,0,1,6,0,0,2,1,1,1,1,0
politics.148,politics,0,0,1,0,0,1,0,0,0,0,0,0,0,0,0,0,0,1,0,3,0,0,0,2,0,3,0,0,0,0,0,0,0,0,0,0,2,0,0,0,0,2,0,0,0,0,0,0,0,3
politics.149,politics,0,1,0,0,0,3,0,0,1,1,0,0,0,0,1,0,0,1,0,0,0,0,0,1,0,0,1,0,0,1,0,0,0,1,0,0,1,0,0,0,1,0,0,1,1,0,0,2,2,0
politics.150,politics,1,0,0,0,0,1,0,1,0,0,0,0,0,0,1,0,1,0,0,0,0,0,0,0,0,0,0,0,0,1,0,0,0,0,1,0,0,0,0,0,1,1,0,0,0,2,0,0,0,0
politics.151,politics,1,1,1,1,0,0,1,0,0,0,0,0,0,0,0,5,0,1,0,0,1,0,0,0,0,3,0,0,0,0,0,0,0,0,0,0,0,0,0,0,2,0,0,1,0,0,1,1,2,1
politics.152,politics,0,5,0,0,0,1,1,1,0,0,0,0,0,0,0,0,1,0,0,2,0,0,0,0,0,1,0,0,1,0,0,1,0,1,0,0,0,0,0,0,0,0,0,0,0,0,0,1,0,0
politics.153,politics,1,1,0,0,0,0,4,0,1,0,0,0,0,0,2,4,1,2,0,0,1,0,0,0,0,1,2,0,2,5,0,0,0,0,0,1,0,3,0,0,0,3,1,3,0,0,0,1,2,0
politics.154,politics,1,0,1,1,1,0,1,1,0,2,0,1,0,0,1,0,0,2,0,0,0,2,0,0,0,0,0,0,1,0,0,0,0,1,4,0,0,0,0,0,0,1,0,0,0,0,0,0,0,0
politics.155,politics,0,2,0,0,0,1,0,0,1,0,0,1,0,0,0,0,0,0,0,0,0,0,0,0,0,1,0,0,0,0,0,0,0,1,0,0,0,0,0,0,1,0,0,1,0,0,0,2,1,0
politics.156,politics,3,0,1,0,0,0,1,0,0,0,0,1,0,0,3,0,0,1,0,0,0,1,0,1,0,0,0,0,1,0,0,2,0,0,1,0,0,0,1,0,0,0,0,0,0,0,1,0,0,0
politics.157,politics,0,1,1,0,3,0,0,0,0,0,0,0,0,0,0,2,4,0,0,0,1,0,0,0,0,2,0,0,0,1,1,0,0,0,1,0,0,0,0,0,2,0,0,0,0,5,0,5,0,0
politics.158,politics,5,1,0,0,0,0,1,0,1,1,0,0,0,0,0,0,0,1,0,1,0,0,0,0,1,1,0,2,0,0,0,1,0,1,0,0,0,0,0,0,0,0,0,0,0,0,0,0,0,0
politics.159,politics,1,5,0,0,2,2,2,0,0,2,0,0,0,0,3,0,0,7,0,0,0,0,0,1,2,1,1,0,0,1,0,0,0,0,0,0,1,0,1,0,1,5,0,1,1,2,0,1,1,0
politics.160,politics,0,1,0,0,0,0,4,1,0,0,0,0,0,0,0,0,0,1,0,0,0,0,0,0,0,2,0,0,0,0,0,0,0,1,1,0,0,0,0,0,1,1,0,1,0,0,0,1,1,0
politics.161,politics,1,0,0,0,0,0,0,0,3,0,0,0,0,0,0,0,0,0,0,0,0,0,0,0,0,0,0,0,0,0,2,0,0,2,0,0,0,4,0,0,1,0,0,0,1,0,0,0,0,0
politics.162,politics,1,0,0,0,1,0,2,0,0,1,0,0,0,0,4,0,1,1,1,0,0,0,0,0,0,0,0,0,0,0,1,0,0,1,0,0,0,0,0,0,0,0,0,0,0,0,0,0,0,0
politics.163,politics,1,1,0,0,1,1,0,2,0,0,0,0,0,0,0,0,0,0,0,0,0,0,0,0,0,0,0,0,0,0,3,0,0,2,0,0,0,0,0,0,0,1,0,2,0,0,0,1,0,0
politics.164,politics,1,3,0,0,0,3,0,0,2,0,2,0,0,0,0,0,1,0,0,1,0,0,0,0,0,1,0,0,0,1,0,1,0,0,0,0,0,0,0,0,0,0,1,0,0,0,0,0,1,2
politics.165,politics,0,1,0,0,1,0,0,0,0,2,0,1,0,0,1,0,0,0,0,2,1,0,0,0,0,2,0,0,0,3,0,0,0,1,0,0,1,0,0,0,0,0,0,1,1,0,1,1,0,0
politics.166,politics,1,0,1,0,2,1,0,3,1,1,0,0,0,0,3,0,1,2,0,0,0,1,0,0,0,2,0,0,0,0,0,0,0,0,1,0,0,0,0,0,1,0,0,0,0,0,0,4,0,1
politics.167,politics,1,0,1,0,0,0,8,0,0,0,0,0,0,0,1,0,0,0,0,0,0,0,0,0,0,0,0,0,0,2,0,0,3,0,4,0,0,0,1,0,1,0,1,3,0,0,0,1,0,0
politics.168,politics,5,0,1,0,0,0,2,0,0,1,0,0,0,0,0,0,0,3,0,0,1,0,0,0,0,2,0,0,0,1,0,0,0,0,1,1,0,0,0,0,0,0,0,1,0,0,1,2,1,0
politics.169,politics,0,1,0,0,0,0,1,0,0,0,0,0,0,0,0,0,0,0,0,1,1,0,0,0,0,3,0,0,0,0,0,0,0,0,0,3,0,0,1,0,0,0,0,0,0,0,0,0,0,0
politics.170,politics,2,3,0,0,2,0,2,0,0,0,0,0,0,0,0,0,0,0,0,0,2,1,0,3,0,1,0,0,0,4,0,2,0,0,0,1,3,0,0,0,1,0,0,0,1,0,0,1,0,2
politics.171,politics,1,0,0,0,0,0,2,0,1,1,0,3,0,0,0,2,1,0,0,0,0,0,0,0,0,0,0,0,0,2,0,0,0,0,0,0,0,0,0,0,0,1,1,0,3,1,0,0,0,0
politics.172,politics,0,3,0,0,0,0,0,1,0,0,0,0,0,0,0,0,1,1,0,0,0,0,0,0,0,0,0,0,1,0,0,2,1,0,1,1,0,0,0,0,0,0,0,1,0,0,0,0,0,0
politics.173,politics,0,2,0,0,1,0,0,0,0,0,0,0,0,0,1,0,0,0,0,1,0,0,0,0,0,0,1,0,0,0,0,0,0,0,0,0,0,0,0,0,0,0,2,0,0,1,0,0,0,0
politics.174,politics,0,1,0,0,0,4,0,1,0,0,0,0,0,0,2,0,0,0,0,0,0,0,0,0,1,1,0,0,0,0,1,0,0,1,4,0,0,0,0,0,0,0,0,2,0,1,0,1,0,0
politics.175,politics,2,0,1,0,0,0,2,0,1,0,0,0,0,0,0,0,0,0,0,0,0,1,0,1,0,1,0,0,0,3,1,3,0,0,0,0,0,2,0,0,0,7,1,0,0,4,0,0,1,1
politics.176,politics,1,0,1,0,0,0,2,0,0,0,0,2,0,0,1,0,0,1,0,1,0,0,0,1,0,0,0,0,0,2,1,0,0,0,1,0,0,0,0,0,1,0,0,1,0,0,0,0,1,0
politics.177,politics,3,1,2,0,2,0,0,0,0,0,1,0,0,0,0,1,0,2,0,0,0,0,0,0,0,0,0,0,0,0,0,7,0,0,0,0,0,0,0,0,0,0,0,0,0,0,1,1,0,0
politics.178,politics,1,1,0,0,0,0,0,2,0,0,0,0,0,1,0,0,0,0,1,0,0,0,0,0,0,0,0,0,0,0,0,0,0,0,0,0,0,0,0,0,0,0,0,0,0,0,0,0,1,0
politics.179,politics,1,3,0,0,0,0,0,3,0,1,0,0,0,0,0,0,0,3,0,3,1,0,0,0,0,2,0,0,0,0,0,0,0,0,0,0,0,0,0,0,0,0,0,0,0,0,0,3,4,0
politics.180,politics,0,1,1,0,1,0,1,0,0,0,0,0,0,0,0,0,0,2,0,0,1,0,0,1,0,1,0,0,0,2,0,0,1,0,0,0,0,0,1,0,1,1,0,0,0,0,0,2,0,0
politics.181,politics,2,0,0,0,0,0,4,0,0,1,0,3,0,0,0,0,0,2,0,0,0,0,0,3,0,1,0,0,1,0,0,0,1,1,0,1,0,0,0,0,0,0,0,1,3,0,1,1,0,2
politics.182,politics,1,0,0,0,1,3,2,0,0,0,0,2,0,0,0,3,1,4,0,2,1,0,0,1,0,2,1,0,0,7,1,1,0,0,0,0,0,0,1,0,1,1,0,1,0,1,0,1,1,0
politics.183,politics,0,0,0,0,0,0,1,0,0,1,0,1,0,0,0,1,0,0,0,0,0,0,0,2,0,0,0,0,0,0,0,0,2,0,0,0,1,0,0,0,0,0,0,0,0,1,0,0,0,0
politics.184,politics,0,0,1,0,4,0,4,0,0,1,0,1,0,0,0,0,0,4,0,0,1,1,0,0,0,4,0,0,2,1,0,0,0,1,0,0,0,0,1,0,1,0,0,1,1,0,1,2,0,1
politics.185,politics,1,2,0,0,0,0,0,0,0,1,0,0,0,0,0,0,0,0,0,1,1,2,0,0,0,0,0,0,0,4,0,0,0,0,0,0,0,0,0,0,0,0,1,1,1,2,1,0,1,0
politics.186,politics,0,0,0,1,3,1,1,0,0,2,0,0,0,0,1,0,1,3,0,0,0,3,0,0,0,2,0,0,0,0,0,0,0,0,4,0,0,0,0,0,0,3,0,0,0,3,0,0,0,0
politics.187,politics,2,0,0,0,0,1,5,1,0,0,0,0,0,0,0,1,1,0,0,0,0,1,0,0,0,0,0,0,3,2,0,0,0,1,0,2,0,1,0,0,0,0,0,0,0,0,0,0,0,1
politics.188,politics,0,0,0,0,0,0,0,0,0,0,0,0,0,0,0,0,0,0,0,0,0,0,0,0,0,0,0,0,0,0,0,0,1,0,1,1,0,0,0,0,0,0,0,0,1,0,0,0,0,0
politics.189,politics,0,0,0,0,2,2,0,0,4,0,0,0,0,0,2,1,0,3,0,0,0,1,0,0,0,1,2,0,0,0,0,0,0,4,0,0,0,1,0,0,1,0,0,2,0,0,2,1,0,0
politics.190,politics,0,0,0,1,6,0,0,1,3,0,2,1,0,0,1,0,0,0,2,0,0,1,0,0,0,1,1,0,0,0,0,0,0,0,0,0,0,0,0,2,0,0,0,1,0,0,0,0,0,0
politics.191,politics,0,0,1,0,0,0,0,0,1,0,0,0,0,0,2,0,0,1,0,0,0,0,0,1,1,1,0,0,0,0,0,0,0,1,0,0,0,2,1,0,0,0,0,1,0,0,0,1,0,0
politics.192,politics,2,2,0,0,0,0,7,0,0,1,0,0,0,0,0,5,0,0,0,1,2,0,0,1,0,1,0,0,0,0,0,0,0,2,0,0,1,0,0,0,1,1,0,0,2,0,0,0,0,1
politics.193,politics,1,2,1,0,0,0,3,0,1,0,0,0,0,0,1,5,0,0,0,0,1,0,0,0,1,3,0,0,1,0,0,0,0,0,0,0,0,3,0,0,0,0,0,2,0,0,0,0,3,0
politics.194,politics,0,1,0,0,0,0,0,0,0,0,0,2,0,0,0,0,0,0,0,0,0,1,0,1,0,0,0,0,0,0,0,0,0,0,0,1,0,0,0,0,1,0,0,0,0,0,0,1,0,0
politics.195,politics,0,0,0,0,1,1,1,0,1,1,0,0,0,0,0,1,1,0,0,0,1,3,0,0,0,2,0,0,2,1,2,0,0,2,0,1,1,3,0,0,0,0,0,2,1,0,0,1,0,0
politics.196,politics,0,1,0,0,0,0,1,2,0,0,0,0,0,0,0,0,0,0,0,0,1,1,0,1,0,1,0,0,0,1,0,0,0,0,1,1,0,0,0,0,2,7,0,0,0,2,1,9,0,0
politics.197,politics,0,0,0,0,3,0,0,0,0,0,1,0,0,0,0,2,0,1,0,0,3,0,0,0,0,0,0,0,1,0,0,0,0,0,2,1,0,2,1,0,0,0,0,1,0,0,0,0,0,0
politics.198,politics,0,4,0,0,2,0,1,1,0,0,0,0,0,0,2,1,0,2,0,0,4,0,0,3,0,0,0,0,0,4,0,0,0,0,0,1,0,0,0,0,1,0,0,2,1,0,0,0,0,0
politics.199,politics,0,0,0,20,0,0,2,2,0,0,5,0,2,0,0,1,0,0,0,0,1,0,0,1,0,0,0,1,0,0,0,0,1,0,0,1,1,0,0,0,0,0,1,3,0,0,1,0,2,0
politics.200,politics,1,6,1,0,1,0,1,1,0,3,0,0,0,0,0,0,2,3,0,0,1,0,0,1,0,0,0,0,0,0,0,0,1,1,0,0,0,0,0,0,0,2,0,1,1,1,0,0,0,0
politics.201,politics,0,2,0,0,0,0,1,0,0,0,0,0,0,0,1,2,0,0,1,1,4,0,0,0,0,4,0,0,1,1,1,0,0,1,0,2,0,0,0,0,0,1,0,0,0,4,0,3,2,0
politics.202,politics,2,1,2,0,3,0,2,5,1,0,0,0,0,0,0,0,1,0,0,1,2,1,0,1,0,1,0,1,0,4,3,0,0,1,0,0,0,1,0,0,0,0,0,0,1,1,1,1,0,2
politics.203,politics,1,0,0,0,1,0,2,0,0,2,0,1,0,0,2,3,0,0,0,0,0,1,0,0,0,0,0,1,0,3,0,0,0,0,2,0,0,0,1,0,0,0,0,1,0,0,1,0,0,1
politics.204,politics,2,1,0,0,0,0,0,0,0,0,1,1,0,0,6,0,0,0,0,0,1,0,0,0,0,0,0,0,0,5,0,5,0,0,0,0,0,0,0,0,0,0,1,0,0,0,0,0,1,0
politics.205,politics,1,1,0,0,0,0,2,0,1,0,0,0,0,0,0,4,0,2,0,0,0,0,0,0,0,2,0,0,0,0,0,0,0,1,0,0,0,0,0,0,0,0,0,0,1,1,0,1,0,1
politics.206,politics,0,0,1,0,0,0,1,0,0,0,0,0,0,0,0,0,0,0,0,0,1,0,0,1,0,1,0,0,0,0,0,0,0,0,0,1,0,1,0,0,0,1,0,0,0,0,0,1,0,0
politics.207,politics,3,0,0,0,1,0,1,0,0,0,1,0,0,0,1,0,0,0,0,0,0,0,0,0,0,0,0,0,0,2,0,0,1,0,3,0,0,0,0,0,0,3,0,0,0,1,0,0,1,0
politics.208,politics,0,0,0,0,1,0,4,0,0,0,0,1,0,2,0,0,0,0,0,0,0,0,0,0,0,0,0,0,0,0,0,0,0,0,0,0,0,1,1,0,0,0,2,1,0,0,0,0,0,0
politics.209,politics,0,0,0,0,0,1,1,0,2,0,0,0,0,0,1,0,0,0,0,1,0,0,0,0,0,0,0,0,0,1,0,0,0,3,0,0,0,1,0,0,0,0,0,0,0,0,0,0,1,0
politics.210,politics,0,2,2,0,0,0,2,1,0,1,0,0,0,1,2,0,0,1,0,1,1,1,0,0,0,0,0,0,0,1,0,10,1,0,0,1,0,3,0,0,0,0,3,1,0,0,0,0,1,0
politics.211,politics,1,0,0,0,0,0,2,1,0,0,0,0,0,0,0,1,0,1,0,2,1,0,0,0,0,2,0,0,0,0,0,0,1,0,0,0,0,0,0,0,1,0,0,0,0,0,0,0,0,0
politics.212,politics,0,1,1,0,1,0,0,0,0,0,0,0,0,0,0,0,0,0,0,0,1,0,0,0,0,1,2,0,0,0,0,0,0,2,2,0,0,0,0,0,0,1,0,0,1,4,0,0,0,0
politics.213,politics,1,2,0,0,1,0,0,2,0,2,0,0,0,0,0,0,0,3,0,0,1,0,0,0,0,0,3,0,0,3,1,0,0,0,0,0,0,0,1,0,0,5,3,1,0,2,0,0,1,0
politics.214,politics,0,6,1,0,3,0,1,0,0,0,0,2,0,0,0,0,0,0,0,0,0,0,0,0,0,0,0,0,0,0,0,0,0,0,3,0,0,1,1,0,3,1,0,2,1,0,0,0,0,0
politics.215,politics,5,2,1,0,0,0,1,2,0,5,0,1,0,0,0,7,0,2,1,1,1,0,0,0,0,0,0,0,2,0,0,2,0,1,3,0,0,3,1,0,1,0,1,1,1,0,2,0,0,1
politics.216,politics,0,1,0,0,0,0,1,0,0,0,0,0,0,0,2,1,0,4,0,2,0,0,0,0,0,1,0,0,0,1,0,1,0,0,0,1,0,1,0,0,0,0,0,1,0,0,0,0,0,0
politics.217,politics,0,3,0,0,0,1,1,0,0,0,0,0,0,0,1,1,0,0,0,0,0,0,0,1,0,0,0,0,1,0,5,0,1,1,0,0,0,0,0,0,0,0,1,0,0,1,0,0,1,0
politics.218,politics,1,1,2,0,2,0,2,0,0,4,1,0,0,0,0,1,0,1,0,1,0,0,0,1,0,5,0,0,0,2,0,0,0,0,2,2,2,2,0,0,1,1,0,1,0,1,0,3,1,0
politics.219,politics,0,4,1,3,0,1,0,2,0,1,0,0,0,0,3,0,0,0,1,1,4,0,0,0,0,0,0,0,0,1,0,0,0,0,0,0,1,0,0,0,0,0,0,0,1,0,0,1,0,0
politics.220,politics,1,1,2,0,0,0,1,0,1,0,0,0,0,0,1,4,0,0,0,0,1,0,0,0,0,0,0,0,0,5,1,1,0,0,0,0,0,7,1,0,0,2,2,2,0,2,2,1,1,0
politics.221,politics,2,0,1,0,0,2,3,0,0,0,0,0,0,0,0,0,0,0,0,1,0,0,0,1,0,0,0,0,0,1,0,0,0,0,0,1,0,2,1,0,0,0,0,0,2,0,1,0,0,0
politics.222,politics,0,1,2,0,0,1,4,0,0,0,0,3,0,0,0,1,0,0,0,1,0,0,0,1,0,0,0,0,0,0,0,0,0,0,0,0,0,1,0,0,0,0,0,0,1,0,0,0,1,0
politics.223,politics,1,4,0,0,0,1,1,1,1,3,0,0,0,0,0,0,1,1,0,0,0,1,0,1,0,0,1,0,0,2,0,0,0,1,0,0,0,0,0,0,0,0,1,0,0,6,0,0,0,0
politics.224,politics,1,2,3,0,0,2,4,0,0,0,0,0,0,0,0,1,0,0,0,2,0,0,0,1,0,0,1,0,0,0,1,0,0,0,0,2,0,1,0,0,0,0,0,0,0,0,0,0,0,1
politics.225,politics,0,1,0,0,0,1,1,1,0,2,0,1,0,0,0,0,0,0,0,2,1,0,0,0,0,5,1,0,0,1,1,0,0,0,0,1,0,0,1,0,2,4,0,1,2,3,0,1,0,0
politics.226,politics,0,2,0,0,0,0,5,0,1,1,0,1,0,0,1,0,1,0,0,0,0,1,0,0,0,0,0,0,1,5,0,2,0,0,0,0,0,0,0,0,0,1,1,3,0,1,0,0,0,0
politics.227,politics,2,0,0,0,1,2,2,1,0,0,0,1,0,0,0,0,0,1,0,1,0,0,0,2,0,2,1,0,0,3,0,0,0,0,0,1,0,1,0,0,0,1,0,0,1,0,0,2,2,0
politics.228,politics,0,3,2,0,3,0,0,0,0,0,0,1,0,0,0,0,1,1,0,0,0,0,0,1,0,0,0,0,0,0,0,0,0,1,1,0,0,0,0,0,1,6,0,0,0,3,0,0,0,0
politics.229,politics,0,1,0,0,1,0,1,0,0,1,0,0,0,0,0,4,0,1,0,2,1,0,0,0,0,0,1,0,0,0,0,0,1,0,0,1,0,0,0,0,0,0,0,1,0,0,0,0,0,0
politics.230,politics,2,2,1,0,0,0,1,0,0,0,0,0,0,0,0,0,0,0,0,0,0,0,0,1,0,0,0,0,0,0,0,1,1,1,0,0,0,0,2,0,2,0,0,0,0,0,0,0,0,0
politics.231,politics,1,1,2,0,1,1,0,1,0,0,0,0,0,0,0,0,0,0,0,0,0,0,0,0,0,0,0,0,0,1,0,0,0,0,0,0,1,0,1,0,1,0,0,1,0,0,0,0,0,1
politics.232,politics,0,0,0,0,0,0,1,1,0,0,0,0,0,0,2,0,1,1,0,0,0,0,0,0,0,1,0,0,0,0,0,0,0,0,0,2,0,0,0,0,0,1,0,0,1,1,0,1,0,0
politics.233,politics,2,0,0,0,1,0,2,1,0,0,0,0,0,0,2,0,1,0,0,0,0,0,0,0,0,0,0,0,0,0,0,0,0,0,1,0,3,0,0,0,0,0,1,0,0,0,0,0,0,0
politics.234,politics,2,7,1,0,2,0,2,1,0,1,0,1,0,0,2,0,1,0,0,0,4,0,0,1,1,0,0,0,3,5,0,3,2,0,0,1,0,0,0,0,3,0,2,0,0,1,0,0,3,1
politics.235,politics,0,0,0,0,0,0,0,0,0,0,0,0,0,0,1,0,1,0,0,0,1,0,0,0,0,0,0,0,0,0,0,0,0,0,0,0,0,0,0,0,1,0,0,1,0,8,0,0,0,0
politics.236,politics,1,0,1,0,0,0,2,0,0,0,0,0,0,0,0,0,0,0,0,0,0,0,0,0,0,0,0,0,1,0,0,0,1,0,0,0,0,0,0,0,0,4,0,0,0,0,0,0,0,0
politics.237,politics,2,1,0,0,0,0,0,0,0,0,0,0,0,0,1,1,0,1,0,0,2,0,0,0,0,0,0,0,0,0,1,0,0,0,0,0,0,0,0,0,0,0,2,0,0,1,0,0,0,0
politics.238,politics,1,1,1,0,0,0,1,0,0,1,0,0,0,0,0,0,0,0,0,2,0,0,0,0,0,0,1,0,0,3,0,0,0,2,0,0,0,1,0,0,1,7,0,0,0,1,0,0,0,0
politics.239,politics,0,1,0,0,1,0,3,0,0,0,0,0,0,0,0,0,2,1,0,1,1,1,0,0,0,0,0,0,0,0,1,0,0,0,2,0,0,0,0,0,0,0,2,1,0,0,0,1,0,0
politics.240,politics,2,0,0,1,0,0,4,1,0,1,0,2,0,0,1,0,0,0,0,1,0,0,0,1,0,0,2,0,0,0,0,0,1,0,1,2,0,0,1,0,0,0,0,0,0,0,0,0,0,0
politics.241,politics,8,0,0,0,2,0,2,0,0,0,0,0,0,0,1,0,0,2,0,1,0,0,0,0,0,1,0,0,0,1,1,8,1,0,0,1,0,0,2,0,0,0,0,0,1,0,2,3,0,2
politics.242,politics,4,0,0,0,2,1,7,0,0,0,0,0,0,0,3,0,0,0,0,1,1,0,0,0,0,0,0,0,2,0,0,0,0,0,0,0,1,0,0,0,0,0,3,0,1,0,1,1,0,1
politics.243,politics,0,1,0,0,0,0,1,0,0,0,0,0,0,0,0,2,0,0,0,0,0,0,0,0,0,0,0,1,0,0,0,0,0,0,2,1,0,0,0,0,0,0,0,0,0,0,0,0,0,0
politics.244,politics,0,1,0,0,1,1,2,2,0,0,0,0,0,0,0,0,0,0,0,0,0,0,0,0,0,1,0,0,0,1,0,0,2,1,1,0,0,1,1,0,0,0,0,0,0,0,0,0,0,0
politics.245,politics,0,1,1,0,2,0,1,1,1,1,0,0,0,0,0,0,0,0,0,1,2,0,0,0,0,0,0,0,0,5,0,0,1,0,0,0,1,0,0,0,0,3,0,1,2,0,0,0,3,0
politics.246,politics,0,4,1,0,2,0,1,4,0,2,0,0,0,0,1,1,2,1,0,0,0,0,0,0,0,1,0,0,0,0,0,0,0,2,6,0,0,0,0,0,0,0,0,0,0,0,1,1,1,0
politics.247,politics,0,4,0,0,1,0,1,0,1,0,0,0,0,0,0,0,0,0,0,0,1,0,0,0,0,0,0,0,0,2,0,0,0,0,0,1,0,0,1,0,0,1,1,0,0,0,0,0,0,0
politics.248,politics,1,1,2,0,0,0,0,2,1,0,0,0,0,0,2,0,0,0,0,0,0,1,0,0,0,0,0,0,1,0,0,0,0,0,0,1,0,0,0,0,1,0,0,0,0,1,0,0,0,1
politics.249,politics,1,0,0,0,0,0,0,1,0,0,0,0,0,0,0,0,0,1,0,0,0,0,0,0,0,0,0,0,0,1,1,0,0,0,0,0,0,0,0,0,2,0,0,0,0,0,0,0,0,0
politics.250,politics,2,3,4,0,4,0,5,4,1,8,0,1,0,0,3,2,0,1,1,2,4,0,0,0,1,0,0,0,1,3,2,0,2,0,1,2,0,1,0,0,1,2,1,0,0,3,0,0,2,0
politics.251,politics,1,0,0,0,4,1,4,0,1,3,0,3,0,0,1,0,0,1,0,0,0,1,0,2,1,1,0,0,0,2,1,0,0,2,0,1,0,3,4,0,2,1,0,0,1,0,0,0,0,0
politics.252,politics,2,1,0,0,2,0,3,1,0,2,0,2,0,0,0,1,0,1,0,1,0,0,0,0,0,2,0,0,0,2,0,0,0,2,1,0,0,0,0,0,2,2,0,1,0,1,1,2,0,0
politics.253,politics,1,1,2,0,2,0,2,0,0,4,1,0,0,0,0,1,0,1,0,1,0,0,0,1,0,5,0,0,0,2,0,0,0,0,2,2,2,2,0,0,1,1,0,1,0,1,0,3,1,0
politics.254,politics,2,0,1,0,0,2,2,0,0,1,1,4,0,0,0,0,1,0,0,0,1,1,0,1,1,0,1,0,2,1,0,0,0,0,0,1,1,0,1,0,0,5,0,0,1,1,1,0,0,0
politics.255,politics,0,0,1,0,1,0,4,1,0,2,1,0,0,0,0,1,0,0,0,1,0,0,0,2,0,0,0,0,0,2,0,0,0,1,4,4,1,3,0,0,1,6,0,0,0,0,0,2,1,0
politics.256,politics,0,2,0,0,0,0,5,1,0,3,1,1,0,0,0,0,0,4,0,1,1,0,0,2,0,4,2,0,0,0,0,0,0,0,0,5,1,0,0,0,1,10,0,1,1,4,0,3,1,0
politics.257,politics,1,1,0,0,0,0,3,1,0,2,0,2,0,0,1,0,1,2,0,1,0,0,0,3,0,5,1,0,0,0,0,1,0,1,5,2,0,0,0,0,1,9,0,1,0,7,0,1,0,0
politics.258,politics,0,3,3,0,4,0,1,2,0,1,0,7,0,0,0,0,0,1,0,0,2,1,0,1,0,1,0,0,0,1,0,0,0,0,0,0,0,1,0,0,2,8,0,0,1,5,0,0,1,0
politics.259,politics,0,3,2,0,0,1,0,0,0,2,0,0,0,0,0,0,4,2,0,0,1,1,0,0,0,0,0,0,0,1,1,1,0,0,0,0,0,0,0,0,0,0,0,0,2,0,0,1,1,1
politics.260,politics,3,2,0,0,2,1,2,1,1,2,0,0,0,0,0,0,2,2,0,1,0,0,0,0,0,6,1,0,0,2,1,0,0,0,3,1,0,1,0,0,1,7,0,1,0,2,0,1,0,0
politics.261,politics,3,1,2,0,0,1,0,1,0,0,1,2,0,0,1,0,1,1,0,0,0,1,1,1,0,0,0,1,0,0,0,0,0,0,1,0,2,0,0,0,0,9,0,0,1,2,2,0,0,0
politics.262,politics,0,1,0,0,0,0,3,0,0,0,0,1,0,0,0,1,2,2,0,1,0,0,0,1,0,2,0,0,0,2,0,0,0,0,0,1,0,0,0,0,2,4,0,0,1,3,0,1,1,0
politics.263,politics,0,1,9,1,1,0,0,1,0,6,0,2,0,0,0,0,0,0,0,0,4,5,0,0,2,1,1,0,0,0,1,0,0,0,1,2,0,0,0,0,0,1,1,3,0,2,1,0,0,0
politics.264,politics,0,1,1,0,2,1,1,0,0,2,0,1,0,0,2,0,1,0,0,0,1,1,0,1,0,0,0,0,0,0,0,3,1,0,0,0,0,0,2,0,2,7,0,1,1,3,2,0,0,1
politics.265,politics,0,2,0,0,0,0,5,0,1,1,0,1,0,0,1,0,1,0,0,0,0,1,0,0,0,0,0,0,1,7,0,3,0,0,0,0,0,0,0,0,0,2,1,3,0,1,0,0,0,0
politics.266,politics,1,0,0,0,1,0,4,0,0,0,0,0,0,0,0,0,0,0,0,0,0,0,0,1,0,1,1,0,0,0,0,0,0,1,0,0,0,0,0,0,0,1,0,0,0,1,0,1,1,0
politics.267,politics,1,1,2,1,0,0,2,3,3,0,0,0,0,0,1,1,1,4,0,0,1,5,0,1,0,0,0,0,2,1,1,0,0,0,0,0,0,0,0,1,1,2,0,0,0,4,1,0,0,0
politics.268,politics,1,7,4,0,0,1,2,3,0,0,1,1,0,0,4,0,1,1,0,1,3,0,0,2,0,5,1,0,0,1,0,1,0,1,1,1,0,2,0,0,0,11,1,2,0,3,0,1,0,0
politics.269,politics,1,0,2,0,0,0,1,0,0,0,0,0,0,0,0,0,0,0,0,0,0,1,0,0,0,0,0,0,0,0,0,0,0,0,0,0,0,0,0,0,0,1,0,0,0,2,2,0,0,0
politics.270,politics,0,2,1,0,6,3,1,2,0,1,1,0,0,0,1,0,1,0,0,0,0,1,0,2,0,0,0,0,0,0,0,2,0,1,0,1,1,0,1,0,1,4,0,0,0,2,0,1,0,0
politics.271,politics,0,3,1,0,0,0,6,6,1,1,0,1,0,0,0,0,1,2,0,0,0,1,0,2,0,1,1,0,0,2,1,4,0,2,0,0,0,1,0,0,0,3,0,0,0,1,0,1,1,1
politics.272,politics,1,0,0,0,2,0,0,0,0,0,0,2,0,0,0,0,0,0,0,1,0,1,0,1,0,0,1,0,0,0,0,0,0,0,0,0,0,0,0,0,0,5,1,0,0,13,1,0,2,0
politics.273,politics,0,0,0,0,1,0,6,0,0,2,0,0,0,0,0,1,0,0,0,0,0,0,0,1,3,1,0,0,0,1,1,0,0,0,0,0,0,0,0,0,0,0,0,2,0,0,0,0,0,0
politics.274,politics,0,0,3,0,1,0,1,0,5,1,0,0,0,0,0,0,1,3,0,0,0,4,0,0,0,0,0,0,0,0,0,0,0,0,0,1,0,0,0,0,2,1,0,0,0,2,0,0,0,0
politics.275,politics,0,2,2,0,2,2,0,2,0,0,0,0,0,0,0,0,1,2,0,0,0,0,0,1,0,1,1,0,0,5,0,2,0,1,1,0,0,0,0,0,1,3,0,0,0,4,0,1,1,0
politics.276,politics,0,1,0,0,0,0,4,0,0,0,0,0,0,0,0,1,0,0,0,0,2,1,0,0,0,2,1,0,0,0,0,0,0,1,1,0,0,1,1,0,0,8,1,1,0,1,0,0,0,0
politics.277,politics,0,0,0,0,0,0,2,0,0,0,0,1,0,0,0,0,0,2,0,0,0,1,0,1,0,1,0,0,0,3,0,2,0,0,0,0,0,0,0,0,1,6,0,0,0,4,0,0,0,0
politics.278,politics,0,0,4,0,0,0,0,0,0,1,0,1,0,0,2,0,0,0,0,0,0,3,0,0,0,0,0,0,0,2,0,1,0,0,0,0,0,0,0,0,0,6,1,1,0,3,0,0,0,1
politics.279,politics,0,1,0,0,1,0,2,1,2,0,0,0,0,0,2,0,0,1,0,1,0,1,0,0,0,0,0,0,0,0,0,0,1,0,0,2,0,2,0,0,0,0,0,2,0,0,0,0,0,0
politics.280,politics,0,0,0,0,1,1,0,0,2,0,0,0,0,0,2,0,0,0,0,1,0,0,0,0,1,1,0,0,0,0,2,0,0,0,0,1,0,2,0,0,0,0,0,1,0,0,0,0,0,0
politics.281,politics,0,1,0,0,0,0,1,1,0,2,0,0,0,0,0,3,2,1,0,0,0,1,0,1,0,3,0,0,0,2,1,0,0,1,1,1,1,0,1,0,0,0,0,0,0,15,0,2,0,0
politics.282,politics,2,1,0,0,0,0,5,2,0,0,0,0,0,0,0,0,1,1,0,0,0,0,0,2,0,2,0,0,0,7,1,3,0,1,0,0,0,0,0,0,0,7,0,0,0,7,0,0,0,0
politics.283,politics,1,1,1,0,1,0,3,2,0,0,0,3,0,0,0,0,0,0,0,0,0,0,0,0,0,1,0,0,0,0,0,5,0,0,0,1,0,0,0,1,1,4,1,1,0,7,0,0,0,0
politics.284,politics,2,2,4,0,2,1,1,5,0,0,0,0,0,0,0,2,1,1,0,0,0,2,0,0,0,0,3,0,0,1,2,0,1,0,0,1,1,0,0,0,1,8,1,0,0,11,3,0,1,3
politics.285,politics,0,0,0,0,0,0,0,1,0,0,0,0,0,0,0,0,0,1,0,0,1,0,0,1,0,3,0,0,0,0,0,0,0,1,0,0,0,0,0,0,0,0,0,1,1,4,0,0,0,0
politics.286,politics,0,0,1,0,1,0,0,0,0,0,0,1,0,0,1,0,0,1,0,0,0,0,0,0,0,1,0,0,0,0,0,0,1,1,2,0,0,0,0,0,0,0,0,0,0,3,2,1,0,0
politics.287,politics,0,0,0,0,0,2,0,2,0,0,0,0,0,0,0,0,0,0,0,0,1,0,0,0,1,2,0,0,0,0,1,0,0,0,0,1,0,0,0,0,0,2,0,3,0,0,2,1,0,0
politics.288,politics,0,0,2,0,0,0,0,0,0,0,0,1,0,0,0,2,0,0,0,0,0,0,0,0,0,2,0,0,0,1,0,0,0,0,1,0,0,0,0,0,0,0,0,0,1,6,1,2,1,0
politics.289,politics,1,0,2,0,0,1,1,0,0,0,0,0,0,0,1,1,0,0,0,1,0,1,0,0,0,0,1,0,0,0,0,0,0,0,0,0,0,0,0,0,0,5,0,0,0,1,0,0,1,0
politics.290,politics,11,25,16,0,7,2,35,5,3,4,0,2,0,0,0,6,0,5,0,15,5,7,0,4,3,2,2,0,3,3,5,4,2,0,0,4,1,9,1,0,2,6,1,4,1,0,3,3,0,0
politics.291,politics,1,0,1,0,0,0,0,0,0,0,0,3,0,0,2,0,0,0,0,0,0,0,0,0,0,0,0,0,0,1,0,0,0,0,0,0,0,0,0,0,0,1,1,0,0,0,0,1,0,0
politics.292,politics,1,0,2,0,1,0,0,0,0,0,0,1,2,0,2,1,3,3,0,1,1,1,0,0,0,6,0,0,0,0,0,0,1,0,0,1,1,1,0,0,0,0,0,0,0,5,0,3,0,0
politics.293,politics,1,11,11,0,4,0,2,2,1,4,1,5,0,0,2,6,4,2,1,1,6,9,0,3,0,1,1,0,1,2,1,0,0,0,0,3,1,8,3,0,0,2,0,4,3,41,2,1,0,0
politics.294,politics,1,1,1,0,0,0,6,0,0,0,0,0,0,0,2,2,0,2,0,0,1,0,0,0,0,0,0,0,0,1,0,3,0,2,0,0,0,0,0,0,1,0,4,0,0,0,0,1,0,0
politics.295,politics,3,0,0,0,1,3,0,1,0,0,0,2,0,0,0,0,0,0,0,0,1,0,0,0,1,1,2,0,0,0,1,1,1,0,0,1,0,0,0,0,0,7,0,0,0,3,0,0,0,0
politics.296,politics,1,1,1,0,0,0,0,0,1,0,0,1,0,0,0,0,0,0,0,1,0,1,0,1,0,1,0,0,0,0,0,0,0,1,0,0,0,0,0,0,0,0,0,0,0,3,2,1,0,0
politics.297,politics,0,1,0,0,0,0,1,2,0,0,0,0,0,0,0,0,0,0,0,0,1,1,0,1,0,1,0,0,0,1,0,0,0,0,1,1,0,0,0,0,2,7,0,0,0,2,1,9,0,0
politics.298,politics,0,1,0,0,2,1,0,0,0,0,1,1,0,0,1,0,0,7,0,0,2,0,0,0,0,0,0,0,0,0,0,0,0,0,5,2,1,0,0,0,1,0,2,3,0,12,0,0,0,0
politics.299,politics,0,2,0,0,0,0,1,3,0,0,0,0,0,0,0,0,0,0,0,1,0,0,0,3,0,2,0,0,0,1,1,0,0,0,0,0,0,0,0,0,0,1,0,0,1,3,0,2,1,0
politics.300,politics,0,3,0,0,0,0,1,3,0,0,0,0,0,0,0,0,0,0,0,2,0,0,0,1,0,1,0,0,1,5,2,0,0,1,1,0,0,0,1,0,1,3,0,0,1,2,1,1,0,0
politics.301,politics,1,4,0,0,0,0,4,0,0,0,0,0,0,0,0,0,0,0,0,0,1,0,0,0,0,0,0,0,1,2,0,0,1,0,2,0,0,1,0,0,0,2,0,1,0,6,0,0,1,0
politics.302,politics,2,1,0,0,0,1,0,0,0,0,0,0,0,0,0,0,0,0,0,1,0,0,0,0,0,1,0,0,0,1,1,0,0,1,0,0,1,1,1,0,0,5,2,0,0,3,0,0,1,0
politics.303,politics,1,0,1,0,0,1,8,0,0,0,0,1,0,0,1,0,2,0,0,1,1,1,0,1,0,3,0,0,2,0,0,0,0,1,0,1,0,1,1,0,0,5,0,1,1,3,0,0,0,3
politics.304,politics,0,0,0,0,0,0,0,0,0,1,0,0,0,0,0,1,1,0,0,0,0,0,0,0,0,0,0,0,0,0,0,0,0,1,0,1,0,0,0,0,0,4,1,0,0,4,0,0,0,0
politics.305,politics,0,2,0,0,3,0,1,0,0,0,0,0,0,0,1,0,1,0,0,0,1,0,0,1,0,0,0,0,0,3,1,0,0,0,1,0,0,3,1,0,0,13,0,0,0,5,1,0,1,0
politics.306,politics,0,2,2,0,1,0,1,1,0,0,1,0,0,0,0,0,1,0,0,0,0,0,0,0,0,5,0,0,2,0,0,0,0,1,0,1,0,2,1,0,0,5,0,0,0,3,0,2,1,0
politics.307,politics,0,0,0,0,0,0,1,0,0,0,0,1,0,0,0,0,0,3,0,0,0,0,0,0,1,0,0,0,0,0,0,0,0,2,0,0,0,2,0,0,0,5,0,0,0,3,0,0,0,0
politics.308,politics,2,0,0,0,0,0,0,0,0,0,0,1,0,0,1,0,0,0,0,0,0,0,0,0,0,0,0,0,0,0,0,0,0,0,0,1,1,0,0,0,1,1,0,0,0,3,0,0,0,0
politics.309,politics,0,4,0,0,0,0,0,0,0,0,1,0,0,0,2,3,1,0,0,0,0,0,0,0,0,0,0,0,0,1,1,0,0,0,0,0,0,0,0,0,0,0,0,0,0,0,1,0,0,0
politics.310,politics,0,0,0,0,0,0,0,0,0,0,0,0,0,0,0,0,0,0,0,1,0,0,0,0,0,0,0,0,0,0,0,0,0,0,0,0,0,0,0,0,0,0,0,0,1,1,0,0,0,0
politics.311,politics,1,1,0,0,0,0,7,1,0,0,0,0,0,0,2,0,0,1,0,0,3,1,0,0,0,0,0,0,0,0,2,2,0,1,0,0,1,0,0,0,1,2,4,0,4,0,0,1,0,0
politics.312,politics,1,1,0,0,0,0,6,1,0,0,0,0,0,0,2,0,0,1,0,0,3,0,0,0,0,0,0,0,0,0,1,2,0,1,0,0,1,0,0,0,0,2,4,0,4,0,0,1,0,0
politics.313,politics,1,4,1,0,0,0,3,0,0,0,0,0,0,1,0,1,0,2,0,0,3,1,0,0,0,0,0,0,0,1,1,1,0,0,2,0,0,0,1,0,0,2,0,0,0,5,0,0,0,0
politics.314,politics,0,5,0,0,0,0,1,1,0,2,0,0,0,0,0,0,0,2,0,1,2,1,0,0,0,0,0,0,0,2,0,0,0,1,0,0,0,1,0,0,0,0,0,0,0,0,0,0,0,0
politics.315,politics,2,2,1,0,3,0,0,2,1,1,0,0,0,0,8,0,0,0,0,0,0,0,0,0,0,1,0,0,1,0,0,1,0,4,3,0,3,0,0,0,0,0,0,0,0,0,0,1,1,3
politics.316,politics,0,0,1,0,0,0,1,0,0,0,0,0,0,0,0,0,0,1,0,0,1,0,0,0,0,1,0,0,0,0,0,0,0,1,2,0,0,0,0,0,0,4,0,0,1,1,2,0,0,0
politics.317,politics,3,1,0,0,0,0,3,1,0,1,0,0,0,0,0,0,0,4,0,0,2,0,0,1,0,0,0,0,1,2,0,0,0,0,2,0,0,0,1,0,0,1,3,0,0,4,1,0,0,1
politics.318,politics,0,0,2,0,0,0,0,0,0,1,0,1,0,0,1,1,1,1,0,0,1,0,0,0,0,0,0,0,1,0,0,0,0,0,0,2,1,0,0,0,0,5,0,1,0,4,0,0,0,0
politics.319,politics,2,1,0,0,0,0,4,0,0,0,0,0,0,0,0,0,0,2,0,0,1,0,0,0,0,0,2,0,0,5,0,0,4,1,0,0,0,0,0,0,0,3,0,1,0,1,0,0,0,1
politics.320,politics,5,0,0,0,1,0,2,0,1,0,0,1,0,2,4,0,3,0,0,0,0,1,0,0,0,0,0,0,0,0,0,0,3,0,0,0,0,0,0,0,0,1,18,0,0,0,0,1,0,0
politics.321,politics,0,3,0,0,0,1,1,0,0,0,0,0,0,0,1,1,0,0,0,0,0,0,0,1,0,0,0,0,1,0,5,0,1,1,0,0,0,0,0,0,0,0,1,0,0,1,0,0,1,0
politics.322,politics,2,0,0,0,0,0,1,0,1,0,0,1,0,4,1,1,1,0,1,0,0,3,0,0,0,0,0,0,0,0,0,1,0,0,0,0,0,0,1,0,1,2,9,0,0,12,0,0,0,0
politics.323,politics,0,2,0,0,0,0,1,0,0,0,0,0,0,0,0,0,0,0,0,1,0,0,0,0,1,1,0,0,1,1,0,0,1,0,0,1,0,0,0,0,1,0,0,0,0,0,1,1,0,0
politics.324,politics,0,0,0,0,0,1,5,1,1,0,0,0,0,0,0,1,0,5,0,2,1,1,0,0,0,1,0,0,2,0,0,0,0,0,0,3,0,0,1,0,1,0,0,1,0,1,0,0,0,0
politics.325,politics,0,0,0,0,0,0,0,0,0,0,0,1,0,0,1,1,0,0,0,2,0,0,0,0,0,0,0,0,0,0,3,0,0,1,0,1,1,0,0,0,0,0,0,0,0,9,0,0,0,0
politics.326,politics,0,0,1,0,0,1,2,0,0,0,5,0,0,0,0,0,0,0,0,1,0,3,0,0,0,0,0,0,0,0,1,0,0,0,0,0,0,0,0,0,0,0,0,0,1,0,1,0,0,0
politics.327,politics,0,0,1,0,4,0,4,0,0,0,1,1,0,0,0,0,0,2,0,0,1,1,0,0,0,2,0,0,0,1,0,0,0,2,0,1,0,0,1,0,1,0,0,0,1,0,0,1,0,1
politics.328,politics,0,0,1,0,3,0,3,0,0,0,1,1,0,0,0,0,0,2,0,0,0,1,0,2,0,2,0,0,0,1,0,0,0,1,0,2,0,0,1,0,1,1,0,0,1,0,0,1,0,1
politics.329,politics,0,1,1,0,1,0,0,0,0,0,0,0,0,0,0,0,0,0,0,0,1,0,0,0,0,1,2,0,0,0,0,0,0,2,2,0,0,0,0,0,0,1,0,0,1,4,0,0,0,0
politics.330,politics,3,0,0,0,1,1,0,0,0,1,0,1,0,0,2,0,0,0,0,0,1,1,0,1,0,0,1,0,0,0,0,0,0,0,0,0,0,1,0,0,1,4,0,0,0,7,0,0,0,0
politics.331,politics,0,4,3,0,1,1,0,0,1,0,0,1,0,0,0,0,4,3,0,0,0,0,1,0,0,2,0,0,1,0,1,0,0,0,0,0,0,0,0,0,1,10,0,0,1,4,0,1,0,0
politics.332,politics,1,1,1,0,0,1,0,0,0,0,0,1,0,0,0,0,0,1,0,0,0,0,0,0,0,0,0,0,0,1,0,0,0,2,0,1,0,0,0,0,0,11,0,0,0,6,0,0,0,0
politics.333,politics,0,1,1,0,0,0,1,0,0,0,0,1,0,0,0,3,1,3,1,1,2,1,0,2,0,1,0,0,0,2,0,0,0,0,0,0,1,1,0,0,0,2,0,0,2,8,0,0,0,0
politics.334,politics,0,0,1,0,3,0,0,0,0,0,1,0,0,0,0,2,1,0,0,0,0,0,0,0,0,0,0,0,2,0,1,0,0,0,0,0,0,0,2,0,1,3,0,0,0,9,1,0,0,0
politics.335,politics,1,2,0,0,0,0,1,2,0,0,0,0,0,0,0,0,0,0,0,0,0,0,0,1,0,0,2,0,0,1,0,0,0,0,0,0,0,0,0,0,0,8,0,0,1,3,1,1,1,0
politics.336,politics,0,4,4,0,2,2,1,1,0,2,0,2,0,0,0,0,0,1,0,0,0,1,0,1,0,1,0,0,0,0,1,0,0,2,0,1,0,0,0,0,0,12,0,0,0,9,0,0,0,0
politics.337,politics,0,8,0,0,0,0,0,0,0,1,0,0,0,1,0,0,0,3,0,0,0,0,0,1,0,2,0,9,3,0,1,2,0,0,0,1,0,1,0,0,1,3,0,0,0,15,0,1,1,1
politics.338,politics,0,3,1,0,0,0,2,2,0,0,0,0,0,0,0,1,0,1,0,0,1,0,0,1,0,1,0,2,1,0,1,0,0,1,0,0,0,0,0,0,0,5,0,0,0,2,1,2,1,0
politics.339,politics,0,8,0,0,0,0,3,0,0,1,0,0,0,0,0,1,0,2,0,0,1,0,0,0,0,0,0,2,0,7,0,0,0,1,0,1,0,0,0,0,0,3,3,2,0,5,0,0,0,0
politics.340,politics,4,0,1,0,0,3,1,0,0,0,0,1,0,0,3,0,0,2,0,0,1,0,0,1,0,0,1,0,3,5,0,1,1,0,0,1,1,0,1,0,0,4,1,0,1,7,0,1,1,0
politics.341,politics,1,4,0,0,0,1,1,1,1,3,0,0,0,0,0,0,1,1,0,0,0,1,0,1,0,0,1,0,0,2,0,0,0,1,0,0,0,0,0,0,0,0,1,0,0,6,0,0,0,0
politics.342,politics,0,0,0,0,1,0,0,0,0,0,0,0,0,0,0,0,0,0,0,0,0,1,0,1,1,0,2,0,0,1,1,0,0,0,0,0,0,1,0,0,0,8,0,0,0,1,0,2,0,0
politics.343,politics,1,0,1,0,0,0,2,0,0,0,0,0,0,0,0,0,0,0,0,0,0,0,0,0,0,0,0,0,1,0,0,0,1,0,0,0,0,0,0,0,0,5,0,0,0,0,0,0,0,0
politics.344,politics,0,1,2,0,0,0,2,2,0,0,1,0,0,0,0,0,0,1,0,0,0,0,0,1,0,0,1,0,0,4,0,4,2,0,0,2,0,0,0,0,3,7,0,0,0,6,0,0,0,0
politics.345,politics,2,2,1,0,1,0,2,1,1,0,0,0,0,0,0,0,0,0,0,0,0,1,0,0,0,0,1,0,0,1,0,0,0,0,1,0,0,0,0,0,1,0,0,0,0,0,0,0,0,0
politics.346,politics,1,1,2,0,2,0,0,0,0,1,0,0,0,0,0,0,0,0,0,1,0,1,0,2,0,0,0,0,0,0,1,0,0,2,0,0,0,1,1,0,1,5,0,0,0,0,0,0,0,0
politics.347,politics,1,3,0,0,1,0,0,1,0,0,0,0,0,0,0,0,0,1,0,0,1,0,0,0,0,2,0,0,1,8,0,1,1,0,0,1,0,1,0,0,0,2,0,1,0,2,0,1,0,0
politics.348,politics,0,0,1,0,0,0,0,4,0,0,0,0,0,0,1,0,0,0,0,0,3,1,0,1,0,0,0,0,0,0,4,1,0,0,2,1,2,0,0,0,1,0,0,0,0,2,0,0,0,1
politics.349,politics,1,2,1,0,0,1,3,0,1,1,0,0,0,0,0,0,0,0,0,1,2,0,0,1,0,2,1,0,0,3,0,2,0,0,0,0,0,3,0,0,2,8,1,1,0,2,0,0,1,1
politics.350,politics,0,1,0,0,1,0,1,0,1,0,0,0,0,0,0,0,0,0,0,1,0,0,0,0,0,2,0,0,0,3,1,2,0,0,0,0,0,0,3,0,1,8,0,0,0,2,0,1,2,0
politics.351,politics,0,1,0,0,0,1,2,4,0,0,0,0,0,0,0,1,0,1,0,1,0,0,0,1,0,3,2,0,0,0,1,0,0,0,2,0,0,3,0,0,0,7,2,0,1,4,0,2,3,0
politics.352,politics,1,0,1,0,0,0,1,2,0,0,0,2,0,0,0,0,1,0,0,0,0,0,0,1,0,0,1,0,0,1,2,0,0,0,0,0,0,0,0,0,0,3,1,0,1,2,1,0,2,0
politics.353,politics,1,4,1,1,2,1,0,2,0,1,0,0,0,0,0,0,6,4,0,0,3,0,0,1,0,2,0,0,1,0,1,0,0,1,0,1,1,0,0,0,2,5,0,0,0,0,2,0,1,0
politics.354,politics,0,0,0,0,1,0,2,0,0,0,0,1,0,0,0,1,0,0,1,0,0,1,0,0,0,0,1,0,0,0,0,0,0,0,0,0,1,0,0,0,2,3,0,0,0,0,0,0,1,0
politics.355,politics,2,1,0,0,0,1,4,0,0,0,0,0,0,0,1,1,0,0,0,0,1,0,0,0,0,0,0,1,0,3,0,0,0,0,2,0,0,0,2,0,0,1,1,3,0,0,0,0,0,0
politics.356,politics,1,0,0,0,0,0,2,1,0,0,0,0,0,0,1,2,0,2,0,0,0,0,0,2,0,3,0,0,0,3,1,1,0,0,3,1,1,0,0,0,0,3,0,0,0,0,0,2,0,0
politics.357,politics,2,1,1,0,0,0,10,0,2,1,0,0,0,0,0,0,0,0,0,0,1,0,0,0,0,1,0,0,0,4,0,3,0,1,1,0,0,0,0,0,0,0,0,0,0,0,0,1,1,0
politics.358,politics,0,0,0,0,1,0,1,0,0,0,0,0,0,0,0,3,0,0,1,0,2,0,0,0,0,2,0,0,0,0,0,0,0,2,0,0,0,1,0,0,0,0,0,0,2,0,0,0,1,0
politics.359,politics,0,2,0,0,0,0,1,1,0,0,0,0,0,0,0,0,1,0,0,0,1,1,0,0,0,2,1,0,0,0,1,0,0,1,0,2,0,0,0,0,3,5,0,1,0,2,0,1,2,0
politics.360,politics,1,0,1,0,1,0,0,0,0,0,0,1,0,0,0,0,0,0,0,0,0,2,0,2,0,0,3,0,0,0,0,0,0,0,0,0,0,0,0,0,1,3,0,1,1,2,0,0,2,0
politics.361,politics,2,1,0,0,2,2,1,1,0,1,0,1,0,0,0,1,1,1,0,0,1,0,0,1,0,0,0,0,1,2,1,0,0,1,0,1,0,0,2,0,0,5,5,1,0,3,1,0,2,1
politics.362,politics,0,1,1,0,0,1,3,1,0,0,0,0,0,0,0,0,1,0,0,0,0,1,0,0,2,0,1,0,0,0,0,0,0,0,0,0,0,0,1,0,0,6,0,1,0,3,1,0,0,0
politics.363,politics,1,1,2,0,0,0,1,1,1,1,0,0,0,0,0,1,0,0,0,1,0,0,0,0,0,0,0,0,0,1,0,0,0,3,0,0,0,0,0,0,2,0,1,0,0,1,0,0,0,1
politics.364,politics,1,4,1,0,0,0,3,2,0,1,0,0,0,0,1,0,0,0,0,0,1,0,0,1,0,0,1,0,1,1,0,0,0,1,0,0,0,1,0,0,0,5,0,0,0,1,0,0,0,0
politics.365,politics,1,1,1,1,1,1,1,4,0,0,0,0,0,0,2,0,0,0,0,1,0,0,0,0,0,0,0,0,1,5,0,5,0,0,0,0,1,0,0,0,0,0,2,0,0,0,0,0,1,0
politics.366,politics,3,1,0,0,0,1,0,0,7,0,0,1,0,0,1,3,0,0,1,0,0,0,0,0,0,0,0,2,0,3,0,0,0,2,0,0,0,2,0,0,1,0,0,3,0,0,0,0,0,1
politics.367,politics,2,5,0,0,1,0,6,0,0,1,0,0,0,0,2,1,0,3,0,0,2,0,0,0,0,0,0,0,0,0,1,1,0,1,0,1,1,1,1,0,0,3,0,1,1,0,1,0,0,0
politics.368,politics,1,0,1,0,0,1,9,0,1,0,0,0,0,0,1,1,0,0,0,0,0,0,0,1,0,1,0,0,0,0,0,0,1,0,0,1,0,0,0,0,0,0,0,0,0,0,1,0,0,0
politics.369,politics,2,1,0,0,0,0,5,1,0,0,0,0,0,2,1,1,0,0,0,0,0,0,0,0,0,0,0,0,0,4,0,0,1,0,0,0,0,1,1,0,2,0,0,0,1,1,0,0,1,1
politics.370,politics,1,2,0,0,2,0,5,1,0,0,0,1,0,0,0,5,0,0,0,6,1,0,0,0,0,0,0,0,1,0,1,0,0,0,0,1,0,1,0,0,0,0,0,0,0,0,1,0,0,0
politics.371,politics,0,3,1,0,1,1,1,0,0,1,0,0,0,0,0,3,0,1,0,2,2,0,0,0,0,0,0,0,0,1,1,0,0,0,0,0,0,0,3,0,1,1,0,0,0,2,0,0,0,0
politics.372,politics,0,3,1,0,0,0,4,0,0,0,0,2,0,0,1,3,0,1,0,0,0,0,0,0,0,0,0,0,0,0,0,0,0,0,4,1,1,0,0,0,0,1,0,1,1,0,1,0,1,1
politics.373,politics,0,2,3,0,3,0,2,2,0,0,0,1,0,1,0,11,0,0,0,0,3,1,0,1,0,1,0,5,1,2,0,3,1,0,1,0,0,5,1,0,0,0,0,0,0,1,0,0,0,0
politics.374,politics,1,1,0,0,0,0,2,1,0,2,0,0,0,0,0,2,0,0,0,0,0,0,0,0,0,0,0,0,0,1,1,1,0,0,0,0,0,3,0,0,1,4,0,3,0,4,0,0,0,0
politics.375,politics,3,2,0,0,1,2,1,0,0,1,0,1,0,1,0,1,1,3,0,0,1,1,0,1,0,3,0,0,0,2,0,0,1,2,0,0,1,0,0,0,0,3,3,2,2,2,0,1,0,1
politics.376,politics,0,0,0,0,0,0,0,0,0,0,0,0,0,0,0,0,0,0,0,0,0,1,0,0,0,1,0,0,0,1,0,0,0,0,0,0,0,0,0,0,2,1,0,0,0,0,0,0,0,0
politics.377,politics,0,1,2,0,2,0,1,0,2,0,0,0,0,2,0,7,0,0,1,0,0,0,0,0,0,1,1,0,0,0,1,0,0,0,0,2,0,0,0,1,0,0,0,0,0,0,0,0,0,0
politics.378,politics,0,3,0,0,0,1,6,0,0,2,0,0,0,0,0,1,0,2,0,4,1,1,0,0,0,3,0,0,0,1,0,2,0,0,0,0,0,1,0,0,0,2,0,1,1,1,0,4,0,0
politics.379,politics,2,0,1,0,0,0,2,0,0,0,0,0,0,0,0,3,0,1,0,1,0,0,0,0,0,1,0,0,0,5,0,1,0,0,0,0,0,0,0,0,2,2,0,0,0,0,0,0,0,0
politics.380,politics,15,26,8,0,9,5,17,7,1,17,1,1,0,8,23,2,1,4,1,2,6,6,0,2,0,2,6,1,3,1,6,4,0,0,0,3,0,6,1,0,3,3,5,3,3,0,7,1,1,0
politics.381,politics,1,1,2,0,0,0,0,0,0,0,0,0,0,1,0,1,0,0,0,2,1,0,0,0,0,0,0,0,1,0,0,0,0,0,0,0,0,1,0,0,0,0,1,0,0,0,0,1,0,0
politics.382,politics,2,8,0,0,0,0,2,0,1,0,0,0,0,0,3,5,1,2,0,0,2,0,0,0,0,0,1,0,0,5,0,0,0,0,0,1,3,4,0,0,2,3,2,1,1,1,1,0,0,0
politics.383,politics,0,1,0,0,0,0,4,0,0,1,1,0,0,0,0,6,0,2,0,1,1,0,0,2,0,1,0,1,0,1,1,0,0,1,0,0,0,3,2,0,0,1,0,1,1,1,0,0,0,0
politics.384,politics,0,0,2,1,0,1,2,0,0,0,1,0,0,0,0,1,1,0,0,1,0,1,0,2,0,2,0,0,0,2,0,0,1,0,1,0,0,1,0,0,0,0,0,0,0,0,1,0,0,0
politics.385,politics,3,1,0,0,0,0,2,0,1,0,0,0,0,0,0,4,0,0,0,0,2,1,0,0,0,0,0,1,0,1,0,0,1,0,0,0,0,1,0,0,0,0,0,0,0,0,0,0,0,0
politics.386,politics,1,0,0,0,0,0,0,0,0,0,0,0,0,0,0,2,0,1,0,0,7,0,0,1,0,1,0,0,1,2,0,0,0,0,0,0,1,0,0,0,0,0,1,0,2,0,0,0,2,0
politics.387,politics,2,0,0,0,0,0,1,1,0,0,0,0,0,0,0,1,1,0,0,0,0,0,0,0,2,2,0,0,0,5,1,2,1,0,0,0,0,0,0,0,0,5,0,1,0,1,0,0,1,1
politics.388,politics,2,10,0,0,0,0,6,1,0,1,0,0,0,0,3,0,0,2,0,0,1,0,0,0,0,0,0,0,1,6,0,4,0,0,0,0,0,0,2,0,0,0,2,2,0,0,0,0,0,1
politics.389,politics,4,1,5,0,0,0,3,1,0,0,0,1,0,1,1,5,0,1,0,0,0,0,0,0,0,3,0,0,0,1,2,0,1,0,0,1,0,2,1,0,1,0,0,1,0,0,0,0,0,0
politics.390,politics,1,2,0,0,1,1,4,2,0,0,0,1,0,0,1,0,0,2,0,0,1,0,0,0,0,3,0,0,0,7,1,2,1,1,0,0,0,0,0,0,3,0,2,1,1,0,0,3,0,0
politics.391,politics,1,1,0,0,0,0,0,0,0,0,0,0,0,0,1,2,0,0,0,0,0,0,0,0,0,0,0,1,0,0,0,0,0,0,0,0,0,0,1,0,0,1,0,1,0,0,0,0,0,0
politics.392,politics,0,0,0,0,1,0,0,0,3,0,0,1,0,0,0,7,0,1,0,0,0,0,0,0,0,0,0,0,0,1,0,0,1,1,0,0,0,5,0,0,2,0,0,0,0,0,0,1,1,0
politics.393,politics,3,3,0,0,2,1,0,0,0,1,0,0,0,0,1,1,1,3,0,0,2,2,0,2,0,0,0,0,0,0,0,0,3,0,0,2,0,0,0,0,1,0,2,0,0,0,1,0,0,0
politics.394,politics,0,3,0,0,1,1,0,0,2,2,0,0,0,0,0,0,0,1,0,0,1,0,0,0,0,2,0,0,0,1,0,0,0,0,2,0,0,0,0,0,1,4,0,0,0,2,1,2,1,1
politics.395,politics,0,0,1,0,0,0,0,2,0,1,1,1,0,0,0,0,0,0,0,1,0,0,0,1,0,0,1,0,1,5,0,1,0,1,1,0,1,0,2,0,0,6,0,0,2,2,1,0,0,0
politics.396,politics,0,10,2,0,1,0,1,2,0,1,0,1,0,0,0,0,0,5,1,1,0,1,0,0,0,1,0,6,1,0,2,1,0,0,0,1,0,0,1,0,1,18,1,2,0,11,1,1,3,2
politics.397,politics,0,0,0,0,0,0,0,0,0,1,0,0,0,0,0,0,0,0,0,0,0,0,0,0,0,1,0,0,0,0,0,0,0,0,0,0,0,0,0,0,0,0,0,0,0,0,0,1,1,0
politics.398,politics,0,1,1,0,0,0,1,2,0,0,0,0,0,0,0,0,0,1,0,0,0,0,0,0,3,0,2,0,0,0,0,0,0,0,0,0,0,0,1,0,0,1,0,0,0,3,1,0,1,0
politics.399,politics,0,2,1,0,0,0,1,0,0,0,1,1,0,0,0,0,0,6,0,1,1,0,0,2,0,1,0,0,0,3,0,0,0,0,0,0,0,0,0,0,0,1,0,1,0,6,0,2,0,0
politics.400,politics,2,0,0,0,0,2,1,1,1,1,0,1,0,0,1,2,0,0,0,1,0,1,0,0,0,0,0,1,0,0,0,1,0,0,0,1,0,3,0,0,2,6,0,0,0,2,0,0,0,1
politics.401,politics,1,0,0,0,1,0,5,1,0,1,0,0,0,0,0,0,0,2,0,0,1,0,0,1,0,0,0,0,1,1,0,0,0,0,0,0,0,0,0,0,1,1,0,1,2,1,0,1,1,0
politics.402,politics,0,0,0,0,0,0,1,0,0,0,1,0,0,0,3,0,0,1,0,0,2,0,0,1,0,1,0,0,0,0,2,0,0,1,4,1,0,0,0,0,0,6,0,0,1,2,0,1,0,0
politics.403,politics,0,1,0,0,0,0,1,0,0,0,0,0,0,0,0,0,0,0,0,0,0,1,0,0,1,2,0,0,0,0,0,0,0,1,0,0,0,0,0,0,1,1,1,1,0,3,1,4,1,0
politics.404,politics,0,0,0,0,0,0,0,0,0,0,0,0,0,0,2,0,0,2,0,0,1,0,0,0,0,0,0,0,0,2,1,5,0,0,0,0,0,0,0,0,0,1,0,0,1,4,0,0,0,0
politics.405,politics,2,2,5,0,1,0,1,3,0,0,0,0,0,0,0,0,0,2,0,0,1,0,0,2,0,1,0,0,0,5,0,0,0,0,0,1,0,0,1,0,1,2,1,0,3,3,0,1,0,1
politics.406,politics,5,0,1,0,2,3,1,0,0,2,0,2,1,0,2,0,2,0,0,0,0,1,0,0,0,0,1,2,0,0,0,1,2,0,1,0,0,0,0,0,1,8,0,0,2,3,0,0,0,0
politics.407,politics,4,2,1,0,1,1,3,0,0,0,0,0,0,0,2,2,0,1,0,1,0,0,0,0,0,0,0,0,0,0,1,1,0,0,0,0,0,1,0,0,2,4,0,0,0,1,2,0,1,0
politics.408,politics,3,1,1,0,1,0,1,1,0,2,3,1,0,0,1,0,1,0,0,0,0,3,0,2,0,3,2,0,0,2,0,0,0,0,0,0,0,4,0,0,0,6,0,0,1,7,0,1,0,0
politics.409,politics,1,0,0,0,0,0,3,0,0,0,0,0,0,0,0,0,0,1,0,0,0,0,0,0,0,1,0,0,0,0,0,0,0,0,0,1,0,0,0,0,2,4,0,1,0,3,0,1,1,0
politics.410,politics,0,0,0,0,1,0,0,0,0,1,0,1,0,0,0,0,0,1,0,2,0,0,0,0,0,0,2,0,0,0,0,0,0,0,1,0,2,0,0,0,0,0,0,0,1,1,0,0,1,0
politics.411,politics,0,0,2,0,1,0,0,4,0,3,1,0,0,0,0,0,0,1,0,1,0,2,0,2,0,0,3,0,1,0,0,0,0,1,1,0,1,1,1,0,0,11,0,1,2,9,0,0,0,0
politics.412,politics,1,1,0,0,0,0,0,0,0,0,0,0,0,0,0,1,0,0,0,0,1,0,0,0,0,0,0,0,0,0,0,0,0,0,1,0,0,0,0,0,0,0,1,1,1,0,0,0,1,0
politics.413,politics,1,0,0,0,0,0,0,0,0,0,0,0,0,0,0,0,0,0,0,0,0,0,0,1,0,0,1,0,0,0,1,2,0,1,0,0,0,0,0,0,1,6,0,0,0,6,0,0,0,0
politics.414,politics,0,4,1,0,1,0,3,2,0,2,0,0,0,0,1,0,0,1,0,2,0,0,0,1,0,2,0,0,2,0,1,0,0,2,0,1,0,3,0,0,0,4,0,0,2,1,2,0,0,0
politics.415,politics,1,2,0,0,0,0,0,0,1,1,1,0,0,0,0,0,0,0,0,0,1,0,0,1,0,0,0,0,0,0,0,0,0,1,0,3,1,0,1,0,0,7,0,0,0,2,0,0,0,1
politics.416,politics,0,0,0,0,0,0,0,0,0,0,0,0,0,0,0,0,0,0,0,0,0,1,0,0,0,0,0,0,1,0,0,0,2,1,0,0,0,0,0,0,0,2,0,0,0,1,0,0,0,0
politics.417,politics,1,2,0,0,1,0,3,2,3,1,0,1,0,0,1,0,0,0,0,2,1,1,0,0,0,3,0,0,0,3,0,0,0,0,1,0,0,0,0,0,0,4,1,1,0,12,0,0,1,0
sport.001,sport,2,0,0,0,2,3,0,0,1,0,0,0,0,0,0,0,0,0,0,0,0,0,0,0,0,0,2,0,0,0,2,0,0,0,0,0,1,0,1,0,0,0,0,0,1,0,0,0,0,1
sport.002,sport,1,0,0,0,0,1,0,0,2,0,0,0,0,0,0,0,0,0,0,0,0,0,0,0,0,0,0,0,0,0,1,0,1,0,0,0,1,1,0,0,0,0,0,0,1,0,0,0,0,2
sport.003,sport,0,1,2,0,2,0,0,3,6,0,0,0,0,0,0,0,0,0,0,0,0,2,0,0,0,0,2,0,0,0,0,0,0,0,0,0,0,0,2,0,1,0,0,0,0,0,1,0,0,0
sport.004,sport,0,1,0,0,0,0,1,0,1,1,0,2,0,0,0,0,0,0,0,3,0,0,0,1,0,0,0,0,0,0,0,0,1,0,1,0,0,0,1,0,0,0,0,0,0,0,0,0,0,0
sport.005,sport,1,0,0,1,0,0,0,2,3,1,0,0,0,0,0,0,0,0,0,0,1,0,0,1,0,0,2,0,0,1,0,0,0,0,0,0,0,0,2,0,0,0,0,0,0,0,0,0,0,0
sport.006,sport,0,0,0,0,1,0,0,0,3,0,0,0,0,0,0,0,0,0,0,0,0,1,0,0,2,0,0,0,0,0,0,0,0,0,0,1,0,0,0,0,0,0,0,0,1,0,0,0,0,0
sport.007,sport,3,0,0,0,0,0,0,0,0,0,0,1,0,0,0,0,0,0,0,0,0,0,0,0,0,0,0,0,0,0,0,0,0,0,0,0,0,0,0,0,0,0,0,0,1,0,0,0,0,0
sport.008,sport,1,0,0,1,3,0,0,0,0,1,0,1,0,0,0,0,0,0,0,0,0,0,0,3,0,1,0,0,0,0,0,0,0,1,1,0,1,0,1,0,0,0,0,0,0,0,2,0,0,0
sport.009,sport,1,0,0,1,0,1,0,0,1,1,0,0,0,0,0,1,1,0,0,0,0,1,0,0,1,0,3,0,0,0,0,0,0,0,0,0,0,0,1,0,0,0,0,0,1,0,0,0,1,0
sport.010,sport,2,0,1,0,0,0,0,0,7,0,0,0,0,0,0,0,0,1,0,2,1,0,0,0,1,0,2,0,0,1,1,0,0,0,0,0,0,0,0,0,1,0,0,0,0,0,2,0,0,0
sport.011,sport,1,0,0,0,1,0,0,0,3,0,0,0,0,0,1,1,0,0,0,0,0,0,0,0,0,0,0,0,0,0,0,0,0,0,0,0,0,0,0,0,0,0,0,0,0,0,0,0,0,0
sport.012,sport,1,0,0,1,0,0,0,0,3,0,0,0,0,0,0,0,0,0,0,0,0,0,0,0,2,0,1,0,0,0,2,0,0,0,0,0,1,0,0,0,0,0,0,1,0,0,0,1,0,0
sport.013,sport,2,0,0,0,0,0,0,0,5,0,0,0,0,0,0,0,0,0,0,0,0,0,0,1,0,0,0,0,0,0,1,0,1,1,0,0,1,5,0,0,0,0,0,0,0,0,0,0,0,0
sport.014,sport,2,0,2,0,3,1,0,1,1,2,0,1,0,0,1,1,0,0,0,0,0,1,0,2,1,0,4,0,0,0,0,0,0,0,0,0,0,0,0,0,2,0,0,0,2,0,3,0,0,0
sport.015,sport,2,0,0,0,0,0,0,0,1,0,0,0,0,1,0,4,0,0,1,0,0,0,0,0,0,0,0,0,0,0,0,0,1,1,0,0,0,0,0,0,0,0,0,0,1,0,0,0,0,0
sport.016,sport,1,0,2,1,1,0,2,0,0,0,0,1,0,0,0,0,0,0,0,0,0,0,0,1,0,0,0,0,0,0,0,0,1,0,0,0,0,0,1,0,0,0,0,0,1,0,0,0,1,1
sport.017,sport,0,0,0,2,1,0,0,0,0,0,0,0,0,0,0,0,1,0,0,1,0,0,0,0,0,0,0,0,0,0,1,0,0,1,0,0,0,0,0,0,3,0,0,0,1,0,0,0,2,0
sport.018,sport,1,0,0,0,3,0,0,0,7,0,0,0,0,0,0,0,0,0,0,0,0,0,0,0,1,0,1,0,0,0,0,0,0,0,0,0,1,0,1,0,0,0,0,0,0,0,0,0,0,1
sport.019,sport,2,0,0,0,0,0,0,1,2,0,0,0,0,0,0,0,0,0,0,0,0,0,0,0,1,0,0,0,0,0,1,0,0,0,1,1,1,1,0,0,1,0,0,0,0,0,0,0,0,0
sport.020,sport,1,0,0,1,0,0,0,0,3,0,0,0,0,0,0,0,0,0,0,0,0,0,0,0,2,0,1,0,0,0,2,0,0,0,0,0,1,0,0,0,0,0,0,1,0,0,0,1,0,0
sport.021,sport,3,0,0,0,0,0,0,0,4,0,0,0,0,1,0,0,0,0,0,0,1,0,0,0,0,0,0,0,0,0,0,0,1,0,1,0,0,3,0,0,0,0,0,0,0,0,0,0,0,0
sport.022,sport,1,0,1,0,3,1,0,1,0,3,0,0,0,0,0,0,0,0,0,0,1,2,0,0,0,0,2,0,0,0,0,0,0,0,0,1,0,0,0,0,1,0,0,0,0,0,0,0,0,0
sport.023,sport,2,0,0,3,0,0,0,0,0,0,0,1,0,0,0,0,0,0,0,0,0,0,0,0,0,1,0,0,0,0,1,0,0,0,0,0,0,0,1,0,4,0,0,0,1,1,0,1,1,1
sport.024,sport,2,0,0,0,1,0,0,0,1,0,0,0,0,0,0,0,0,0,0,0,0,0,0,0,0,0,0,0,0,0,0,0,0,0,0,0,1,3,0,0,1,0,0,0,0,0,0,0,0,1
sport.025,sport,1,0,0,0,1,1,0,2,7,0,0,1,0,0,0,0,0,0,0,0,0,0,0,0,0,0,1,0,0,0,0,0,0,0,0,0,2,6,2,0,2,0,0,0,1,0,0,0,0,0
sport.026,sport,0,0,0,0,0,1,0,0,1,0,0,0,0,1,0,0,0,0,0,2,0,0,0,0,0,0,0,0,0,0,0,0,0,0,0,0,2,0,0,0,0,0,0,0,0,0,0,0,0,0
sport.027,sport,3,0,0,0,0,0,1,0,2,0,0,1,0,0,0,0,0,0,0,0,0,0,0,0,1,0,1,0,0,0,0,0,0,0,0,0,0,0,0,0,0,0,0,0,0,0,0,1,0,0
sport.028,sport,2,0,0,1,1,0,0,2,0,3,0,0,0,0,0,0,0,0,0,0,0,2,0,2,2,1,1,0,0,0,0,0,0,0,0,1,0,0,2,0,2,0,0,0,0,0,1,0,0,0
sport.029,sport,1,0,0,0,0,0,0,0,2,0,0,0,0,0,0,0,0,0,0,0,0,0,0,0,0,0,0,0,0,0,2,0,0,0,0,0,0,0,1,0,0,0,0,0,0,0,0,0,0,1
sport.030,sport,7,0,1,3,2,0,0,0,0,0,1,0,0,0,0,0,0,0,0,0,0,0,0,3,3,1,0,0,0,0,0,0,0,0,0,1,1,1,1,0,2,0,0,0,2,0,0,0,0,0
sport.031,sport,2,0,0,0,1,0,0,0,0,0,0,1,0,0,2,0,0,0,0,0,0,0,0,0,0,1,0,0,0,0,0,0,0,0,0,0,1,0,0,0,0,0,0,0,2,0,0,0,0,1
sport.032,sport,1,0,0,0,0,0,0,1,6,0,0,2,0,0,0,0,0,0,0,1,0,0,0,0,0,0,0,0,0,0,0,0,0,0,0,0,0,0,2,0,0,0,0,0,0,0,0,0,0,0
sport.033,sport,0,0,0,2,0,0,0,0,0,0,0,0,0,0,0,0,0,0,0,0,0,0,0,0,0,0,0,0,0,0,1,0,0,1,1,0,0,0,0,0,2,0,0,0,0,0,0,0,0,0
sport.034,sport,5,4,5,2,1,1,0,4,2,4,0,0,0,0,0,0,2,0,0,1,1,2,0,1,2,0,4,0,0,0,1,0,1,1,0,1,0,1,1,0,0,0,0,1,0,0,3,0,1,0
sport.035,sport,1,0,0,0,1,1,0,0,2,0,0,0,0,0,0,0,0,0,0,2,0,0,0,0,0,0,0,0,0,0,0,0,0,0,0,0,0,0,0,0,1,0,0,0,0,0,0,0,1,0
sport.036,sport,2,0,0,1,0,0,0,0,2,0,0,0,0,0,0,0,0,1,0,1,0,0,0,0,0,0,0,0,0,0,0,0,0,0,0,1,0,0,1,0,1,0,0,0,0,0,1,0,0,1
sport.037,sport,1,0,2,0,1,0,0,0,2,2,0,0,0,0,0,1,1,0,0,0,0,1,0,0,1,1,0,0,1,0,0,0,0,0,0,0,0,0,0,0,0,0,0,1,0,0,0,0,0,0
sport.038,sport,5,3,2,0,1,0,0,3,1,0,1,1,0,0,0,0,0,0,0,0,0,0,0,0,2,0,3,0,1,1,2,0,0,0,0,1,0,0,0,0,0,0,0,1,0,0,1,0,2,0
sport.039,sport,2,1,0,0,0,0,0,2,1,0,0,1,0,0,0,0,0,2,1,0,0,0,0,0,0,0,0,0,0,0,1,0,0,0,0,0,0,0,0,0,0,0,0,0,0,0,0,0,0,1
sport.040,sport,0,1,3,0,1,1,0,1,1,2,0,3,0,0,1,0,0,3,0,0,2,4,0,3,1,2,2,0,0,0,1,0,0,0,0,0,1,0,1,0,1,0,0,1,0,0,0,3,0,0
sport.041,sport,1,1,1,2,1,0,0,0,0,0,0,0,0,0,1,0,0,0,0,0,0,0,0,0,0,0,4,0,0,0,0,0,0,0,0,0,0,0,1,0,1,0,0,0,0,0,0,0,0,1
sport.042,sport,1,0,0,0,1,1,0,0,1,0,0,1,0,0,0,0,0,0,0,0,0,2,0,0,0,0,2,0,0,0,0,0,0,0,0,1,0,0,0,0,1,0,0,0,1,0,1,0,0,0
sport.043,sport,1,0,1,0,1,0,1,0,2,0,1,0,0,0,3,5,0,0,0,0,1,0,0,0,0,0,1,0,0,0,2,0,2,0,0,0,1,0,0,0,2,0,0,0,0,0,1,0,2,0
sport.044,sport,2,0,1,0,1,3,0,3,1,0,0,0,0,0,0,0,0,1,0,0,0,0,0,1,0,2,2,0,0,0,3,0,0,1,0,0,0,0,0,0,0,0,0,0,0,0,0,0,0,0
sport.045,sport,1,0,0,0,0,0,0,0,2,0,0,1,0,3,0,0,1,0,1,0,0,0,0,0,0,0,0,0,0,0,1,0,0,0,0,0,0,0,3,0,0,0,0,0,0,0,0,0,1,0
sport.046,sport,0,0,0,0,3,0,0,0,1,0,1,0,0,0,1,0,0,0,0,0,0,0,0,0,0,1,0,0,0,0,0,0,0,1,0,0,0,0,0,0,0,0,0,1,0,0,0,0,0,0
sport.047,sport,0,0,0,1,0,0,0,1,0,0,0,0,0,0,0,0,0,0,0,1,2,0,0,0,0,1,1,0,0,0,0,0,0,0,0,0,0,0,1,0,1,0,0,0,1,0,0,0,0,0
sport.048,sport,0,0,1,2,0,0,0,0,0,0,0,0,0,0,0,0,0,0,0,2,0,0,0,0,0,1,0,0,0,0,2,0,0,1,0,0,0,0,1,0,2,0,0,0,1,1,0,1,1,0
sport.049,sport,0,0,1,0,0,0,2,0,1,0,0,1,0,1,0,0,0,1,0,2,0,0,0,0,0,0,1,1,0,0,3,0,0,2,0,0,1,0,0,0,0,0,0,0,0,0,0,0,0,3
sport.050,sport,1,0,0,1,1,0,0,0,0,0,0,0,0,0,0,0,0,0,0,0,0,1,0,1,0,0,0,0,0,0,0,0,0,0,0,1,0,0,1,0,1,0,0,0,0,0,0,0,0,0
sport.051,sport,1,0,0,1,0,0,0,0,0,0,0,1,0,0,0,0,0,0,0,3,0,1,0,1,0,0,0,0,0,0,1,0,0,0,0,0,0,0,1,0,2,0,0,0,0,0,0,0,2,1
sport.052,sport,0,0,0,0,0,1,0,0,0,1,0,0,0,0,0,0,0,0,0,1,1,0,0,1,0,0,2,0,0,0,0,0,0,1,0,0,1,0,0,0,0,0,0,0,0,0,0,0,0,0
sport.053,sport,2,0,0,0,0,1,0,0,3,0,0,0,0,0,0,0,0,0,0,0,0,0,0,0,0,0,1,0,0,0,0,0,0,0,0,0,0,0,1,0,0,0,0,0,0,0,0,0,0,2
sport.054,sport,0,0,0,1,0,0,0,0,0,0,0,0,0,0,0,0,0,0,0,0,0,0,0,0,0,0,0,0,0,0,1,0,0,0,0,0,2,0,1,0,1,0,0,0,0,0,0,0,1,1
sport.055,sport,0,0,0,0,0,0,0,1,0,0,0,1,0,0,0,0,0,0,0,0,0,0,0,2,2,0,0,0,0,1,0,0,0,0,0,0,0,0,0,0,1,0,0,0,1,0,1,0,0,1
sport.056,sport,0,0,0,0,0,0,0,0,0,0,0,0,0,0,0,0,1,0,0,0,0,0,0,0,1,0,1,0,0,0,0,0,0,0,0,0,1,0,0,0,0,0,0,0,0,0,1,0,0,0
sport.057,sport,2,1,1,0,4,2,0,3,1,2,0,0,0,0,0,0,1,0,0,0,4,4,0,1,0,0,3,0,0,2,1,0,0,0,0,0,1,0,0,0,1,0,0,0,0,0,0,3,0,0
sport.058,sport,3,0,1,0,7,3,0,3,3,2,1,1,0,0,0,0,1,0,0,0,1,3,0,1,8,2,5,0,0,0,2,0,0,0,0,1,0,0,6,0,3,0,0,0,0,0,0,1,0,0
sport.059,sport,0,1,0,0,1,0,0,1,1,2,0,0,0,0,1,0,1,0,0,2,0,1,0,0,6,1,1,0,0,0,0,0,0,0,0,2,0,0,0,0,1,0,0,1,1,0,2,0,0,2
sport.060,sport,1,0,1,0,1,1,0,2,0,1,0,0,0,0,0,0,1,0,0,0,0,0,0,0,3,0,2,0,0,0,0,0,0,0,0,0,0,1,2,0,1,0,0,0,0,0,0,0,0,0
sport.061,sport,1,0,5,0,1,4,0,1,0,0,0,1,0,0,0,0,0,0,0,0,0,1,0,0,8,0,1,0,3,0,1,0,0,0,0,1,2,1,5,0,0,0,0,0,0,0,0,0,0,0
sport.062,sport,0,0,1,0,0,0,0,1,2,0,0,0,0,0,0,0,0,0,0,0,0,0,0,0,0,1,1,0,1,0,0,0,0,0,0,0,0,1,0,0,0,0,0,0,1,0,0,1,0,1
sport.063,sport,1,0,0,0,1,0,0,1,3,0,0,0,0,0,0,0,0,0,0,1,0,0,0,0,1,0,1,0,0,0,0,0,0,1,0,0,1,0,0,0,0,0,0,0,0,0,2,0,1,0
sport.064,sport,2,0,1,0,2,0,0,0,1,0,0,0,0,0,0,0,0,0,0,0,0,0,0,0,1,0,2,0,0,0,0,0,0,0,0,0,0,0,2,0,0,0,0,0,1,0,0,0,0,1
sport.065,sport,3,0,2,0,0,0,0,1,2,1,0,1,0,0,0,0,0,0,0,0,2,0,0,1,0,0,2,0,0,0,1,0,0,0,0,0,2,0,1,0,0,0,0,0,0,0,0,0,0,1
sport.066,sport,4,0,1,6,2,5,0,0,7,0,0,2,0,0,0,0,0,0,0,0,0,2,0,1,0,0,5,0,0,0,0,1,1,1,0,1,0,0,0,0,1,0,0,0,0,0,0,0,1,0
sport.067,sport,1,0,1,0,0,0,0,0,5,2,0,0,0,0,0,0,0,1,0,0,1,0,0,0,1,0,1,0,0,0,2,0,0,1,0,0,0,0,0,0,0,0,0,0,0,0,0,0,0,0
sport.068,sport,1,0,1,2,0,2,0,0,0,0,0,0,0,0,0,1,0,0,0,1,0,0,0,1,0,0,0,0,0,0,1,0,1,2,0,0,1,0,0,0,2,0,0,0,0,0,0,0,0,1
sport.069,sport,2,0,1,0,3,1,0,2,10,1,0,4,0,0,0,0,1,0,0,0,1,1,0,4,9,1,4,0,0,0,3,0,2,0,0,0,1,0,4,0,1,0,0,2,2,0,0,1,1,1
sport.070,sport,1,0,1,1,2,0,0,8,4,3,1,0,0,0,1,0,0,0,0,0,0,4,0,1,5,0,2,0,0,0,0,0,0,0,0,0,0,0,1,0,1,0,1,0,0,0,3,0,2,1
sport.071,sport,1,0,0,0,0,1,0,0,1,0,0,0,0,0,0,0,0,0,0,0,0,0,0,1,2,0,0,0,0,0,0,0,0,0,0,0,1,0,0,0,0,0,0,0,2,0,0,0,0,1
sport.072,sport,1,1,2,0,2,0,0,2,0,3,0,0,0,0,0,0,0,0,0,0,2,1,0,3,0,0,0,0,0,0,0,0,0,0,0,0,0,0,0,0,1,0,0,1,3,0,0,1,0,0
sport.073,sport,1,0,0,1,0,0,0,2,0,1,0,0,0,0,0,0,0,0,0,0,1,1,0,0,1,0,2,0,0,0,0,0,0,0,0,0,1,0,0,0,0,0,0,0,0,0,0,0,0,0
sport.074,sport,0,0,0,0,0,0,0,0,0,0,0,0,0,0,0,0,0,0,0,0,0,0,0,0,0,0,2,0,0,0,0,0,0,0,0,0,0,3,0,0,0,0,0,0,2,0,0,0,0,0
sport.075,sport,0,0,1,0,1,3,0,0,3,2,0,0,0,0,0,0,0,0,0,0,0,1,0,1,2,0,5,0,0,0,0,0,0,0,0,1,1,0,2,0,0,0,0,1,0,0,0,0,1,0
sport.076,sport,1,0,0,0,0,2,0,0,4,0,0,0,0,0,0,0,0,0,0,0,0,0,0,0,0,0,2,0,0,0,0,0,0,0,0,0,0,2,0,0,0,0,0,0,0,0,1,0,0,0
sport.077,sport,0,0,0,0,0,0,0,0,0,0,0,1,0,0,0,1,0,0,0,0,0,0,0,0,0,0,2,0,0,0,1,0,0,0,0,0,1,0,0,0,0,0,0,0,0,0,0,0,0,0
sport.078,sport,2,0,0,0,1,0,0,0,2,0,0,0,0,0,0,0,0,0,0,0,0,0,0,0,0,0,2,0,0,0,0,0,0,0,0,0,0,1,0,0,0,0,0,0,0,0,0,0,0,0
sport.079,sport,1,0,0,2,0,0,1,1,1,0,0,0,0,0,0,0,0,0,0,3,0,0,0,0,0,1,0,0,0,0,0,0,0,1,0,0,0,0,0,0,2,0,0,1,1,0,0,1,0,0
sport.080,sport,0,0,0,0,0,0,1,0,0,1,0,0,0,0,0,0,0,1,0,0,0,0,0,0,0,1,0,0,0,0,0,0,0,2,0,0,0,1,0,0,0,0,0,0,0,0,0,0,0,0
sport.081,sport,1,0,0,1,2,0,0,1,1,0,0,0,0,0,0,0,0,0,0,1,0,0,0,0,0,1,0,0,0,0,2,0,1,0,0,0,1,0,0,0,3,0,0,0,0,0,0,1,2,0
sport.082,sport,1,0,2,0,0,0,0,0,0,0,0,0,0,0,0,0,2,0,0,0,0,0,0,0,0,0,0,0,0,0,1,0,1,0,0,1,0,0,0,0,1,0,0,0,0,0,0,0,0,1
sport.083,sport,0,0,1,0,1,1,0,0,1,0,0,0,0,0,0,0,0,0,0,0,0,0,0,0,0,0,0,0,0,0,0,0,0,0,0,0,1,1,0,0,0,0,0,0,0,0,0,0,0,0
sport.084,sport,0,0,0,0,0,1,0,0,0,1,0,0,0,0,0,0,0,0,0,1,1,0,0,1,0,0,2,0,0,0,0,0,0,1,0,0,1,0,0,0,0,0,0,0,0,0,0,0,0,0
sport.085,sport,0,0,1,0,0,1,0,0,1,0,0,0,0,0,0,0,0,0,0,0,0,0,0,0,0,0,1,0,0,0,1,1,0,1,0,0,1,0,0,0,0,0,1,0,0,0,0,0,0,0
sport.086,sport,0,0,0,0,1,1,0,0,0,0,0,0,0,0,0,0,0,0,0,0,0,0,0,0,1,0,1,0,0,0,0,0,0,0,0,0,0,0,0,0,0,0,0,0,2,0,0,0,0,0
sport.087,sport,0,0,0,0,0,0,0,0,2,1,0,0,0,0,0,0,0,0,0,0,0,0,0,0,1,0,1,0,0,0,1,0,0,0,0,1,1,4,0,0,0,0,0,0,0,0,0,0,0,0
sport.088,sport,0,0,1,0,0,0,2,0,1,0,0,1,0,1,0,0,0,1,0,3,0,0,0,0,0,0,1,1,0,0,3,0,0,2,0,0,1,0,0,0,0,0,0,0,0,0,0,0,0,3
sport.089,sport,1,1,0,0,1,1,0,0,1,0,0,0,0,0,0,0,0,1,0,2,1,0,0,0,0,1,0,0,0,0,1,0,0,0,0,1,0,0,0,0,1,0,0,1,0,0,0,0,0,1
sport.090,sport,2,2,1,0,1,0,0,1,0,1,0,0,0,0,1,0,0,1,0,0,2,3,0,0,0,0,2,0,0,0,1,0,0,1,0,0,0,1,0,0,0,0,0,0,0,0,0,0,0,0
sport.091,sport,0,0,0,0,0,0,0,1,1,0,0,0,0,0,0,0,0,0,0,1,0,0,0,2,0,0,0,0,0,0,1,0,1,0,0,0,0,0,1,0,1,0,0,0,0,0,0,0,2,0
sport.092,sport,2,0,0,0,0,0,0,0,1,0,0,1,0,0,0,0,0,2,0,0,0,0,0,1,0,1,0,0,0,0,0,0,0,1,0,0,0,0,0,0,0,0,0,0,0,0,0,0,0,0
sport.093,sport,1,1,2,0,2,1,0,3,0,4,0,2,0,0,2,0,0,2,0,0,1,2,0,12,0,0,0,0,0,0,0,0,0,0,0,2,4,0,1,0,2,0,0,0,1,0,0,0,0,4
sport.094,sport,1,0,0,1,1,0,0,0,0,1,1,0,0,0,1,0,0,0,0,0,0,2,0,0,0,0,1,0,0,0,1,0,0,0,0,0,0,0,1,0,0,0,0,0,0,0,0,0,0,0
sport.095,sport,0,0,0,0,1,1,0,1,0,1,2,1,0,0,0,0,0,0,0,0,1,0,0,0,1,0,2,0,0,0,1,0,0,0,0,0,0,0,0,4,3,0,0,1,0,0,0,0,0,1
sport.096,sport,0,0,0,2,0,1,0,0,0,0,2,0,0,0,0,0,0,0,0,2,0,1,0,2,0,0,2,0,0,0,0,0,1,0,0,0,1,0,1,0,0,0,0,1,0,0,0,0,0,1
sport.097,sport,1,0,1,3,1,0,0,3,0,0,0,0,0,0,0,0,0,1,0,0,0,0,0,1,0,0,0,0,0,0,0,0,0,1,1,2,0,0,1,3,1,0,0,0,0,0,2,0,0,0
sport.098,sport,0,0,1,0,0,0,0,0,1,0,0,0,0,0,0,0,0,0,0,0,0,0,0,0,0,1,0,0,0,0,0,0,0,1,0,0,0,0,0,0,0,0,0,0,0,0,0,0,0,0
sport.099,sport,0,0,1,3,0,0,0,1,0,0,0,0,0,0,0,0,0,0,0,1,0,0,0,2,0,0,0,0,0,1,0,0,0,1,0,1,0,1,0,1,0,0,1,1,1,0,0,0,0,0
sport.100,sport,1,1,1,0,3,0,0,1,1,0,4,0,0,0,0,0,0,0,0,3,2,0,0,0,0,1,0,0,0,0,0,0,0,1,0,0,0,0,0,2,0,0,0,0,0,0,0,0,0,0
sport.101,sport,0,0,3,2,1,3,0,1,0,0,3,1,0,0,0,0,1,0,0,1,0,1,0,2,3,0,1,0,0,0,1,0,0,0,0,0,1,0,1,1,0,1,0,2,0,0,3,0,0,2
sport.102,sport,2,0,0,0,1,1,0,1,0,1,1,1,0,0,0,0,0,0,0,0,0,1,0,1,0,2,2,0,0,0,0,0,0,1,0,0,1,0,0,0,0,0,0,0,0,0,0,2,0,0
sport.103,sport,0,0,1,0,0,0,0,0,0,0,5,0,0,0,0,0,0,0,0,0,1,0,0,0,0,0,0,0,0,0,0,0,0,0,0,0,0,0,0,0,1,0,0,0,1,0,0,0,0,1
sport.104,sport,0,0,0,3,1,3,0,0,0,0,0,1,0,0,0,0,0,0,0,0,0,0,0,1,0,0,3,0,0,0,0,0,0,0,0,0,0,0,0,0,1,0,1,1,1,0,0,0,0,0
sport.105,sport,0,0,1,3,1,5,0,3,0,0,3,2,0,0,1,0,0,0,0,0,0,1,0,1,0,0,1,0,0,0,0,0,0,0,0,1,0,0,1,0,1,0,0,0,0,0,1,0,0,0
sport.106,sport,1,0,0,1,1,2,0,0,0,3,1,0,0,0,0,0,1,0,0,0,0,2,0,3,0,0,3,0,0,0,2,0,0,0,0,0,0,0,0,1,2,0,0,0,0,0,2,0,0,1
sport.107,sport,0,0,1,2,2,2,0,0,0,0,1,2,0,0,0,0,0,0,0,0,0,3,0,4,0,0,1,0,0,0,0,0,0,0,0,2,0,0,0,1,3,0,0,0,0,0,0,0,0,1
sport.108,sport,1,0,0,2,2,2,0,0,0,0,0,0,0,0,0,0,0,0,0,0,0,1,0,1,0,0,0,0,0,0,1,0,0,0,0,0,0,0,0,0,2,0,0,0,0,0,0,0,0,0
sport.109,sport,0,0,0,1,1,1,0,0,0,0,1,1,0,0,0,0,0,0,0,2,0,2,0,4,0,0,0,0,0,0,0,0,0,0,0,0,0,0,0,0,1,0,0,0,0,0,1,0,0,1
sport.110,sport,0,0,1,2,2,0,0,0,0,1,1,0,0,0,0,0,0,0,0,1,0,0,0,3,0,2,0,0,0,1,0,0,0,0,1,0,0,0,0,0,0,0,0,0,1,0,1,1,1,0
sport.111,sport,0,0,0,5,0,0,0,0,0,0,5,0,0,0,0,0,0,0,0,3,1,1,0,0,1,0,0,0,0,1,0,0,0,0,0,0,0,0,0,2,1,0,0,0,1,0,0,0,0,2
sport.112,sport,1,0,0,0,3,1,0,6,0,1,0,0,0,0,1,0,0,3,1,3,4,3,0,0,1,2,1,0,0,0,2,0,0,1,0,4,1,0,1,4,0,0,0,2,0,0,2,4,1,0
sport.113,sport,1,0,1,1,0,1,0,1,0,2,3,1,0,0,0,0,1,0,0,1,0,0,0,0,0,0,0,0,0,1,0,0,0,1,0,0,0,0,0,2,0,0,0,0,0,0,1,0,1,0
sport.114,sport,0,0,1,0,1,1,0,1,2,0,1,2,0,0,0,0,0,0,0,0,0,0,0,0,0,2,1,0,0,0,1,0,0,1,0,0,3,0,0,0,0,0,0,1,4,0,0,0,0,2
sport.115,sport,3,0,2,6,5,4,0,0,0,2,6,1,0,0,0,0,0,0,0,2,1,2,0,1,0,1,1,0,0,0,1,0,0,0,0,2,0,1,0,2,0,0,0,0,1,0,3,0,0,1
sport.116,sport,1,0,1,1,0,1,0,0,0,0,1,0,0,0,0,0,0,0,0,1,0,0,0,1,0,1,0,0,0,0,0,0,0,0,0,0,2,0,0,0,0,0,0,0,0,0,0,0,0,0
sport.117,sport,0,0,0,1,1,0,0,0,0,0,1,1,0,0,0,0,0,0,0,1,0,2,0,1,0,1,0,0,0,0,0,0,0,0,0,0,2,0,2,2,0,0,1,0,1,0,0,0,1,0
sport.118,sport,1,0,3,0,1,0,0,1,1,1,0,0,0,0,1,0,0,1,1,0,2,1,0,1,1,0,0,0,0,1,2,0,0,0,0,1,1,0,0,2,0,0,0,0,0,0,0,2,1,1
sport.119,sport,0,2,2,6,2,3,0,0,2,6,5,0,0,0,1,0,0,1,0,4,1,0,0,0,0,0,1,0,0,0,0,0,0,0,0,2,0,0,0,6,1,0,0,0,3,0,3,0,1,0
sport.120,sport,0,0,0,3,0,2,0,0,0,0,0,0,0,0,0,0,0,0,0,1,0,0,0,0,0,0,1,0,0,0,0,0,0,0,0,0,0,0,0,0,1,0,0,0,0,0,0,0,0,0
sport.121,sport,1,0,0,0,3,1,0,6,0,1,0,0,0,0,1,0,0,3,0,3,4,3,0,0,1,2,1,0,0,0,2,0,0,1,0,4,1,0,1,4,0,0,0,2,0,0,2,4,1,0
sport.122,sport,0,0,2,1,1,1,0,2,0,0,1,0,0,0,2,0,0,0,0,4,0,0,0,1,0,0,0,0,0,0,0,0,0,0,0,1,0,0,1,0,0,0,0,0,0,0,0,0,0,0
sport.123,sport,0,0,0,0,0,0,0,0,0,0,1,0,0,0,0,0,0,0,0,0,0,0,0,0,0,0,0,0,0,0,0,0,0,0,0,0,0,0,0,0,0,0,0,0,0,0,1,0,0,0
sport.124,sport,0,3,1,0,0,0,0,1,0,1,0,0,0,0,0,0,0,0,0,0,1,0,0,0,0,0,0,0,0,0,1,0,0,1,0,1,0,0,0,0,0,0,0,1,0,0,0,1,0,0
sport.125,sport,0,0,0,0,1,0,0,0,0,1,3,0,0,0,0,0,0,0,0,0,0,0,0,0,0,1,0,0,0,1,0,0,0,0,0,0,0,0,0,2,0,0,0,0,0,0,1,1,0,0
sport.126,sport,2,0,3,4,1,0,0,2,0,2,0,1,0,0,0,0,0,0,0,0,2,0,0,1,0,0,1,0,1,0,0,0,1,2,0,0,1,0,0,3,0,0,0,0,1,0,1,0,1,0
sport.127,sport,0,0,0,1,0,0,0,0,0,2,3,0,0,0,0,0,1,0,0,2,0,0,0,1,1,0,0,0,0,1,0,0,0,0,0,0,0,0,0,0,0,0,0,0,1,0,0,0,0,0
sport.128,sport,0,1,0,2,1,2,0,1,2,1,1,0,0,0,0,0,0,1,0,0,1,0,0,2,0,0,0,0,1,0,0,0,0,0,0,1,0,0,0,0,0,0,0,0,0,0,0,0,0,1
sport.129,sport,0,0,0,1,1,1,0,0,0,0,0,0,0,0,0,0,0,0,0,1,0,0,0,0,0,0,0,0,0,0,0,0,0,0,0,1,0,0,0,0,1,0,0,0,0,0,1,0,1,0
sport.130,sport,0,0,0,1,0,0,0,0,0,0,0,0,0,0,0,0,0,0,0,0,0,0,0,0,0,0,0,0,1,0,0,0,0,0,0,1,0,0,0,0,1,0,0,0,0,0,0,0,0,0
sport.131,sport,0,1,0,0,0,0,0,0,0,0,1,0,0,0,0,0,0,0,1,0,1,0,0,1,0,2,0,0,0,0,1,0,0,0,0,0,0,0,0,0,0,0,0,0,1,0,0,0,1,0
sport.132,sport,1,0,1,5,1,0,0,0,7,0,2,0,0,0,0,0,0,0,0,4,0,1,0,1,0,0,1,0,0,0,1,0,0,0,0,0,0,0,0,0,0,0,0,0,0,0,0,0,0,2
sport.133,sport,0,0,1,4,0,0,0,4,1,1,4,0,0,0,0,0,0,1,0,2,0,0,0,2,0,0,4,0,1,0,0,0,0,0,0,1,0,0,1,1,0,0,0,0,0,0,5,0,0,2
sport.134,sport,0,0,0,2,0,0,0,0,1,0,1,0,0,0,0,0,0,0,0,1,0,0,0,0,0,0,0,0,0,0,0,0,0,0,0,0,0,0,0,0,0,0,0,0,0,0,0,0,0,0
sport.135,sport,0,0,0,0,0,2,0,0,0,0,3,0,0,0,0,0,0,0,0,0,0,0,0,0,0,0,0,0,0,0,0,0,1,0,0,0,0,0,0,1,0,0,0,0,0,0,1,0,0,1
sport.136,sport,0,0,0,0,0,0,0,1,1,0,0,0,0,0,0,0,0,0,0,2,0,0,0,2,0,0,0,0,0,0,1,0,0,0,0,0,0,1,0,1,0,0,1,0,0,0,0,0,0,0
sport.137,sport,0,0,0,5,2,1,1,2,0,0,1,0,0,0,0,0,0,0,0,0,1,1,0,0,0,0,2,0,0,0,0,0,0,1,0,1,0,0,0,5,3,0,0,0,0,0,0,0,0,0
sport.138,sport,0,0,0,0,1,0,0,0,0,0,2,1,0,0,0,0,0,1,0,0,1,1,0,0,0,0,0,0,0,0,0,0,0,0,0,0,0,0,0,2,0,0,0,1,1,0,0,0,0,0
sport.139,sport,0,0,0,1,4,3,0,0,0,1,1,0,0,0,0,0,1,0,0,0,0,0,0,0,0,0,0,0,0,0,0,0,0,1,0,0,0,0,0,1,1,0,0,0,0,0,3,0,0,0
sport.140,sport,0,1,0,3,0,0,0,0,0,0,0,1,0,0,0,0,0,1,0,0,1,0,0,0,0,0,1,0,0,0,0,0,1,2,1,1,0,0,0,1,2,0,0,0,0,0,0,0,2,0
sport.141,sport,1,0,0,2,0,1,0,0,0,0,2,0,0,0,0,0,0,0,0,0,1,0,0,0,0,1,7,0,0,0,0,0,0,1,0,0,0,0,0,0,0,0,0,1,0,0,0,1,0,0
sport.142,sport,1,1,0,1,3,2,0,2,0,0,2,0,0,0,0,0,0,1,0,1,0,0,0,2,0,2,0,0,0,1,0,0,0,1,0,2,0,1,0,0,0,0,0,0,0,0,0,3,0,0
sport.143,sport,1,0,0,0,0,0,0,0,0,0,0,0,0,0,0,0,0,0,0,0,0,0,0,0,0,1,0,0,0,0,0,0,0,1,0,0,0,0,0,0,1,0,0,0,0,0,0,1,0,0
sport.144,sport,2,0,0,0,0,2,0,1,0,0,1,0,0,0,0,0,0,0,0,1,2,0,0,0,0,0,2,0,0,0,0,0,0,1,0,0,0,0,0,2,0,0,0,0,0,0,0,0,0,0
sport.145,sport,0,0,1,1,0,2,0,2,0,0,4,0,0,0,0,0,0,0,0,1,0,0,0,2,0,0,2,0,0,0,0,0,0,2,0,0,0,0,0,0,0,0,0,1,0,0,1,0,0,0
sport.146,sport,0,0,0,0,0,1,0,0,0,0,0,0,0,0,0,0,0,0,3,0,0,2,0,1,0,0,1,0,1,0,0,0,1,0,0,0,0,0,0,0,1,0,0,0,0,0,0,0,0,1
sport.147,sport,0,1,0,1,0,0,0,0,0,2,0,1,0,0,0,0,0,0,0,2,0,1,0,1,0,0,0,0,0,0,2,0,0,0,4,0,0,0,0,1,1,0,1,0,0,0,1,0,0,1
sport.148,sport,0,0,0,0,1,0,0,0,0,0,0,1,0,0,0,0,0,0,0,0,0,0,0,0,0,0,0,0,0,2,0,0,0,0,0,0,1,0,1,1,0,0,0,0,0,0,0,0,0,0
sport.149,sport,0,0,1,0,0,0,1,0,3,0,3,0,0,0,0,0,0,0,0,0,0,0,0,0,1,0,1,0,0,0,0,0,0,0,0,0,0,0,0,2,0,0,0,0,0,0,0,0,0,0
sport.150,sport,0,0,0,1,1,1,0,3,0,2,3,1,0,0,0,0,0,0,0,1,0,0,0,0,2,0,3,0,0,0,0,0,1,1,0,0,0,0,0,2,0,0,0,0,0,0,2,0,0,0
sport.151,sport,0,1,1,3,0,1,0,0,0,1,1,1,0,0,0,0,0,0,0,1,0,1,0,1,0,0,1,0,0,0,0,0,0,1,0,0,1,0,0,0,0,0,0,0,0,0,0,0,0,1
sport.152,sport,2,0,0,2,0,0,0,0,0,2,8,1,0,0,0,0,0,0,0,1,0,0,0,1,1,0,1,0,0,0,1,0,0,0,0,0,1,0,0,1,0,0,0,0,1,0,2,0,0,1
sport.153,sport,0,0,0,1,0,0,0,0,0,0,0,3,0,0,0,0,0,0,0,0,0,1,0,0,0,0,1,0,0,0,0,0,0,1,0,0,0,0,0,0,0,0,0,0,0,0,0,0,0,0
sport.154,sport,0,2,0,0,0,0,0,1,0,0,6,0,0,0,0,0,0,0,0,0,0,0,0,0,0,1,1,0,0,0,0,0,0,2,2,2,0,0,0,1,1,0,0,0,0,0,0,0,0,0
sport.155,sport,0,0,3,4,0,0,0,0,1,0,3,1,0,0,0,0,0,0,0,0,0,1,0,1,1,0,1,0,0,0,1,0,0,1,0,0,0,0,0,4,1,0,0,1,0,0,1,0,0,0
sport.156,sport,1,0,1,0,0,0,0,1,0,0,0,0,0,0,0,0,0,0,0,0,0,0,0,1,0,1,0,0,1,0,0,0,0,0,0,0,0,0,0,2,0,0,0,0,0,0,1,2,0,1
sport.157,sport,0,0,0,0,2,0,0,1,0,0,0,1,0,0,0,0,0,0,0,3,0,1,0,0,0,0,1,0,0,0,0,0,0,1,0,0,0,0,0,3,0,0,0,1,0,0,0,0,0,1
sport.158,sport,0,0,0,4,0,0,0,1,1,1,0,0,0,0,0,0,0,2,0,1,4,1,0,0,0,1,0,0,0,0,0,0,0,0,0,0,0,0,0,2,0,0,0,0,0,0,0,0,0,0
sport.159,sport,1,0,2,1,0,0,0,3,0,0,0,0,0,0,0,0,0,0,0,0,1,1,0,0,1,0,0,0,0,0,0,0,0,0,0,0,0,0,0,0,1,0,0,0,1,0,0,0,0,1
sport.160,sport,1,0,1,2,1,0,0,0,1,4,2,1,0,0,0,0,0,1,0,0,0,2,0,1,0,1,0,0,0,0,0,0,0,1,0,1,0,2,0,6,0,0,0,1,2,0,0,1,1,0
sport.161,sport,1,0,0,0,1,1,0,0,0,0,0,0,0,0,0,0,0,0,0,0,0,1,0,0,0,0,0,0,0,0,1,0,0,0,0,0,1,0,0,0,1,0,0,0,1,0,0,0,0,0
sport.162,sport,0,0,0,0,0,0,0,0,0,0,0,0,0,0,0,0,0,0,0,1,0,0,0,0,0,0,0,0,0,0,0,0,0,0,0,0,2,0,0,0,0,0,0,1,3,0,0,0,0,0
sport.163,sport,0,0,0,0,0,1,0,0,0,0,0,0,0,0,2,0,0,0,0,1,0,0,0,0,1,0,1,0,0,0,1,0,0,0,0,0,0,0,1,0,0,0,0,1,0,0,0,0,0,0
sport.164,sport,0,0,0,0,0,0,0,1,0,0,0,0,0,0,0,0,0,1,0,0,1,0,0,0,0,1,0,0,0,0,0,0,0,0,1,1,0,0,0,0,0,0,0,1,1,0,0,1,0,0
sport.165,sport,0,0,0,0,0,0,0,1,0,0,1,0,0,0,0,0,0,0,0,0,1,0,0,0,0,1,0,0,0,1,0,0,0,0,1,0,0,0,0,0,1,0,0,0,0,0,0,0,0,0
sport.166,sport,0,1,0,1,0,1,0,1,0,1,0,1,0,0,0,0,0,0,0,1,0,0,0,0,0,0,0,0,0,0,0,0,0,1,0,0,0,0,0,1,1,0,0,0,0,0,0,0,0,0
sport.167,sport,0,0,0,1,0,1,0,1,0,0,2,0,0,0,0,0,0,0,0,3,0,1,0,1,0,1,0,0,0,0,1,0,0,1,0,0,1,0,0,1,0,0,0,0,1,0,0,0,1,0
sport.168,sport,1,0,0,0,1,0,0,0,0,0,0,0,0,0,0,0,0,0,0,0,1,2,0,0,0,2,0,0,0,0,0,0,0,0,2,0,0,0,0,0,0,0,0,1,0,0,0,2,0,0
sport.169,sport,0,0,0,1,1,0,0,0,0,0,0,0,0,0,0,0,0,0,0,1,0,0,0,0,0,0,1,0,0,0,1,0,0,0,0,0,1,0,0,2,0,0,0,0,1,0,0,0,0,0
sport.170,sport,0,0,1,0,0,1,0,0,0,1,0,0,0,0,0,0,0,0,0,2,0,0,0,0,0,1,0,0,0,0,1,0,0,0,0,1,0,0,0,0,0,0,2,0,1,0,2,0,1,0
sport.171,sport,0,0,0,1,1,0,0,0,0,0,1,0,0,0,0,0,0,0,0,0,0,0,0,0,0,0,1,0,0,0,0,0,0,0,0,0,0,0,0,0,0,0,0,0,1,0,0,0,0,0
sport.172,sport,1,0,3,1,0,0,0,1,0,3,0,1,0,0,3,0,0,0,0,6,0,2,0,1,0,0,2,0,0,0,3,0,0,2,0,0,1,0,0,0,1,0,0,0,1,0,0,0,1,0
sport.173,sport,0,0,0,0,0,0,0,0,0,0,0,0,0,0,0,0,0,0,0,0,0,0,0,0,0,0,0,0,0,0,0,0,0,0,0,0,3,0,1,0,1,0,0,1,0,0,0,0,0,0
sport.174,sport,0,0,1,0,0,1,0,0,0,0,0,0,0,0,0,0,0,0,0,2,0,0,0,0,0,0,0,0,0,0,0,0,0,0,0,0,0,0,1,0,0,0,0,0,0,0,0,0,0,0
sport.175,sport,0,0,0,0,0,0,0,0,0,0,0,1,0,0,0,0,0,0,0,1,0,0,0,0,0,0,2,0,0,0,0,0,0,1,1,0,0,0,0,0,0,0,0,0,0,0,0,0,0,0
sport.176,sport,0,2,0,0,1,0,0,0,0,2,0,1,0,0,1,0,0,0,0,0,1,2,0,4,0,0,2,0,0,0,0,0,0,1,0,0,0,0,0,1,0,0,0,0,0,0,0,0,0,0
sport.177,sport,2,0,0,0,0,2,0,0,0,0,1,1,0,0,0,0,0,1,0,1,0,0,0,0,1,1,0,0,1,0,0,0,0,1,0,1,0,0,0,0,0,0,0,0,0,0,0,1,0,0
sport.178,sport,0,0,2,0,1,0,0,1,0,0,0,2,0,0,0,0,0,0,0,0,0,2,0,0,0,0,0,0,0,0,0,0,0,2,0,0,0,0,0,0,1,0,0,1,1,0,2,0,0,2
sport.179,sport,6,0,3,5,8,5,0,0,0,1,2,2,0,0,0,0,0,0,0,3,2,2,0,0,1,0,1,0,0,0,1,0,0,0,0,2,0,0,1,1,2,0,0,1,0,0,1,0,2,0
sport.180,sport,4,0,3,1,4,1,0,1,1,1,1,3,0,0,0,0,0,0,0,1,1,2,0,4,1,0,3,0,1,0,0,0,0,0,0,0,0,0,1,1,2,0,0,0,0,0,1,0,0,5
sport.181,sport,1,0,3,1,3,1,0,1,2,0,7,3,0,0,0,0,0,2,0,1,0,0,0,1,0,1,3,0,0,0,1,0,0,0,0,0,0,0,0,3,0,0,0,0,0,0,1,1,0,0
sport.182,sport,1,0,3,1,3,1,0,1,2,0,7,3,0,0,0,0,0,2,0,1,0,0,0,1,0,1,3,0,0,0,1,0,0,0,0,0,0,0,0,3,0,0,0,0,0,0,1,1,0,0
sport.183,sport,2,0,0,3,2,1,0,2,0,0,2,1,0,0,0,0,0,0,0,1,0,0,0,0,0,0,1,0,0,0,0,0,0,1,0,0,0,0,0,0,0,0,0,0,0,0,0,0,2,0
sport.184,sport,0,0,0,0,1,1,0,0,0,0,2,1,0,0,0,0,0,0,0,6,0,0,0,1,0,0,0,0,0,0,0,0,0,0,0,0,0,0,0,0,0,0,0,0,0,0,0,0,0,0
sport.185,sport,1,0,0,1,0,0,0,0,1,0,4,0,0,0,0,0,0,0,0,1,0,0,0,2,0,0,1,0,0,0,0,0,1,0,0,0,0,0,0,1,0,0,0,0,0,0,0,0,0,0
sport.186,sport,1,0,0,0,1,0,0,0,0,0,4,0,0,0,0,0,0,0,0,1,0,1,0,1,0,1,0,0,0,0,0,0,0,2,0,0,1,0,0,0,3,0,0,0,0,0,0,0,0,1
sport.187,sport,0,0,0,1,0,0,0,2,0,0,3,1,0,0,0,0,0,0,0,1,0,0,0,0,0,0,0,0,0,0,0,0,0,0,0,0,0,0,0,2,0,0,0,0,1,0,0,1,0,0
sport.188,sport,1,0,2,2,1,1,0,0,0,1,0,0,0,0,0,0,0,0,0,2,0,2,0,0,0,1,2,0,0,1,0,0,0,1,0,1,0,1,0,1,1,0,0,0,0,0,1,0,0,1
sport.189,sport,0,0,0,0,1,0,0,1,0,0,1,0,0,0,0,0,0,0,0,0,2,0,0,0,0,0,1,0,0,0,0,0,0,1,0,1,0,0,0,2,1,0,0,0,0,0,2,1,0,0
sport.190,sport,2,0,1,1,0,3,0,0,0,0,2,1,0,0,0,0,0,0,0,0,0,0,0,0,0,0,0,0,1,0,1,0,0,0,0,0,1,0,0,0,1,0,0,0,0,0,0,0,0,2
sport.191,sport,0,0,0,0,0,0,0,0,0,0,0,2,0,0,0,0,0,0,0,0,0,0,0,0,0,0,0,0,0,0,0,0,0,0,0,0,0,0,0,2,0,0,0,0,0,0,0,0,0,0
sport.192,sport,0,0,2,3,0,0,0,1,1,2,2,0,0,0,0,0,0,0,0,2,1,1,0,0,3,0,0,0,0,0,1,0,0,0,0,1,0,0,0,0,1,0,0,0,1,0,0,2,0,0
sport.193,sport,0,0,0,0,0,0,0,0,0,0,0,0,0,0,0,0,0,0,0,0,2,0,0,0,0,1,0,0,0,0,0,0,0,1,0,0,0,0,0,1,0,0,0,0,0,0,0,1,1,0
sport.194,sport,0,0,2,0,0,0,0,0,2,0,2,2,0,0,0,0,0,0,0,0,0,0,0,0,0,0,0,0,4,0,0,0,0,1,0,0,0,1,0,1,0,0,0,0,0,0,0,0,0,0
sport.195,sport,0,0,2,1,0,0,0,3,0,1,2,0,0,0,0,0,0,2,0,0,5,1,0,2,0,1,0,0,0,2,0,0,0,0,0,0,0,1,0,3,0,0,0,1,0,0,1,1,0,0
sport.196,sport,1,0,0,0,3,0,0,0,0,0,1,1,0,0,0,0,0,0,0,0,1,1,0,0,0,1,0,0,1,0,2,0,1,0,0,0,0,0,0,2,0,0,0,0,0,0,1,0,0,1
sport.197,sport,0,0,1,1,0,0,0,0,0,0,0,1,0,0,0,0,0,0,0,0,0,0,0,0,0,0,0,0,0,0,2,0,0,0,3,0,0,0,0,0,1,0,0,1,0,0,1,0,0,0
sport.198,sport,0,2,0,3,0,0,0,0,0,0,3,0,0,0,0,0,0,0,0,0,0,0,0,0,0,1,1,0,0,0,0,0,0,1,1,1,0,0,0,1,0,0,0,0,0,0,1,0,0,0
sport.199,sport,0,0,0,1,0,2,1,0,1,0,0,0,0,1,0,1,0,1,0,0,1,0,0,1,0,0,0,0,0,0,1,0,0,1,1,0,0,0,0,3,0,0,0,0,0,0,0,0,0,0
sport.200,sport,0,0,0,2,1,1,0,0,0,0,0,1,0,0,0,0,0,0,0,0,0,0,0,1,0,0,1,0,0,0,0,0,0,0,0,1,0,0,0,1,1,0,0,0,0,0,0,0,1,0
sport.201,sport,1,0,0,0,0,0,0,3,0,0,0,1,0,0,0,0,0,1,0,0,0,0,0,1,0,1,0,0,0,0,0,0,0,1,0,0,1,0,0,2,1,0,0,0,0,0,0,0,1,0
sport.202,sport,0,0,0,0,1,0,0,1,0,0,0,0,0,0,0,0,0,0,0,1,1,0,0,0,1,0,0,0,0,0,2,0,0,1,0,0,0,0,0,0,0,0,0,0,0,0,0,0,0,0
sport.203,sport,0,1,0,0,0,0,0,0,0,0,1,0,0,0,0,0,0,0,0,0,1,0,0,0,0,0,0,0,0,0,0,0,0,1,0,0,1,0,0,0,0,0,0,0,0,0,1,0,0,0
sport.204,sport,0,1,0,1,0,0,1,0,0,0,4,0,0,0,0,0,0,1,0,0,0,0,0,0,0,0,0,0,0,0,0,0,0,0,0,0,0,0,0,0,0,0,0,0,0,0,0,0,1,0
sport.205,sport,0,0,1,2,0,0,0,1,0,0,2,1,0,0,0,0,0,0,0,4,0,0,0,0,0,0,1,0,1,0,0,0,0,0,0,0,0,0,0,0,0,0,0,0,0,0,0,0,0,0
sport.206,sport,0,0,0,0,0,0,0,3,1,0,3,0,0,0,0,0,0,0,0,0,1,0,0,1,0,1,3,0,0,0,0,0,0,1,1,0,0,0,0,1,0,0,0,2,0,0,0,0,0,0
sport.207,sport,0,1,2,1,2,0,0,2,0,0,0,1,0,0,4,0,0,0,0,0,0,1,0,0,0,2,0,0,0,1,0,0,0,1,1,0,0,0,0,1,1,0,0,0,0,0,0,1,0,0
sport.208,sport,0,0,0,1,0,0,0,0,1,0,1,0,0,0,1,0,0,0,0,1,0,0,0,3,0,1,0,0,0,0,3,0,2,1,0,0,0,0,0,1,0,0,0,5,0,0,0,2,0,0
sport.209,sport,1,0,0,0,0,2,0,2,0,0,1,1,0,0,0,0,0,1,0,0,1,1,0,0,0,1,0,0,0,0,0,0,0,1,0,1,1,0,0,4,0,0,0,3,0,0,0,1,0,0
sport.210,sport,3,0,0,1,0,0,0,1,1,1,1,0,0,1,1,0,0,1,0,2,1,1,0,2,0,0,1,0,0,0,0,0,0,0,1,1,1,0,0,3,0,0,0,0,1,0,0,0,1,0
sport.211,sport,0,1,0,0,0,0,0,3,0,0,1,0,0,0,0,0,0,0,0,0,6,1,0,0,1,1,0,0,0,1,0,0,0,2,0,0,3,0,0,1,2,0,0,0,1,0,0,1,0,1
sport.212,sport,0,0,1,4,2,0,0,0,3,1,1,1,0,0,2,0,0,0,0,0,0,1,0,0,1,0,0,0,0,0,1,0,1,0,0,0,0,0,0,5,0,0,0,0,0,0,1,0,1,1
sport.213,sport,1,0,0,0,3,2,0,0,0,0,0,2,0,0,1,0,0,0,0,1,0,0,0,1,0,0,0,0,0,0,0,0,0,1,0,0,0,0,0,0,1,0,0,0,3,0,0,0,0,2
sport.214,sport,0,0,0,1,0,0,0,0,0,0,0,0,0,0,0,0,0,0,0,0,0,1,0,0,0,0,1,0,0,0,0,0,0,0,0,0,0,0,0,0,0,0,0,0,0,0,0,0,0,0
sport.215,sport,1,0,0,3,1,2,0,1,0,0,2,1,0,0,0,0,0,0,0,2,1,1,0,0,0,0,4,0,0,0,1,0,0,0,0,0,0,1,0,4,0,0,0,0,0,0,0,0,0,0
sport.216,sport,1,0,1,1,0,0,0,0,1,0,3,1,0,0,0,0,0,2,0,2,1,0,0,1,0,0,1,0,0,0,0,0,0,2,2,0,1,2,0,7,0,0,0,0,0,0,1,1,0,1
sport.217,sport,1,0,2,1,3,0,0,2,0,3,2,0,0,0,0,0,0,0,0,2,1,1,0,0,1,0,2,0,0,0,1,0,0,0,0,0,0,0,0,1,0,0,0,0,0,0,1,0,0,1
sport.218,sport,0,1,1,7,1,0,0,1,1,4,1,0,0,0,2,0,1,0,0,1,0,1,0,4,0,0,5,0,0,0,0,0,0,0,0,2,0,0,0,4,2,0,0,2,0,0,2,0,1,0
sport.219,sport,0,0,0,6,2,3,0,1,0,0,2,2,0,0,0,0,0,0,0,0,0,2,0,1,0,0,5,0,0,0,0,0,0,0,0,0,0,0,2,0,2,0,0,2,1,0,1,0,0,1
sport.220,sport,0,1,0,0,0,0,0,1,0,0,0,0,0,0,0,0,0,0,0,0,1,1,0,0,0,1,1,0,0,0,0,0,0,0,0,0,0,0,0,1,0,0,0,0,0,0,0,0,0,0
sport.221,sport,0,1,0,3,1,0,0,0,0,0,2,0,0,0,0,0,0,0,1,0,0,0,0,0,1,1,3,0,0,0,0,0,0,0,0,0,0,0,0,0,0,0,0,0,1,0,1,0,0,0
sport.222,sport,0,0,1,3,2,4,0,0,0,0,3,1,0,0,1,0,1,1,0,2,0,1,0,0,0,0,5,0,0,0,0,0,0,1,0,1,0,0,0,1,1,0,0,2,1,0,1,0,2,0
sport.223,sport,0,0,0,3,1,1,0,0,0,0,5,0,0,0,1,0,0,0,0,1,3,1,0,1,1,0,7,0,0,0,0,0,0,2,0,1,0,1,0,2,1,0,0,1,0,0,0,0,0,0
sport.224,sport,0,0,0,0,1,0,0,0,0,0,0,0,0,0,0,0,0,0,0,0,0,1,0,0,0,0,1,0,0,0,0,0,0,0,0,0,0,0,0,0,1,0,0,0,0,0,0,0,0,0
sport.225,sport,0,0,0,0,0,0,0,0,0,0,0,0,0,0,0,0,0,0,0,0,0,1,0,0,0,0,2,0,0,0,0,0,0,0,0,0,0,0,0,0,0,0,0,0,0,0,0,0,0,0
sport.226,sport,0,0,0,2,0,0,0,0,1,0,0,0,0,0,1,0,0,0,0,1,0,0,0,0,0,0,0,0,0,0,0,1,0,0,0,0,0,0,0,1,2,0,0,0,0,0,0,0,0,0
sport.227,sport,0,1,3,3,1,1,0,4,0,0,4,1,0,0,0,0,0,0,0,5,2,3,0,0,2,1,3,0,0,0,1,0,0,0,0,1,0,0,0,1,0,0,0,1,2,0,1,0,0,1
sport.228,sport,1,0,0,5,1,0,0,0,0,0,0,0,0,0,3,0,1,0,0,1,0,0,0,1,0,1,1,0,0,0,0,0,0,0,1,0,0,0,0,1,1,0,0,0,0,0,0,1,1,0
sport.229,sport,0,0,0,0,0,0,0,0,0,1,4,0,0,0,0,0,1,0,0,0,1,0,0,0,1,0,1,0,0,0,0,0,0,1,0,0,0,0,0,0,0,0,0,0,0,0,0,0,0,0
sport.230,sport,0,0,0,0,0,0,0,0,0,0,0,0,0,0,0,0,0,0,0,0,4,0,0,0,0,0,0,0,0,0,0,0,0,0,0,0,0,1,0,0,2,0,0,0,0,0,0,0,0,0
sport.231,sport,1,1,2,4,1,2,0,2,0,3,0,2,0,0,0,0,0,0,0,0,1,0,0,0,0,1,1,0,0,0,0,0,0,1,0,1,0,0,0,0,1,0,0,0,0,0,2,1,0,0
sport.232,sport,0,0,1,2,1,1,0,0,1,1,0,0,0,0,5,0,0,0,0,1,1,0,0,3,0,0,0,0,0,0,0,0,0,0,0,0,0,0,0,1,2,0,0,0,1,1,1,0,1,0
sport.233,sport,1,0,1,3,3,2,0,3,0,0,0,1,0,0,0,0,0,0,0,0,0,3,0,0,0,1,1,0,0,0,0,0,0,0,0,0,0,0,1,0,0,0,0,1,0,0,0,0,0,0
sport.234,sport,0,1,1,0,0,0,0,0,0,0,0,1,0,0,0,0,1,0,0,0,0,0,0,0,0,0,0,0,0,0,0,0,0,0,0,0,0,0,0,0,0,0,0,1,0,0,0,0,0,0
sport.235,sport,0,1,2,13,3,1,0,3,0,0,2,1,0,0,0,0,0,3,0,0,3,1,0,2,0,2,0,0,0,0,0,0,0,3,1,0,1,0,1,2,2,0,1,0,1,0,0,0,1,1
sport.236,sport,0,0,3,2,4,1,0,2,0,0,1,0,0,0,0,0,0,0,0,0,1,0,0,0,1,0,1,0,0,0,0,0,0,1,0,0,0,0,0,1,1,0,0,0,0,0,0,0,0,1
sport.237,sport,0,0,0,0,1,2,0,0,0,0,0,1,0,0,0,0,0,0,0,1,0,0,0,0,0,0,1,0,0,0,0,0,0,0,0,0,0,1,0,0,0,0,0,0,0,0,0,0,0,0
sport.238,sport,0,0,1,2,1,0,0,0,0,1,1,0,0,0,1,0,1,0,0,0,0,1,0,0,0,0,0,0,0,0,1,0,0,1,0,0,0,0,0,0,0,0,0,0,0,0,0,0,0,0
sport.239,sport,0,0,0,0,0,0,0,3,0,2,1,1,0,0,0,0,0,0,0,1,0,0,0,0,0,0,2,0,0,0,0,0,0,0,0,0,0,0,0,1,0,0,0,0,0,0,0,0,1,0
sport.240,sport,0,0,0,1,1,1,0,1,0,1,1,1,0,0,0,0,2,0,0,0,0,2,0,1,1,0,0,0,0,0,1,0,0,0,0,0,0,0,0,0,2,0,0,0,0,0,1,0,0,1
sport.241,sport,2,0,0,3,2,0,0,0,1,0,1,1,0,0,0,0,0,0,0,0,0,1,0,0,0,0,1,0,0,0,0,0,0,0,0,0,0,0,0,1,0,0,0,0,0,0,0,0,0,0
sport.242,sport,1,0,0,1,0,0,0,0,0,0,0,0,0,0,0,0,0,1,0,0,0,0,0,0,0,1,2,0,0,2,0,0,0,1,0,0,0,0,0,0,0,0,0,0,2,0,0,0,0,1
sport.243,sport,0,0,2,3,2,0,0,4,0,0,1,0,0,0,0,0,0,0,0,0,6,2,0,0,0,0,8,0,0,0,0,0,0,1,1,0,0,0,0,1,1,0,0,4,0,0,0,0,0,0
sport.244,sport,2,0,0,0,1,0,0,0,0,1,0,0,0,0,0,0,0,0,0,0,1,1,0,0,0,1,0,0,0,0,1,0,0,1,0,1,1,0,0,1,1,0,0,0,0,0,1,1,0,0
sport.245,sport,0,2,0,2,1,0,0,0,0,0,3,0,0,0,0,0,0,1,0,0,0,1,0,0,1,1,1,0,0,0,0,0,0,0,1,0,0,0,0,0,3,0,1,0,0,0,0,0,0,2
sport.246,sport,0,0,2,1,1,0,0,1,0,0,0,1,0,0,1,0,0,0,0,0,0,1,0,5,0,0,1,0,0,0,1,0,0,0,0,1,0,0,1,0,2,0,0,0,0,0,0,0,0,0
sport.247,sport,0,1,0,6,4,0,0,1,0,0,4,3,0,0,0,0,2,0,0,2,1,0,0,0,2,0,0,0,0,1,2,0,0,2,0,1,0,0,0,0,1,0,0,0,0,0,0,0,0,0
sport.248,sport,1,0,1,2,1,0,0,2,0,1,0,1,0,0,0,0,0,0,0,1,6,0,0,2,0,3,0,0,0,0,5,0,0,2,0,0,0,0,0,2,1,0,0,1,0,0,1,2,0,0
sport.249,sport,1,0,0,0,2,0,0,1,0,0,2,0,0,0,0,0,0,0,0,0,0,0,0,0,0,1,1,0,0,0,0,0,0,0,0,0,1,0,0,0,0,0,0,0,0,0,0,0,0,0
sport.250,sport,1,0,2,3,0,0,0,1,0,0,1,0,0,0,0,0,0,0,0,0,2,0,0,0,0,1,0,0,0,0,0,0,0,2,0,0,0,0,1,3,0,0,0,1,0,0,0,0,1,1
sport.251,sport,3,0,1,0,1,1,0,2,0,1,0,0,0,2,2,0,0,0,0,0,1,0,0,2,0,1,0,0,0,1,1,0,0,1,0,0,2,0,0,0,1,0,0,0,2,0,0,1,0,0
sport.252,sport,0,0,0,0,0,0,0,0,0,0,0,0,0,0,0,0,0,0,0,0,0,1,0,1,0,0,0,0,0,0,0,0,0,0,0,0,0,0,0,1,1,0,0,0,0,0,0,0,0,0
sport.253,sport,0,0,1,7,1,0,0,0,0,0,0,1,0,0,0,0,0,0,2,1,0,0,0,0,0,0,0,0,0,0,1,0,0,1,0,0,0,0,0,1,2,0,0,1,0,0,0,0,0,0
sport.254,sport,0,0,0,0,1,0,0,0,0,0,2,0,0,0,0,0,0,1,0,0,1,1,0,0,0,1,0,1,0,0,0,0,0,2,0,0,0,0,0,2,0,0,0,0,0,0,1,0,0,0
sport.255,sport,0,0,0,0,0,0,0,0,0,0,0,0,0,0,0,0,0,0,0,0,0,1,0,1,0,0,0,0,0,0,0,0,0,0,0,0,0,0,0,1,1,0,0,0,0,0,0,0,0,0
sport.256,sport,0,0,0,1,0,0,0,0,0,0,1,0,0,0,1,0,0,0,0,0,1,0,0,1,0,1,0,0,0,0,0,0,0,0,0,1,0,0,0,0,0,0,0,0,0,0,2,1,0,0
sport.257,sport,0,0,0,1,1,0,0,1,1,1,0,0,0,0,0,0,0,0,0,3,0,0,0,1,1,0,0,0,0,0,1,0,0,0,0,0,1,0,0,4,1,0,1,0,0,0,0,0,0,0
sport.258,sport,0,0,0,1,1,0,0,1,1,1,0,0,0,0,0,0,0,0,0,3,0,0,0,1,1,0,0,0,0,0,1,0,0,0,0,0,1,0,0,4,1,0,1,0,0,0,0,0,0,0
sport.259,sport,0,0,1,1,0,0,0,0,0,0,0,2,0,0,0,0,0,0,0,2,0,0,0,0,0,0,0,0,0,0,0,0,0,0,0,0,0,0,0,1,1,0,0,0,0,0,0,0,1,0
sport.260,sport,0,0,1,1,0,1,0,1,0,0,4,1,0,0,0,0,0,2,0,2,1,0,0,2,0,4,0,0,0,0,0,0,0,0,0,0,0,0,0,4,2,0,1,0,1,0,0,0,0,0
sport.261,sport,0,0,1,1,0,1,0,1,0,0,2,2,0,0,0,0,0,0,0,0,1,0,0,0,0,0,3,0,0,0,0,0,0,0,0,0,0,0,0,0,0,0,0,1,0,0,1,0,0,0
sport.262,sport,0,0,0,0,1,0,0,0,0,0,1,1,0,0,0,0,1,0,0,1,0,0,0,0,0,0,0,0,0,0,1,0,0,0,0,0,0,0,0,2,0,0,0,0,0,0,1,0,0,0
sport.263,sport,0,0,0,1,0,2,0,2,0,2,0,0,0,0,0,0,0,0,0,0,0,0,0,1,0,1,0,0,0,0,2,0,0,1,0,0,0,0,0,0,0,0,0,0,0,0,0,1,0,0
sport.264,sport,2,1,0,0,1,0,0,0,0,0,0,0,0,0,0,0,0,1,0,0,1,0,0,1,0,2,0,0,0,0,3,0,0,0,0,1,1,0,2,1,2,0,0,1,0,0,0,0,0,0
sport.265,sport,0,0,0,0,1,0,0,3,0,1,1,0,0,0,1,0,0,0,0,1,0,2,0,1,0,0,0,0,0,0,0,0,0,1,0,0,2,0,1,1,0,0,0,0,0,0,0,0,0,0
sport.266,sport,0,0,0,0,0,0,0,0,0,0,0,0,0,0,0,0,0,0,0,0,0,0,0,0,0,0,0,0,0,0,0,0,0,1,2,0,0,0,0,0,0,0,0,0,0,0,0,0,0,0
sport.267,sport,1,0,1,2,0,0,0,2,0,4,4,0,0,0,0,0,1,0,0,1,2,1,0,0,0,0,1,0,0,0,0,0,0,2,0,0,0,0,0,5,0,0,1,2,0,0,0,0,0,1
sport.268,sport,0,0,0,1,0,3,0,0,0,0,3,2,0,0,0,0,0,0,0,0,0,2,0,3,2,0,1,0,0,0,1,0,0,0,0,1,1,0,1,1,2,0,0,2,1,0,0,0,0,0
sport.269,sport,0,0,0,0,1,0,0,1,0,0,0,1,0,0,1,0,0,0,0,0,0,2,0,4,0,0,0,0,0,0,0,0,0,1,0,0,0,0,2,0,2,0,0,0,0,0,2,0,0,1
sport.270,sport,1,0,0,1,0,1,0,1,0,0,0,0,0,0,0,0,0,0,0,0,1,2,0,0,0,1,0,0,0,0,1,0,0,1,0,0,0,0,0,1,0,0,0,0,0,0,0,1,0,0
sport.271,sport,4,0,0,1,0,0,0,0,1,0,0,0,0,0,0,0,0,0,0,0,0,0,0,0,0,0,0,0,0,0,0,0,0,0,0,0,0,0,0,2,0,0,0,0,0,0,1,0,0,1
sport.272,sport,0,0,0,0,0,0,0,1,0,0,3,0,0,0,1,0,0,0,0,0,5,0,0,0,1,1,0,0,0,0,0,0,0,0,3,0,0,0,0,2,3,0,0,0,1,0,1,0,0,0
sport.273,sport,1,1,0,0,1,0,0,1,0,0,0,2,0,0,1,0,1,1,0,1,1,0,0,0,0,1,0,0,1,0,0,0,0,1,0,1,0,0,0,0,0,0,1,0,2,0,0,0,0,0
sport.274,sport,0,0,0,0,0,0,0,1,0,3,1,1,0,0,0,0,0,0,0,0,9,0,0,1,0,0,2,0,0,0,0,0,0,1,1,0,0,0,1,4,0,0,0,1,0,0,2,0,0,1
sport.275,sport,1,0,2,0,0,0,0,1,0,0,1,1,0,0,1,0,0,0,0,2,1,0,0,0,0,0,2,0,0,1,0,0,0,0,0,0,0,0,0,0,0,0,0,0,0,0,0,0,0,0
sport.276,sport,0,0,0,3,0,0,0,1,0,1,2,0,0,0,0,0,0,1,1,0,2,0,0,1,1,2,1,0,0,0,0,0,0,0,0,2,0,0,0,1,0,0,0,0,0,0,1,0,1,0
sport.277,sport,0,0,2,5,1,0,0,1,0,0,3,0,0,0,0,0,0,0,0,2,0,1,0,0,0,0,0,0,0,0,0,0,0,1,0,0,0,0,0,0,1,0,0,0,0,0,0,0,0,0
sport.278,sport,0,0,0,0,0,0,0,0,0,1,0,1,0,0,0,0,0,0,1,2,0,3,0,2,1,0,3,0,0,0,0,0,0,1,0,1,0,0,0,1,1,0,0,0,0,0,1,0,0,0
sport.279,sport,0,0,1,0,0,0,0,0,0,0,0,0,0,0,1,0,0,0,0,0,1,0,0,0,0,0,0,0,0,0,0,0,0,0,1,0,1,0,0,2,0,0,0,0,1,0,0,0,0,0
sport.280,sport,2,0,1,2,3,0,0,0,0,0,3,2,0,0,0,0,0,0,0,0,0,0,0,1,0,0,1,0,0,0,1,0,0,1,0,0,0,0,0,2,0,0,0,0,0,0,0,0,0,2
sport.281,sport,0,0,1,4,0,0,0,2,0,0,4,0,0,0,0,0,0,0,0,2,0,0,0,2,1,0,2,0,0,0,0,0,0,1,0,1,0,0,0,2,0,0,0,0,1,0,1,0,1,1
sport.282,sport,0,0,0,2,0,0,0,1,0,1,1,0,0,0,0,0,1,0,0,0,0,0,0,1,0,0,1,0,0,0,0,0,0,0,0,0,0,0,0,3,0,0,0,1,0,0,1,0,0,0
sport.283,sport,0,1,2,4,3,0,0,0,1,1,2,2,0,0,0,0,0,0,0,1,0,2,0,0,0,2,0,0,0,0,2,0,0,1,0,0,0,0,0,0,1,0,0,2,0,0,0,0,0,1
sport.284,sport,0,0,1,3,0,2,0,1,0,1,3,1,0,0,1,0,1,0,0,0,0,1,0,1,0,0,2,0,0,0,2,0,0,2,0,0,0,0,0,0,0,0,0,0,2,0,0,0,0,2
sport.285,sport,0,0,0,1,0,0,0,0,1,0,4,2,0,0,0,0,0,0,0,5,0,1,0,1,0,0,0,0,0,0,0,0,0,0,0,0,0,1,0,0,0,0,0,0,0,0,0,0,0,0
sport.286,sport,0,0,0,0,0,3,0,0,0,0,4,0,0,0,0,0,0,0,0,4,0,1,0,1,0,0,1,0,0,1,0,0,0,0,0,0,0,0,0,0,0,0,0,0,1,0,0,0,0,0
sport.287,sport,1,0,0,0,0,2,0,2,1,1,2,1,0,0,0,0,0,0,0,0,0,0,0,2,0,0,2,0,1,0,0,0,0,0,0,0,0,0,0,2,1,0,0,0,0,0,0,0,0,0
sport.288,sport,0,0,1,1,2,0,0,3,0,0,0,1,0,0,0,0,0,0,0,2,0,0,0,1,0,1,0,0,0,1,0,0,0,1,0,0,0,0,0,2,0,0,0,0,0,0,1,1,0,0
sport.289,sport,1,0,1,4,0,1,0,2,0,0,0,2,0,0,1,0,0,0,0,0,0,0,0,1,0,1,3,0,0,0,0,0,0,0,0,1,0,0,0,2,1,0,0,0,0,0,2,1,0,1
sport.290,sport,0,0,2,3,1,1,0,0,0,1,4,2,0,0,5,0,0,0,0,0,0,3,0,1,1,1,4,0,1,0,1,0,1,0,0,0,0,0,0,0,1,0,0,0,1,0,0,1,0,1
sport.291,sport,1,0,0,1,0,2,0,0,0,1,0,1,0,0,0,0,1,0,0,2,0,1,0,1,0,2,1,0,0,0,2,0,0,1,0,2,0,0,0,0,0,0,0,0,0,0,0,2,0,0
sport.292,sport,2,0,0,2,0,0,0,2,0,0,0,3,0,0,1,0,2,0,0,1,1,2,0,1,0,0,3,0,0,0,0,0,0,0,0,0,0,0,0,2,1,0,0,0,0,0,0,0,0,2
sport.293,sport,0,0,2,0,1,0,0,0,0,0,0,0,0,0,0,0,0,0,0,0,0,2,0,0,0,0,0,0,0,0,0,0,0,0,0,0,0,0,0,0,2,0,0,0,0,0,0,0,0,1
sport.294,sport,0,0,0,2,0,0,0,1,0,1,2,1,0,0,0,0,0,0,0,0,0,1,0,2,1,0,0,0,0,0,0,0,0,4,0,0,0,0,0,1,2,0,1,0,1,0,0,0,0,1
sport.295,sport,0,0,0,1,0,0,0,0,0,1,2,0,0,0,0,0,0,0,0,0,0,2,0,2,0,0,0,0,0,0,0,0,0,0,0,0,0,0,0,0,0,0,0,0,0,0,0,0,0,0
sport.296,sport,0,0,0,1,0,1,0,2,0,0,1,0,0,0,1,0,0,0,0,1,0,0,0,0,0,0,1,0,0,0,0,0,0,1,0,0,0,0,0,0,0,0,0,0,0,0,0,0,1,0
sport.297,sport,1,0,1,0,3,0,0,0,0,1,0,0,0,0,0,0,0,0,0,0,0,0,0,0,0,0,1,0,0,0,1,0,0,0,1,1,0,0,0,0,1,0,0,0,0,0,0,1,0,0
sport.298,sport,0,0,0,3,0,0,0,0,0,0,0,0,0,0,0,0,0,0,0,0,0,0,0,0,0,1,0,0,0,0,0,0,0,0,0,0,0,0,0,0,0,0,0,0,0,0,0,0,0,0
sport.299,sport,0,0,1,2,0,4,0,0,0,2,1,0,0,0,0,0,0,0,0,1,1,3,0,2,0,0,1,0,0,0,0,0,0,0,0,2,0,0,0,1,1,0,0,1,2,0,1,0,0,0
sport.300,sport,0,0,0,1,0,0,0,0,0,0,0,0,0,0,0,0,0,0,0,3,0,0,0,0,0,0,1,0,0,0,1,0,0,1,0,0,0,0,2,1,0,0,0,0,1,0,0,0,1,1
sport.301,sport,0,0,0,4,1,3,0,0,0,0,1,0,0,0,0,0,1,0,0,0,0,0,0,0,0,1,0,0,0,0,1,0,0,0,0,0,0,0,1,0,1,0,0,0,0,0,0,1,0,1
sport.302,sport,0,0,0,2,0,2,0,0,0,0,0,2,0,0,0,0,0,0,0,1,0,1,0,1,0,0,0,0,0,0,0,0,0,0,0,0,0,0,2,1,2,0,0,0,0,0,0,0,0,0
sport.303,sport,2,1,0,3,1,2,0,2,2,2,2,1,0,0,0,0,0,0,0,3,2,0,0,2,0,0,2,0,0,0,0,0,0,1,0,1,0,0,1,2,2,0,0,0,3,0,1,0,3,2
sport.304,sport,0,0,0,4,0,1,0,0,0,1,1,0,0,0,0,0,0,1,0,1,0,0,0,1,0,1,2,0,2,0,0,0,0,0,0,0,0,0,0,0,2,0,0,0,2,0,0,1,1,0
sport.305,sport,0,0,0,2,0,0,0,0,0,0,1,0,0,0,0,0,2,0,0,1,0,0,0,0,0,0,0,0,0,1,0,0,0,0,0,0,0,0,0,0,0,0,0,0,0,0,0,0,0,0
sport.306,sport,0,0,0,0,0,0,0,0,0,0,2,0,0,0,0,0,0,0,0,1,0,0,0,2,0,0,1,0,0,0,0,0,1,0,0,0,0,0,0,1,0,0,0,0,0,0,0,0,1,0
sport.307,sport,1,0,0,1,0,2,0,2,0,1,1,1,0,0,0,0,0,2,0,2,1,2,0,1,0,0,1,0,0,0,0,0,0,0,0,0,1,0,0,3,0,0,0,1,1,0,2,0,0,0
sport.308,sport,0,0,2,5,0,0,0,3,0,1,2,0,0,0,0,0,3,0,0,4,1,2,0,1,0,0,1,0,1,0,0,0,0,0,0,0,0,0,0,6,2,0,0,4,0,0,4,0,0,0
sport.309,sport,1,0,2,4,0,2,0,2,0,5,3,1,0,0,4,0,0,0,0,1,0,0,0,2,0,0,0,0,0,0,0,0,0,0,0,2,0,0,0,2,0,0,0,1,0,0,0,0,0,0
sport.310,sport,1,0,0,4,1,1,0,1,0,0,0,3,0,0,0,0,0,0,0,3,0,0,0,2,0,0,0,0,0,0,1,0,0,0,0,1,0,0,0,1,0,0,0,0,1,0,0,0,0,1
sport.311,sport,0,0,0,0,0,1,0,0,0,0,0,1,0,0,0,0,0,0,0,0,0,2,0,1,0,0,0,0,0,0,0,0,0,2,0,0,0,0,0,0,3,0,0,0,0,0,2,0,0,0
sport.312,sport,3,0,1,0,1,2,0,0,0,0,0,2,0,0,1,0,1,0,0,2,0,1,0,2,0,0,3,0,0,0,0,0,0,2,0,0,0,0,0,2,3,0,0,0,0,0,1,0,0,0
sport.313,sport,2,4,3,2,1,3,0,3,3,2,3,0,0,0,0,0,0,0,0,0,2,1,0,1,1,1,0,0,1,0,1,0,0,2,0,2,0,1,0,1,0,0,0,0,0,0,0,1,1,1
sport.314,sport,0,0,0,2,0,2,0,0,0,0,0,2,0,0,0,0,0,0,0,1,0,1,0,1,0,0,0,0,0,0,0,0,0,0,0,0,0,0,2,1,2,0,0,0,0,0,0,0,0,0
sport.315,sport,0,0,0,0,0,0,0,0,0,2,3,0,0,0,0,0,0,0,0,0,1,0,0,0,0,0,0,0,0,0,2,0,0,1,0,0,0,1,1,0,0,0,0,0,1,0,0,0,0,0
sport.316,sport,0,0,0,4,2,0,0,0,0,1,1,1,0,0,0,0,0,1,0,0,2,0,0,1,1,2,1,0,0,0,0,0,0,0,0,0,0,0,0,9,0,0,0,1,0,0,2,2,0,0
sport.317,sport,0,0,2,0,0,1,0,0,0,0,2,0,0,0,0,0,0,0,0,1,0,1,0,0,1,0,0,0,0,0,0,0,0,0,0,0,0,1,0,0,0,0,2,0,0,0,0,0,1,0
sport.318,sport,1,0,0,3,1,1,0,0,0,0,0,2,0,0,0,0,0,2,0,0,0,0,0,0,0,1,2,0,0,0,0,0,0,0,0,0,0,0,0,0,0,0,0,0,0,0,0,1,0,1
sport.319,sport,0,0,0,2,0,0,0,1,0,0,1,1,0,0,0,0,0,0,0,0,0,0,0,0,0,0,0,0,0,0,0,0,0,0,0,0,0,0,0,1,1,0,1,0,2,0,0,0,0,0
sport.320,sport,2,0,0,4,0,2,0,2,0,2,1,3,0,0,0,0,1,0,0,1,0,0,0,1,1,0,0,0,0,0,1,0,0,0,0,2,0,0,0,1,0,0,0,0,1,0,0,0,0,0
sport.321,sport,0,0,1,0,0,0,0,0,0,0,1,0,0,0,0,0,0,1,0,3,1,1,0,1,0,2,0,0,0,0,0,0,0,0,0,0,0,0,0,5,0,0,0,0,0,0,0,0,0,0
sport.322,sport,2,0,1,3,0,3,0,0,0,0,0,3,0,0,0,0,0,0,0,1,1,0,0,0,0,0,0,0,0,0,0,0,0,1,0,0,0,0,0,1,0,0,0,0,0,0,0,0,0,0
sport.323,sport,0,0,0,6,0,1,0,2,1,3,1,2,0,0,0,0,1,2,0,2,0,0,0,0,0,0,2,0,0,0,0,0,0,0,0,0,0,0,0,1,0,0,0,0,2,0,1,0,0,0
sport.324,sport,0,0,1,1,0,0,0,0,0,0,0,0,0,0,0,0,0,0,0,0,0,0,0,0,0,0,0,0,0,0,0,0,0,0,0,0,0,0,0,0,0,0,0,0,0,0,0,0,0,0
sport.325,sport,0,0,1,0,0,0,0,0,0,0,1,0,0,0,0,0,0,0,0,0,0,1,0,0,0,0,0,0,0,0,0,0,0,0,0,0,0,0,1,1,0,0,0,0,0,0,1,0,0,0
sport.326,sport,0,0,1,3,1,1,0,1,1,1,1,1,0,0,1,0,0,0,0,3,0,2,0,0,0,0,1,0,0,0,1,0,0,0,0,0,0,0,0,2,0,0,0,2,3,0,0,0,0,0
sport.327,sport,1,2,1,7,3,1,0,3,3,1,2,2,0,0,0,0,0,0,0,2,1,0,0,1,1,1,5,0,0,0,1,0,0,2,0,2,0,0,0,1,1,0,0,0,0,0,0,1,0,0
sport.328,sport,1,1,1,1,1,0,0,1,0,2,1,0,0,0,0,0,0,0,0,3,0,2,0,2,0,1,1,0,0,0,0,0,1,1,1,1,1,1,1,3,0,0,0,0,0,0,0,2,0,0
sport.329,sport,1,1,1,1,1,0,0,1,0,2,1,0,0,0,0,0,0,0,0,3,0,2,0,2,0,1,1,0,0,0,0,0,1,1,1,1,1,1,1,3,0,0,0,0,0,0,0,2,0,0
sport.330,sport,0,1,2,2,0,3,0,2,3,0,1,0,0,0,0,0,0,0,0,1,0,1,0,1,0,2,3,0,0,0,0,0,0,3,0,3,0,0,0,2,0,0,0,1,0,0,1,1,0,0
sport.331,sport,1,0,1,1,0,0,0,1,1,2,2,0,0,0,1,0,0,0,0,1,0,0,0,0,1,1,0,0,0,0,2,0,1,2,0,0,0,0,0,3,0,0,0,0,1,0,1,1,0,1
sport.332,sport,1,0,0,3,0,1,0,1,0,0,0,0,0,0,0,0,0,0,0,4,1,1,0,0,0,0,3,0,2,0,0,0,0,0,0,0,0,0,2,0,0,0,0,1,1,0,0,0,0,1
sport.333,sport,0,0,0,3,2,1,0,0,0,2,2,0,0,0,0,0,0,1,0,1,0,1,0,3,0,1,3,0,0,0,1,0,0,1,0,0,0,0,1,2,0,0,0,0,1,0,0,1,1,1
sport.334,sport,1,0,1,2,0,1,0,0,0,0,1,1,0,0,0,0,0,0,0,6,0,1,0,1,0,0,1,0,0,0,1,0,0,1,0,0,0,0,0,2,0,0,0,0,0,0,0,0,0,1
sport.335,sport,1,0,0,4,1,3,0,0,0,0,1,1,0,0,0,0,0,0,0,5,0,0,0,0,0,0,5,0,0,0,0,0,0,0,0,0,0,0,0,0,0,0,0,0,0,0,1,0,0,1
sport.336,sport,1,0,1,2,1,1,0,1,0,0,3,1,0,0,0,0,0,1,0,1,0,0,0,3,0,1,2,0,0,0,0,0,0,1,0,1,0,0,0,1,1,0,0,1,1,0,1,1,0,0
sport.337,sport,0,0,1,1,2,1,0,1,0,2,1,1,0,0,0,0,1,2,0,1,0,2,0,4,0,0,2,0,0,0,0,0,0,0,0,0,0,0,1,1,0,0,0,1,1,0,0,0,0,1
sport.338,sport,3,0,2,8,3,0,0,1,0,0,4,1,0,0,1,0,0,0,0,8,0,0,0,1,0,0,1,0,1,0,0,0,0,2,0,2,0,0,0,0,0,0,0,0,2,0,1,0,0,1
sport.339,sport,0,0,1,2,0,0,0,0,0,1,0,0,0,0,1,0,0,0,0,1,0,0,0,0,0,0,0,0,0,0,0,0,1,0,0,0,0,0,0,1,1,0,0,0,0,2,1,0,0,0
sport.340,sport,0,0,1,0,0,1,0,2,1,1,6,0,0,0,0,0,0,0,0,7,2,2,0,0,0,1,5,0,1,0,0,0,0,1,0,1,0,0,0,0,1,0,0,0,0,0,1,1,0,0
sport.341,sport,0,0,0,3,1,0,0,1,0,1,1,1,0,0,0,0,0,0,0,1,0,0,0,1,0,0,0,0,0,0,0,0,0,1,0,0,0,0,1,0,0,0,0,0,1,0,1,0,1,1
sport.342,sport,0,0,0,5,1,0,0,0,0,0,1,3,0,0,0,0,0,0,0,2,0,0,0,2,1,1,1,0,0,0,0,0,0,0,0,0,0,0,0,0,0,0,0,0,0,0,2,1,0,0
sport.343,sport,0,0,1,0,0,0,0,0,0,0,0,1,0,0,0,0,0,0,0,2,0,0,0,0,0,0,0,0,0,0,2,0,0,0,0,0,1,0,1,0,0,0,1,0,0,0,0,0,0,0
sport.344,sport,1,0,0,3,0,1,0,1,0,0,0,0,0,0,0,0,0,0,0,4,1,1,0,0,0,0,3,0,2,0,0,0,0,0,0,0,0,0,2,0,0,0,0,1,1,0,0,0,0,1
sport.345,sport,0,0,0,2,3,0,0,2,3,1,7,1,0,0,0,0,0,0,0,2,0,0,0,1,0,1,0,0,0,0,0,0,0,0,0,0,0,0,2,0,1,0,0,0,1,0,1,0,0,0
sport.346,sport,0,0,2,1,0,0,0,1,1,0,0,0,0,0,0,0,0,0,0,0,2,0,0,0,0,2,0,0,0,0,0,0,0,0,1,0,0,0,0,0,0,0,0,0,0,0,0,0,0,1
sport.347,sport,1,1,1,3,1,0,0,1,1,3,1,2,0,0,0,0,0,1,0,2,0,1,0,1,0,1,0,0,0,0,0,0,0,2,0,0,0,0,0,3,0,0,0,1,0,0,1,1,0,1
sport.348,sport,2,0,2,1,1,1,0,3,0,3,2,0,0,0,0,0,0,3,0,2,0,1,0,0,0,0,2,0,1,0,1,0,0,0,0,0,0,1,1,2,1,0,0,0,0,0,1,0,0,1
sport.349,sport,0,0,1,2,2,1,0,2,0,0,0,4,0,0,1,0,3,1,0,3,0,0,0,0,1,0,2,0,0,0,1,0,1,0,0,0,0,0,0,2,1,0,0,2,0,0,0,0,0,1
sport.350,sport,0,0,0,1,0,1,0,1,0,0,0,0,0,0,0,0,0,0,0,0,0,0,0,0,1,0,1,0,0,0,0,0,0,0,0,0,0,0,0,1,0,0,0,0,0,0,0,0,0,0
sport.351,sport,0,0,0,0,0,1,0,0,0,0,1,0,0,0,0,0,0,0,0,0,0,0,0,0,0,0,0,0,0,0,0,0,0,0,0,0,0,0,0,0,0,0,0,0,0,0,0,0,0,0
sport.352,sport,8,0,3,2,2,2,0,2,0,0,0,0,0,0,0,0,0,0,0,2,0,0,0,0,0,1,4,0,0,0,1,0,1,2,0,1,0,0,0,1,0,0,0,2,0,0,0,1,0,2
sport.353,sport,1,0,0,1,0,3,0,0,0,0,0,1,0,0,0,0,0,0,0,2,0,1,0,1,0,0,0,0,1,0,0,0,0,1,0,0,1,0,0,1,0,0,0,0,1,0,1,0,0,0
sport.354,sport,2,0,0,1,1,2,0,3,1,0,0,0,0,0,0,0,0,0,0,0,0,2,0,1,0,0,0,0,0,0,2,0,0,0,0,0,0,0,0,4,1,0,0,0,0,0,2,0,2,0
sport.355,sport,0,0,0,2,0,2,0,0,1,2,1,0,0,0,0,0,0,0,0,1,0,0,0,1,0,0,0,0,0,0,0,0,1,0,0,0,1,0,0,1,0,0,0,0,1,0,0,0,1,0
sport.356,sport,0,0,0,0,0,2,0,0,1,0,1,0,0,0,0,0,0,0,0,3,0,0,0,0,0,0,0,0,0,0,0,0,0,0,0,0,0,0,0,1,1,0,0,0,2,0,0,0,0,0
sport.357,sport,0,0,0,0,0,0,0,1,0,0,2,0,0,0,0,0,0,0,0,0,1,0,0,0,0,0,0,0,0,0,0,0,0,0,0,0,0,0,0,1,1,0,1,0,2,0,0,0,0,0
sport.358,sport,0,0,3,5,1,0,0,0,0,0,3,0,0,0,0,0,0,0,0,0,5,3,0,1,1,2,0,0,0,0,0,0,1,2,0,0,0,2,0,6,1,0,0,1,3,0,0,1,0,1
sport.359,sport,1,0,0,0,0,0,0,1,0,3,4,1,0,0,2,0,0,1,0,0,2,1,0,2,0,1,0,0,0,0,1,0,0,0,0,1,0,0,0,3,0,0,0,0,0,0,0,1,0,0
sport.360,sport,2,0,0,2,0,0,0,2,0,1,0,0,0,0,0,0,0,1,0,0,0,0,0,0,0,1,0,0,0,0,0,0,0,0,0,0,0,0,0,6,0,0,0,0,0,0,3,1,0,2
sport.361,sport,3,0,0,0,1,0,0,0,0,0,4,1,0,0,0,0,0,0,0,1,0,0,0,1,1,0,0,0,0,0,0,0,0,0,0,0,0,0,0,1,0,0,0,0,1,0,1,0,1,0
sport.362,sport,3,0,0,0,0,1,0,1,0,0,2,0,0,0,0,0,0,0,0,2,0,0,0,0,0,0,1,0,1,0,0,0,1,0,0,0,0,0,0,2,1,0,0,0,0,0,1,0,0,0
sport.363,sport,1,1,0,0,1,0,0,1,0,1,0,0,0,0,1,0,0,0,0,0,0,1,0,0,0,0,0,0,0,0,1,0,1,0,0,0,0,1,0,0,0,0,0,0,1,0,1,0,1,0
sport.364,sport,7,0,3,5,3,3,0,3,3,0,1,2,0,0,0,0,0,0,0,2,0,2,0,3,0,0,4,0,1,0,1,0,1,1,0,1,1,0,0,2,2,0,0,0,0,0,4,0,0,1
sport.365,sport,0,1,0,1,1,0,0,1,0,0,0,0,0,0,0,0,0,0,0,0,2,0,0,0,0,1,1,0,1,0,0,0,0,0,0,1,0,0,0,1,1,0,0,0,0,0,0,0,0,1
sport.366,sport,1,2,1,2,1,2,0,1,1,2,3,1,0,0,0,0,0,2,0,0,1,1,0,2,0,0,0,0,0,0,1,0,0,1,0,0,1,0,1,0,0,0,0,0,2,0,0,0,0,3
sport.367,sport,0,0,1,3,3,1,0,1,4,0,5,1,0,0,0,0,0,0,0,3,1,2,0,2,1,0,1,0,0,0,0,0,0,0,0,1,1,0,0,0,0,0,0,0,2,0,0,0,1,0
sport.368,sport,3,0,8,3,4,5,0,1,4,0,0,1,0,0,0,0,0,0,0,4,0,0,0,1,2,0,2,0,2,0,0,0,0,0,0,1,0,0,0,1,4,0,0,0,1,0,1,0,1,0
sport.369,sport,1,0,0,0,1,0,0,0,1,0,0,0,0,0,0,0,0,0,0,0,0,1,0,0,0,0,1,0,0,0,1,0,1,0,0,0,0,0,0,4,0,0,0,0,1,0,0,0,0,0
sport.370,sport,1,0,0,2,0,0,0,0,0,0,1,2,0,0,0,0,0,0,0,2,1,0,0,1,1,0,2,0,0,0,1,0,0,0,0,0,0,1,0,0,1,0,0,0,0,0,1,0,0,0
sport.371,sport,3,0,2,19,6,14,0,1,6,0,5,4,0,0,0,2,1,0,0,4,0,0,0,1,1,0,14,0,0,0,1,0,1,0,0,0,0,7,0,2,2,0,0,0,0,0,2,0,0,2
sport.372,sport,0,0,1,1,0,0,0,0,0,0,1,0,0,0,0,0,0,0,0,0,1,0,0,0,0,0,0,0,1,3,0,0,0,2,0,0,1,1,0,1,1,0,0,0,1,0,0,0,0,0
sport.373,sport,2,0,2,1,0,2,0,0,5,1,2,0,0,0,1,0,0,0,0,4,1,0,0,0,0,0,1,0,0,0,3,0,0,1,0,1,0,1,0,4,2,0,0,0,1,0,2,0,0,2
sport.374,sport,2,0,2,0,3,2,0,1,6,1,0,0,0,0,0,0,0,1,0,0,0,0,0,0,0,0,0,0,1,0,0,0,0,1,0,0,0,1,0,1,0,0,0,0,0,0,1,0,0,0
sport.375,sport,3,1,5,1,0,2,0,2,5,1,3,2,0,0,0,0,0,0,0,0,0,1,0,1,0,0,1,0,1,0,1,0,0,0,0,1,0,1,0,4,2,0,0,0,0,0,0,0,1,1
sport.376,sport,0,0,0,1,0,0,0,2,0,1,0,1,0,0,2,0,0,0,0,2,1,0,0,2,0,1,3,0,0,0,0,0,0,0,0,0,0,0,0,0,1,0,0,1,2,0,1,0,0,2
sport.377,sport,0,0,0,1,0,1,0,0,0,0,2,2,0,0,0,0,1,0,0,0,0,0,0,1,0,1,2,0,0,0,0,0,0,0,0,0,0,0,1,1,0,0,0,0,1,0,0,0,0,2
sport.378,sport,1,0,1,1,0,0,0,0,1,2,0,0,0,0,0,0,1,0,0,4,0,0,0,1,1,0,1,0,1,0,1,0,0,0,0,0,0,0,0,2,0,0,0,0,0,0,0,0,1,1
sport.379,sport,0,0,3,0,1,0,0,0,0,0,2,1,0,0,1,0,0,0,0,0,0,2,0,2,2,1,0,0,0,0,0,0,4,0,0,0,0,0,0,6,0,0,0,0,0,0,1,1,0,1
sport.380,sport,0,0,1,1,1,2,0,1,0,1,2,4,0,0,0,0,1,0,0,1,0,0,0,0,1,0,0,0,1,0,1,0,0,0,0,0,0,0,1,0,1,0,0,0,0,0,0,0,0,1
sport.381,sport,1,1,0,0,2,1,0,0,0,0,1,0,0,0,0,0,0,0,0,1,3,1,0,0,0,0,4,0,0,0,0,0,0,0,0,0,0,0,0,0,0,0,0,0,0,0,0,0,0,0
sport.382,sport,2,0,1,0,0,1,0,1,0,0,2,2,0,0,0,0,0,0,0,1,0,1,0,1,0,0,2,0,1,0,0,0,0,2,0,3,0,0,0,2,2,0,0,1,1,0,1,0,0,0
sport.383,sport,1,0,1,1,0,0,0,1,1,0,2,4,1,0,0,0,0,0,0,3,0,0,0,1,0,0,1,0,1,0,0,0,3,0,0,0,0,1,0,4,0,0,0,0,2,0,2,0,0,1
sport.384,sport,1,0,0,0,2,2,0,0,0,3,2,2,0,0,1,0,0,0,0,0,0,1,0,1,3,0,2,0,0,0,0,0,0,1,0,0,0,0,2,0,2,0,0,0,0,0,0,0,0,1
sport.385,sport,1,0,0,0,1,0,0,0,2,2,3,0,0,0,0,0,0,1,0,1,1,0,0,4,0,2,0,0,0,0,2,0,1,1,0,0,1,2,0,8,0,0,0,0,1,0,2,0,0,0
sport.386,sport,2,0,0,0,0,1,2,2,0,1,0,0,0,0,2,0,0,0,0,1,0,0,0,0,0,0,0,0,0,1,0,0,0,0,0,0,0,0,0,1,1,0,0,1,0,0,1,0,0,0
sport.387,sport,1,0,0,0,1,0,0,0,2,2,3,0,0,0,0,0,0,1,0,1,1,0,0,4,0,2,0,0,0,0,2,0,1,1,0,0,1,2,0,8,0,0,0,0,1,0,2,0,0,0
sport.388,sport,1,0,0,1,0,0,0,0,1,1,1,0,0,0,0,0,0,0,0,3,0,0,0,0,0,0,0,0,1,0,0,0,0,0,0,0,1,0,0,0,0,0,0,0,0,0,0,0,0,0
sport.389,sport,2,0,0,0,1,0,0,0,0,0,1,0,0,0,0,0,0,0,0,1,0,0,0,0,0,1,0,0,0,0,1,0,0,0,0,0,0,0,0,1,0,0,0,2,0,0,2,0,0,1
sport.390,sport,2,0,0,0,0,0,0,0,2,0,4,0,0,0,0,0,0,0,0,0,0,0,0,0,1,1,2,0,0,0,0,0,0,0,0,0,0,0,2,0,0,0,0,0,0,0,0,0,0,0
sport.391,sport,0,0,1,3,0,3,0,0,1,1,7,1,0,0,0,0,1,0,0,1,1,0,0,2,1,1,0,0,0,0,1,0,0,1,0,1,0,0,0,0,2,0,0,0,3,0,1,1,1,0
sport.392,sport,0,0,0,0,0,0,0,0,0,0,1,1,0,0,0,0,0,0,0,1,0,0,0,1,0,1,0,0,0,0,0,0,0,0,0,0,0,0,0,0,0,0,0,1,0,0,0,0,0,0
sport.393,sport,1,0,0,0,0,0,0,1,0,0,1,1,0,0,0,0,0,1,0,0,4,0,0,0,0,1,0,0,0,0,0,0,0,1,0,0,0,0,0,1,0,0,0,0,2,0,0,0,0,0
sport.394,sport,0,0,0,1,0,1,0,0,0,0,0,1,0,0,0,0,0,0,0,1,1,0,0,1,0,0,0,0,0,0,0,0,0,0,0,0,0,0,1,1,4,0,0,0,0,0,0,0,1,0
sport.395,sport,1,0,2,1,0,5,0,2,5,0,3,3,0,0,0,0,2,0,0,1,0,1,0,1,0,1,2,0,0,0,1,0,0,0,0,2,0,0,1,5,2,0,0,0,0,0,0,0,0,4
sport.396,sport,0,0,0,2,1,3,0,1,0,1,0,0,0,0,1,0,0,1,0,0,0,1,0,1,0,0,8,0,0,0,0,0,0,0,1,0,0,0,1,0,0,0,0,0,0,0,0,0,1,1
sport.397,sport,5,0,1,3,1,0,0,1,2,0,4,0,0,0,0,0,0,0,0,0,4,0,0,0,2,1,0,0,2,0,1,0,0,0,0,1,0,0,1,5,0,0,0,0,1,0,2,1,0,0
sport.398,sport,0,0,0,1,0,0,0,2,0,0,1,0,0,0,0,0,0,0,0,0,0,0,0,2,0,1,0,0,0,0,2,0,0,0,0,1,1,0,0,0,0,0,0,0,1,0,0,1,1,1
sport.399,sport,1,0,1,0,0,0,0,1,0,0,0,0,0,0,0,0,0,1,0,0,1,1,0,0,0,2,0,0,0,0,0,1,0,0,0,0,0,0,0,2,0,0,0,1,0,0,0,1,1,0
sport.400,sport,1,0,0,0,1,2,0,0,6,0,0,1,0,0,1,0,0,0,0,2,0,0,0,0,0,0,2,0,0,0,0,0,1,0,0,1,1,0,0,0,2,0,0,0,0,0,1,0,0,1
sport.401,sport,3,0,3,5,3,1,0,1,1,2,0,0,0,0,0,0,2,0,0,1,0,3,0,0,0,0,1,0,0,0,0,0,0,0,0,0,0,0,0,0,1,0,0,0,0,0,1,0,0,1
sport.402,sport,0,0,0,1,0,0,0,0,1,0,0,0,0,0,0,0,0,0,0,1,0,0,0,0,0,0,0,0,0,0,0,0,2,0,0,0,1,0,0,1,0,0,1,1,0,0,0,0,0,0
sport.403,sport,4,0,1,2,2,2,0,0,2,1,0,3,0,0,0,0,0,0,0,4,0,0,0,1,0,0,2,0,0,0,0,0,0,0,0,1,1,0,0,0,1,0,0,0,1,0,0,0,1,3
sport.404,sport,0,0,4,6,0,3,0,3,0,0,2,3,0,0,0,0,1,0,0,1,1,0,0,0,0,0,5,0,0,0,1,0,0,0,0,3,0,0,0,1,0,0,0,0,0,0,0,0,0,0
sport.405,sport,1,0,1,1,3,4,0,1,1,0,0,2,0,0,0,0,1,0,0,1,0,0,0,5,0,0,3,0,1,0,0,0,1,0,0,0,0,0,0,0,2,0,0,0,1,0,0,0,0,0
sport.406,sport,1,0,1,4,0,1,0,2,0,0,0,2,0,0,1,0,0,0,0,0,0,0,0,1,0,1,3,0,0,0,0,0,0,0,0,1,0,0,0,2,1,0,0,0,0,0,2,1,0,1
sport.407,sport,0,0,0,0,0,2,0,0,0,0,1,0,0,0,0,0,0,0,0,1,0,0,0,0,0,0,1,0,0,0,0,0,0,0,0,0,0,0,1,0,0,0,0,0,0,0,0,0,0,2
sport.408,sport,1,0,0,4,1,3,0,0,0,0,1,1,0,0,0,0,0,0,0,5,0,0,0,0,0,0,5,0,0,0,0,0,0,0,0,0,0,0,0,0,0,0,0,0,0,0,1,0,0,1
sport.409,sport,2,0,1,2,2,0,0,2,1,2,3,5,0,0,0,0,1,2,0,1,0,3,0,0,0,1,1,0,0,0,0,0,0,1,3,0,0,0,0,0,0,0,0,0,0,0,1,1,0,0
sport.410,sport,1,0,1,3,0,2,0,0,1,0,2,2,0,0,0,0,0,0,0,3,0,1,0,0,0,0,1,0,1,0,0,0,0,0,0,0,0,0,0,1,0,0,0,0,2,0,0,0,0,0
sport.411,sport,0,0,0,1,0,0,0,1,0,1,0,0,0,0,2,0,0,0,0,0,0,0,0,2,0,0,1,0,0,0,0,0,0,1,0,0,0,0,0,0,0,0,0,1,4,0,1,0,1,0
sport.412,sport,1,0,0,0,0,1,0,1,0,0,3,3,0,0,0,0,0,2,0,2,0,1,0,4,0,0,4,0,1,0,1,0,0,1,0,1,0,0,0,0,0,0,0,1,1,0,0,0,0,0
sport.413,sport,3,0,1,0,3,1,0,3,0,4,3,0,0,0,0,0,0,0,0,2,0,1,0,1,1,2,2,0,0,1,0,0,0,1,0,0,0,1,0,4,0,0,0,0,0,0,2,1,0,0
sport.414,sport,0,0,2,2,0,2,0,0,1,0,0,3,0,0,0,0,0,0,0,1,0,1,0,2,0,0,1,0,0,0,1,0,0,1,0,0,0,0,1,0,1,0,0,0,0,0,0,0,0,3
sport.415,sport,0,0,0,1,1,0,0,0,1,0,1,1,0,0,0,0,0,0,0,0,0,2,0,0,1,2,0,0,0,0,1,0,0,2,0,0,0,0,0,0,0,0,0,1,0,0,0,2,0,1
sport.416,sport,3,0,1,0,1,2,0,0,0,0,0,2,0,0,1,0,1,0,0,2,0,1,0,2,0,0,2,0,0,0,0,0,0,2,0,0,0,0,0,2,3,0,0,0,0,0,1,0,0,0
sport.417,sport,0,0,0,1,0,0,0,0,0,0,0,0,0,0,1,0,0,0,0,1,1,0,0,0,0,0,3,0,0,0,1,0,0,0,0,0,0,0,0,0,0,0,0,0,0,0,0,0,0,0
sport.418,sport,0,0,0,1,0,0,0,0,0,0,1,0,0,0,0,0,0,0,0,1,0,0,0,0,0,0,2,0,0,0,0,0,0,0,0,0,0,0,0,0,0,0,0,0,0,0,0,0,0,0
sport.419,sport,0,0,0,0,1,0,0,0,1,1,1,1,0,0,0,0,0,1,0,0,0,2,0,1,0,1,0,0,0,0,0,0,0,0,0,0,0,0,0,0,0,0,0,0,0,0,0,1,1,0
sport.420,sport,0,0,0,2,0,0,0,0,1,1,1,0,0,0,0,0,0,0,0,4,0,1,0,1,0,0,2,0,1,0,0,0,0,1,0,0,0,0,0,1,0,0,0,0,0,0,1,0,0,1
sport.421,sport,3,0,1,3,2,3,0,0,1,1,1,2,0,0,0,0,1,0,0,2,0,1,0,1,0,0,1,0,2,0,4,2,0,0,0,0,0,0,4,1,1,0,0,0,0,0,0,0,0,4
sport.422,sport,1,0,1,0,0,2,0,0,0,0,1,1,0,0,0,0,1,0,0,1,0,0,0,0,0,0,3,0,0,0,0,0,0,0,0,0,0,0,2,0,0,0,0,0,0,0,0,0,0,1
sport.423,sport,4,0,1,0,0,1,0,1,3,2,5,4,0,0,1,0,0,0,0,3,1,1,0,2,1,2,1,0,1,0,1,0,0,0,0,0,3,0,0,0,3,0,0,0,2,0,1,1,0,1
sport.424,sport,0,0,0,0,1,1,0,0,1,2,1,0,0,0,2,0,0,0,0,1,0,0,0,1,0,0,0,0,0,0,0,0,0,0,0,1,0,0,2,1,1,0,0,0,1,0,0,0,0,0
sport.425,sport,1,0,1,1,1,3,0,0,3,1,2,1,0,0,0,0,1,0,0,1,1,2,0,1,0,0,2,0,2,0,0,0,0,1,0,1,0,0,5,1,1,0,0,0,2,0,2,0,0,1
sport.426,sport,3,0,1,1,1,2,0,0,1,0,0,1,0,0,0,0,0,0,0,2,0,1,0,0,0,0,1,0,0,0,0,0,0,0,0,0,0,0,2,2,1,0,0,0,0,0,0,0,0,1
sport.427,sport,0,0,0,2,1,0,0,0,0,0,3,1,0,0,0,0,0,0,0,1,1,0,0,0,0,0,0,0,0,1,1,0,0,1,0,0,0,0,0,1,0,0,0,0,0,0,0,0,0,1
sport.428,sport,0,0,2,1,1,2,0,1,2,0,1,2,0,0,0,0,1,0,0,2,0,0,0,2,0,0,1,0,3,0,1,0,0,0,0,0,0,0,2,0,2,0,0,0,0,0,0,0,0,1
sport.429,sport,3,0,0,0,0,1,0,0,0,0,1,2,0,0,0,0,0,0,0,0,0,0,0,0,0,0,1,0,0,0,0,0,0,0,0,0,0,0,0,0,0,0,0,0,1,0,0,0,0,0
sport.430,sport,0,0,1,2,0,0,0,1,1,0,4,1,0,0,0,0,0,0,0,1,0,0,0,0,0,0,0,0,1,0,0,0,0,0,0,0,0,0,0,0,1,0,0,0,0,0,0,0,0,0
sport.431,sport,0,0,0,0,1,0,0,0,1,0,0,0,0,0,0,0,0,0,0,0,0,0,0,0,0,0,1,0,0,1,2,0,0,0,0,0,1,0,1,1,0,0,0,0,4,0,2,0,1,0
sport.432,sport,0,1,1,1,0,0,0,2,1,0,2,0,0,0,0,0,0,0,0,0,0,0,0,0,2,0,0,0,1,0,0,0,0,2,0,0,0,0,1,0,0,0,0,0,1,0,0,0,0,1
sport.433,sport,1,0,1,1,1,3,0,0,3,1,2,1,0,0,0,0,1,0,0,1,1,2,0,1,0,0,2,0,2,0,0,0,0,1,0,2,0,0,4,1,1,0,0,0,2,0,2,0,0,1
sport.434,sport,0,0,1,1,0,0,0,1,0,0,1,0,0,0,0,0,0,0,0,1,0,0,0,1,0,0,1,0,1,0,1,0,0,0,0,0,0,0,2,0,0,0,0,0,0,0,1,0,1,0
sport.435,sport,1,0,0,2,0,1,0,0,1,0,3,1,0,0,0,0,0,0,0,1,0,1,0,0,0,0,2,0,1,0,0,0,0,0,0,0,1,1,1,0,1,0,0,2,0,0,0,0,1,0
sport.436,sport,0,0,1,2,0,0,0,1,1,0,4,1,0,0,0,0,0,0,0,1,0,0,0,0,0,0,0,0,1,0,0,0,0,0,0,0,0,0,0,0,1,0,0,0,0,0,0,0,0,0
sport.437,sport,3,0,1,0,0,1,0,1,2,0,4,1,0,0,0,0,0,0,0,3,0,0,0,1,0,0,2,0,2,0,2,0,0,0,0,0,0,0,1,3,0,0,0,0,0,0,0,1,0,0
sport.438,sport,0,1,1,1,0,0,0,2,1,0,2,0,0,0,0,0,0,0,0,0,0,0,0,0,2,0,0,0,1,0,0,0,0,2,0,0,0,0,1,0,0,0,0,0,1,0,0,0,0,1
sport.439,sport,1,0,0,1,2,3,0,0,0,0,0,0,0,0,0,0,0,0,0,0,0,0,0,0,0,0,1,0,0,0,1,0,0,0,0,0,1,0,0,2,1,0,0,0,0,0,1,0,0,0
sport.440,sport,0,0,0,2,0,0,0,0,0,0,0,0,0,0,0,0,0,0,0,1,0,0,0,0,0,0,0,0,0,0,0,0,0,0,0,0,0,0,4,0,0,0,0,1,0,0,0,0,0,1
sport.441,sport,1,0,1,0,2,3,0,0,5,0,0,2,0,0,0,0,0,0,0,1,0,0,0,0,0,0,1,0,3,0,0,0,0,0,0,0,0,0,0,1,0,0,0,0,0,0,0,0,0,0
sport.442,sport,2,0,1,1,0,1,0,0,1,0,1,1,0,0,0,0,0,0,0,0,1,0,0,0,0,0,1,0,1,0,0,0,0,0,0,0,0,0,0,0,0,0,0,0,0,0,0,0,0,0
sport.443,sport,0,0,0,0,0,0,0,0,0,0,1,0,0,0,0,0,0,0,0,1,0,0,0,3,0,0,0,0,0,0,0,0,0,0,0,0,0,0,1,1,0,0,0,0,0,0,0,0,0,0
sport.444,sport,0,0,0,0,1,0,0,0,0,1,0,0,0,0,0,0,0,0,0,0,0,0,0,0,0,0,0,0,0,0,2,0,0,0,0,0,0,0,1,0,0,0,0,0,0,0,0,0,0,0
sport.445,sport,2,1,1,0,1,1,0,0,0,0,2,0,0,0,0,0,0,2,0,0,0,2,0,0,2,0,1,0,0,0,0,0,0,1,0,1,0,0,0,2,0,0,0,0,0,0,0,0,0,0
sport.446,sport,1,0,1,2,1,5,0,0,1,3,7,1,0,0,0,0,0,0,0,0,0,1,0,1,1,0,4,0,1,0,0,1,1,0,0,2,0,0,7,0,1,0,0,1,0,0,0,0,1,2
sport.447,sport,1,0,0,1,0,3,0,1,0,0,1,1,0,0,0,0,1,1,0,0,0,1,0,0,0,1,3,0,1,0,0,0,0,0,0,1,0,0,1,0,0,0,0,0,0,0,0,0,0,0
sport.448,sport,0,0,0,0,1,1,0,0,3,0,1,0,0,0,0,0,0,0,0,0,0,0,0,0,0,1,0,0,1,0,0,0,0,0,0,1,0,0,0,2,1,0,0,0,0,0,1,0,0,1
sport.449,sport,5,0,2,0,4,0,0,1,3,2,2,2,0,0,0,0,0,0,0,2,0,1,0,2,1,1,3,0,1,0,1,0,0,0,0,0,0,0,0,2,0,0,0,0,0,0,2,1,0,1
sport.450,sport,2,0,1,1,3,3,0,0,2,1,4,0,0,0,0,0,0,0,0,0,1,1,0,1,0,0,0,0,1,0,2,0,0,0,0,0,0,0,3,1,1,0,0,1,2,0,0,0,0,1
sport.451,sport,0,1,0,0,0,2,0,0,0,0,0,0,0,0,1,0,0,0,0,0,0,0,0,2,0,0,1,0,0,0,0,0,0,0,0,0,0,0,2,1,1,0,5,0,0,0,0,0,0,0
sport.452,sport,0,0,0,0,0,0,0,0,0,0,1,1,0,0,0,0,0,0,0,0,0,1,0,0,1,0,0,0,0,0,0,0,0,1,0,0,0,0,0,1,0,0,0,0,2,0,0,0,0,0
sport.453,sport,0,0,0,1,0,1,0,3,1,0,1,0,0,0,0,0,0,0,0,0,0,0,0,0,0,0,2,0,1,0,1,0,0,0,0,1,0,0,1,0,0,0,0,0,0,0,0,0,0,1
sport.454,sport,0,1,1,0,0,0,0,0,2,0,3,0,0,0,1,0,0,0,0,0,0,0,0,0,0,0,0,0,1,0,0,0,0,1,0,0,1,0,0,1,0,0,0,0,0,0,0,0,0,0
sport.455,sport,1,0,0,1,1,2,0,0,2,1,4,2,0,0,0,0,1,0,0,0,1,2,0,2,1,0,2,0,2,0,1,0,0,0,0,0,0,2,2,0,0,0,0,0,1,0,1,0,0,2
sport.456,sport,1,0,0,1,1,1,0,0,1,0,2,0,0,0,0,0,0,0,0,0,0,0,0,0,1,0,2,0,0,0,0,1,0,0,0,0,0,0,1,1,3,0,1,0,0,0,0,0,0,2
sport.457,sport,0,0,1,0,0,0,0,0,0,0,2,0,0,0,0,0,0,0,0,0,0,0,0,0,0,0,0,0,1,0,0,0,0,0,0,0,0,0,0,0,0,0,0,0,0,0,0,0,1,0
sport.458,sport,1,0,1,0,1,0,0,0,1,1,1,0,0,0,0,0,0,0,0,0,0,0,0,0,0,0,1,0,1,0,2,0,0,0,0,0,0,0,1,0,0,0,0,0,1,0,1,0,0,0
sport.459,sport,0,0,1,2,0,1,0,0,1,0,2,0,0,0,0,0,1,0,0,2,0,0,0,0,0,0,1,0,1,0,0,1,0,0,0,0,0,0,2,0,0,0,0,0,0,0,0,0,0,0
sport.460,sport,3,0,1,0,0,0,0,1,1,0,0,0,0,0,0,0,0,0,0,0,2,1,0,0,0,0,1,0,1,0,1,0,0,0,0,0,0,0,0,0,0,0,0,0,1,0,0,0,0,1
sport.461,sport,2,0,0,0,1,2,1,1,0,1,0,3,0,1,1,0,0,0,0,0,0,1,0,0,0,0,0,0,1,0,2,0,0,0,0,0,1,0,0,2,1,0,0,0,1,0,0,0,0,0
sport.462,sport,0,0,0,1,0,1,0,0,0,0,4,1,0,0,0,0,0,0,0,0,0,0,0,0,0,0,2,0,0,0,0,0,0,1,0,0,0,0,0,0,0,0,0,0,0,0,0,0,0,1
sport.463,sport,1,0,0,1,0,2,0,0,0,0,3,0,0,0,0,0,0,0,0,0,0,0,0,0,1,0,1,0,0,0,0,0,1,0,0,0,0,0,2,1,0,0,0,0,0,0,0,0,0,1
sport.464,sport,2,0,1,0,0,0,0,2,1,2,1,0,0,0,3,0,0,0,0,0,4,1,0,1,1,1,0,0,2,1,1,0,1,1,0,1,0,0,0,4,0,0,0,0,3,0,0,2,0,1
sport.465,sport,1,0,0,0,3,0,0,0,3,2,0,1,0,0,1,0,0,0,0,0,0,0,0,1,0,0,0,0,1,0,0,0,0,0,0,0,1,0,0,0,0,0,0,0,1,0,0,0,0,0
sport.466,sport,3,0,1,0,2,1,0,1,1,0,2,3,0,0,0,0,0,0,0,1,0,1,0,0,0,0,3,0,1,0,0,0,1,0,0,1,0,0,2,1,0,0,1,0,0,0,0,0,0,0
sport.467,sport,1,0,0,0,0,1,0,0,0,0,0,0,0,0,0,0,0,0,0,1,0,0,0,0,0,0,1,0,0,0,0,0,0,0,0,0,0,0,0,0,0,0,0,0,0,0,0,0,0,0
sport.468,sport,5,0,2,2,1,3,0,0,1,2,4,3,0,0,0,0,0,0,0,5,1,1,0,1,0,1,3,0,2,0,0,0,0,0,0,1,1,0,1,0,1,0,0,0,2,0,1,0,0,0
sport.469,sport,4,1,1,1,3,0,0,1,1,1,6,1,0,0,1,0,0,0,0,2,1,4,0,0,1,0,3,0,0,0,0,0,0,0,0,2,0,0,0,1,0,0,0,0,0,0,0,0,0,2
sport.470,sport,4,1,1,1,3,0,0,1,1,1,6,1,0,0,1,0,0,0,0,2,1,4,0,0,1,0,3,0,0,0,0,0,0,0,0,2,0,0,0,1,0,0,0,0,0,0,0,0,0,2
sport.471,sport,1,0,0,0,0,1,0,0,0,0,0,0,0,0,0,0,0,0,0,1,0,0,0,0,0,0,1,0,0,0,0,0,0,0,0,0,0,0,0,0,0,0,0,0,0,0,0,0,0,0
sport.472,sport,1,0,2,2,0,1,0,4,2,0,4,1,0,0,0,0,0,0,0,2,0,0,0,0,2,0,4,0,1,0,1,0,0,1,0,1,0,0,2,2,2,0,0,0,0,0,0,0,0,0
sport.473,sport,0,1,2,1,3,1,0,1,2,1,0,1,0,0,0,0,1,1,0,0,0,2,0,2,2,1,2,0,2,0,0,0,0,0,0,1,1,0,0,4,0,0,0,1,0,0,0,1,0,3
sport.474,sport,1,0,3,3,1,1,0,1,0,2,2,4,0,0,1,0,0,0,0,0,1,1,0,2,1,0,3,0,3,0,1,0,0,1,0,2,0,0,0,0,2,0,0,0,1,0,0,0,0,0
sport.475,sport,1,0,0,0,2,1,0,0,0,1,0,0,0,0,0,0,0,0,0,0,0,2,0,0,1,0,0,0,0,0,0,0,0,1,0,0,0,0,1,0,0,0,0,0,0,0,0,0,0,0
sport.476,sport,5,0,5,0,0,5,0,1,1,1,5,3,0,0,0,0,0,0,0,4,0,0,0,0,0,0,2,0,3,0,0,0,0,0,0,1,0,0,2,3,1,0,0,1,1,0,1,0,0,1
sport.477,sport,1,0,2,0,0,1,0,0,3,0,3,0,0,0,1,0,0,0,0,0,0,0,0,1,1,0,4,0,0,0,0,0,0,0,0,0,0,0,0,2,1,0,0,0,1,0,1,0,0,0
sport.478,sport,1,0,1,0,0,2,0,1,1,1,4,0,0,0,0,0,0,0,0,0,0,0,0,0,0,0,0,0,0,0,0,0,0,0,1,0,0,0,0,0,0,0,0,0,0,0,0,0,0,0
sport.479,sport,1,0,1,0,0,2,0,1,1,1,5,0,0,0,0,0,0,0,0,0,0,0,0,0,0,0,0,0,0,0,0,0,0,0,1,0,0,0,0,0,0,0,0,0,0,0,0,0,0,0
sport.480,sport,1,0,2,3,0,0,0,1,2,0,3,2,0,0,0,0,1,0,0,1,1,0,0,2,0,0,3,0,1,0,1,1,0,1,0,1,0,0,5,2,4,0,0,1,0,0,1,0,0,0
sport.481,sport,4,0,1,2,4,2,0,0,1,0,0,1,0,0,3,0,0,0,0,0,0,0,0,0,1,0,3,0,1,0,0,0,0,0,0,1,0,0,0,1,0,0,0,0,0,0,0,0,0,1
sport.482,sport,0,0,0,0,0,0,0,0,0,0,0,0,0,0,1,0,0,0,0,0,4,0,0,0,1,1,0,0,0,0,0,0,0,1,0,0,0,0,0,1,0,0,0,0,0,0,1,0,1,0
sport.483,sport,0,0,1,2,2,1,0,0,1,0,0,4,0,0,0,0,1,1,0,0,0,1,0,1,0,1,3,0,0,0,0,1,0,0,0,2,0,0,11,0,0,0,0,0,0,0,1,0,0,2
sport.484,sport,0,0,1,0,1,1,0,0,3,0,0,0,0,0,0,0,0,1,0,0,0,0,0,0,0,0,1,0,2,0,1,0,0,0,0,0,0,0,1,0,0,0,0,0,0,0,1,0,0,1
sport.485,sport,1,0,0,0,0,0,0,0,1,0,0,0,0,0,0,0,0,1,0,0,0,0,0,0,0,0,0,0,1,1,0,0,0,0,0,0,1,0,1,0,0,0,0,0,0,0,0,0,0,1
sport.486,sport,0,0,3,3,0,5,0,0,0,2,1,1,0,0,0,0,0,0,0,1,1,1,0,4,0,0,2,0,0,0,1,2,0,1,0,0,1,0,4,0,1,0,0,1,0,0,0,0,0,0
sport.487,sport,4,0,1,0,0,0,0,0,0,0,2,0,0,0,0,0,0,0,0,0,0,0,0,0,0,0,1,0,0,0,0,0,0,0,0,0,0,0,0,1,0,0,0,0,0,0,0,0,0,0
sport.488,sport,1,0,1,6,0,3,0,3,1,1,1,1,0,0,0,0,0,2,0,0,1,3,0,3,0,0,1,0,1,0,1,1,0,0,0,0,0,0,4,0,0,0,0,0,1,0,3,0,0,0
sport.489,sport,1,2,2,0,1,4,0,1,0,1,6,2,0,0,2,0,0,0,0,3,1,1,0,0,0,0,12,0,0,0,0,0,0,0,0,3,0,0,2,0,0,0,0,2,0,0,0,0,2,0
sport.490,sport,1,2,2,0,1,4,0,1,0,1,7,2,0,0,2,0,0,0,0,3,1,1,0,0,0,0,12,0,0,0,0,0,0,0,0,3,0,0,2,0,0,0,0,2,0,0,0,0,2,0
sport.491,sport,0,0,6,19,3,10,0,5,1,3,3,7,0,0,1,0,0,0,0,0,0,0,0,6,0,0,5,0,1,0,6,6,1,0,0,2,0,0,17,3,7,0,0,0,0,0,3,0,0,4
sport.492,sport,6,0,1,1,0,0,0,0,3,0,1,0,0,0,0,0,0,0,0,1,0,0,0,0,4,1,1,0,1,0,0,0,1,0,0,0,0,0,0,4,1,0,0,0,1,0,0,0,0,0
sport.493,sport,3,1,4,2,1,1,0,4,1,1,3,0,0,0,3,0,0,0,0,0,1,1,0,1,1,0,2,0,4,0,2,1,0,0,0,0,1,2,0,1,2,0,1,0,0,0,0,0,0,2
sport.494,sport,1,0,2,0,0,0,0,0,1,0,1,0,0,0,2,0,0,0,0,0,2,0,0,0,0,0,0,0,2,0,0,0,0,0,2,0,1,0,0,1,1,0,0,0,0,0,0,1,0,0
sport.495,sport,9,0,6,2,0,2,0,2,1,0,0,2,0,0,0,0,1,0,0,1,0,0,0,2,1,0,6,0,3,0,2,0,0,0,0,1,0,1,1,2,3,0,0,1,0,0,1,0,0,1
sport.496,sport,0,0,1,1,1,0,0,1,1,0,3,4,0,0,0,0,0,0,0,0,0,0,0,1,0,0,0,0,1,0,1,0,0,0,0,0,0,0,0,0,0,0,0,0,2,0,0,0,0,1
sport.497,sport,2,0,1,0,1,1,0,1,0,1,2,2,0,0,0,0,0,0,0,2,0,0,0,0,0,0,4,0,0,0,1,0,0,0,0,1,0,0,0,0,1,0,0,0,0,0,0,0,0,3
sport.498,sport,0,0,1,0,0,0,0,0,0,0,0,0,0,0,0,0,0,0,0,0,0,0,0,0,0,0,1,0,0,0,0,0,0,0,0,0,0,0,1,0,0,0,0,0,0,0,0,0,0,0
sport.499,sport,3,0,0,1,0,0,0,0,0,0,0,1,0,0,1,0,0,0,0,0,1,0,0,0,0,0,0,0,0,0,0,0,0,0,0,0,0,0,1,0,0,0,0,1,0,0,0,0,0,0
sport.500,sport,2,0,1,0,1,1,0,0,1,0,2,0,0,0,0,0,0,0,0,2,0,0,0,0,0,1,1,0,0,0,0,0,0,2,0,0,0,0,1,2,0,0,0,0,0,0,1,0,0,0
sport.501,sport,1,0,0,0,0,3,0,0,0,0,1,0,0,0,0,0,0,0,0,0,0,0,0,0,0,0,1,0,0,0,1,0,0,1,0,0,0,0,0,0,0,0,0,0,0,0,0,0,0,0
sport.502,sport,0,0,1,0,0,0,1,0,0,0,0,1,0,0,0,0,0,5,0,1,1,1,0,0,0,0,0,0,0,0,0,0,0,0,0,1,1,0,0,1,0,0,0,0,0,0,0,0,0,2
sport.503,sport,0,0,1,2,0,0,0,0,1,2,5,2,0,0,0,0,0,0,0,0,1,1,0,3,1,0,4,0,1,0,1,0,0,1,0,1,0,0,3,3,0,0,0,0,0,0,0,0,1,0
sport.504,sport,2,0,0,0,0,3,0,0,0,0,2,0,0,0,0,0,0,0,0,0,0,0,0,0,0,0,1,0,0,0,0,0,0,0,0,0,0,0,0,1,0,0,0,0,1,0,0,0,0,0
sport.505,sport,1,0,0,0,0,1,0,0,1,0,1,0,0,0,0,0,0,0,0,1,0,0,0,0,0,0,3,0,1,0,1,1,0,0,0,0,0,0,4,0,0,0,0,0,0,0,0,0,0,0
sport.506,sport,0,0,1,0,0,1,0,0,1,0,1,1,0,0,0,0,0,0,0,0,0,0,0,0,0,0,1,0,2,0,1,0,0,0,0,0,0,0,0,0,0,0,0,0,0,0,0,0,0,0
sport.507,sport,0,1,0,2,1,0,0,1,2,0,2,0,0,0,0,0,0,0,0,2,0,0,0,0,0,0,2,0,1,0,0,0,0,0,0,0,0,0,2,1,2,0,0,0,2,0,0,0,0,1
sport.508,sport,0,0,1,0,1,1,0,1,0,1,2,0,0,0,0,0,1,0,0,0,0,0,0,0,0,0,1,0,0,0,0,0,0,0,0,0,0,0,0,0,0,0,0,0,0,0,0,0,0,0
sport.509,sport,0,0,0,2,1,0,0,0,0,0,3,1,0,0,0,0,0,0,0,1,1,0,0,0,0,0,0,0,0,1,1,0,0,1,0,0,0,0,0,1,0,0,0,0,0,0,0,0,0,1
sport.510,sport,1,0,0,2,0,5,0,0,1,0,1,0,0,0,0,0,0,0,0,1,1,0,0,0,0,0,4,0,0,0,1,1,0,0,0,0,0,0,3,0,2,0,0,0,1,0,0,0,0,1
sport.511,sport,0,0,0,0,1,1,0,0,1,1,1,0,0,0,2,0,0,0,0,1,0,0,0,1,0,0,1,0,0,0,0,0,0,0,0,1,0,0,2,1,1,0,0,0,1,0,0,0,0,0
tech.001,tech,0,0,4,0,0,0,2,0,1,1,0,1,0,0,1,0,3,0,0,1,0,0,0,0,0,0,0,0,0,0,0,0,0,0,0,0,0,3,0,0,2,0,0,0,1,0,0,0,0,0
tech.002,tech,0,8,1,1,2,1,4,0,1,1,1,0,0,0,0,0,0,0,0,1,0,0,0,0,0,0,0,0,0,0,0,0,0,0,2,0,2,2,1,0,0,0,1,0,0,0,0,0,0,1
tech.003,tech,0,1,0,0,0,0,0,0,0,0,0,0,0,0,0,0,0,0,1,0,0,0,0,0,0,0,0,0,0,1,0,0,0,0,0,0,0,0,1,0,0,0,0,0,2,0,0,0,0,0
tech.004,tech,5,0,3,1,0,0,0,4,1,3,0,1,0,0,2,0,0,1,0,0,1,2,0,0,0,1,0,1,1,1,1,1,0,0,0,0,1,1,1,0,0,0,0,1,0,0,0,1,1,2
tech.005,tech,3,5,1,9,1,0,0,0,6,3,1,0,0,2,1,3,0,1,1,0,4,1,0,0,1,0,0,0,0,0,1,0,1,1,0,1,0,0,2,0,0,0,0,0,0,0,2,0,0,0
tech.006,tech,3,2,1,0,1,1,0,0,1,0,0,0,0,0,0,0,0,1,0,0,0,0,0,1,0,1,0,1,1,2,0,0,1,0,0,0,0,0,0,0,0,0,3,0,0,0,1,1,0,3
tech.007,tech,0,0,3,0,0,0,0,0,0,0,0,0,0,1,0,0,0,0,1,0,0,0,0,0,0,0,0,0,1,1,2,0,1,0,0,0,1,0,0,2,0,0,0,0,1,0,0,0,0,0
tech.008,tech,1,0,1,0,0,0,0,0,0,1,0,1,0,0,0,0,0,1,3,0,0,0,0,0,0,0,0,0,0,0,0,0,0,0,0,0,0,0,0,0,0,0,0,0,0,0,0,0,0,0
tech.009,tech,1,2,3,2,5,11,0,1,3,1,1,1,0,0,1,0,0,0,0,0,0,2,0,1,1,0,1,4,5,0,0,0,5,1,0,4,0,0,2,4,0,0,0,2,1,0,0,0,0,2
tech.010,tech,0,3,1,0,1,0,0,0,0,0,0,0,0,5,2,0,0,0,3,0,1,0,0,0,0,0,0,2,3,0,0,5,0,0,0,0,0,0,0,0,0,0,0,0,0,0,1,0,0,0
tech.011,tech,3,8,0,0,0,0,0,0,0,1,0,1,1,1,0,7,4,0,1,0,4,1,0,0,0,0,0,0,0,0,0,0,0,0,4,2,1,1,0,1,1,0,4,0,2,0,1,2,0,0
tech.012,tech,1,0,2,0,0,0,0,0,0,1,0,0,0,0,2,0,0,0,0,0,0,0,0,0,0,0,0,1,1,0,0,0,0,0,0,1,0,0,0,0,1,0,0,0,0,0,0,0,0,1
tech.013,tech,0,1,1,0,2,3,0,1,3,0,0,1,16,0,0,8,3,0,0,0,0,0,0,0,0,0,0,0,0,0,0,0,0,0,0,0,1,0,1,0,0,0,0,3,1,0,1,0,0,0
tech.014,tech,0,0,0,0,0,0,0,2,0,0,0,0,0,1,0,0,0,1,2,0,0,0,0,2,0,0,1,0,0,1,0,0,0,0,0,0,1,0,0,0,0,0,0,1,0,0,0,0,0,0
tech.015,tech,1,0,1,0,1,0,0,0,1,1,0,1,0,1,0,1,0,0,1,0,0,0,0,1,0,0,0,0,0,0,1,0,0,1,4,0,0,0,0,0,2,0,1,0,1,0,0,0,1,1
tech.016,tech,0,3,6,0,3,1,0,0,0,1,0,1,0,2,1,0,0,2,0,0,1,3,0,0,0,1,0,0,0,0,3,1,1,2,0,2,2,1,0,0,0,0,1,0,0,0,1,1,0,0
tech.017,tech,3,5,2,0,0,0,0,2,1,3,0,1,0,0,0,1,0,0,1,0,2,2,0,2,0,0,0,0,0,0,0,0,0,1,4,1,0,2,0,0,0,0,1,2,0,0,1,0,0,1
tech.018,tech,4,0,0,4,1,1,0,0,0,1,0,0,2,0,3,0,0,0,0,0,0,0,0,0,0,1,0,1,0,0,0,0,0,1,2,0,0,0,0,0,0,0,0,0,0,0,0,0,4,1
tech.019,tech,0,0,1,0,0,0,0,0,0,0,0,0,0,0,3,0,1,1,1,0,0,0,0,0,0,0,0,0,0,0,1,0,0,0,0,2,0,0,0,0,3,0,0,1,0,0,0,0,0,0
tech.020,tech,1,1,1,0,0,2,0,0,0,0,0,0,0,0,1,0,0,0,1,1,0,0,0,0,0,0,1,2,0,0,0,0,1,0,1,0,2,0,1,0,1,0,0,1,0,0,1,0,1,0
tech.021,tech,0,3,1,0,1,0,0,0,0,0,0,0,0,0,0,2,0,0,0,0,0,3,0,0,0,0,0,0,0,0,0,4,0,0,0,0,2,0,1,0,0,0,1,1,0,0,0,0,1,1
tech.022,tech,0,0,0,0,0,0,0,0,0,0,0,0,0,2,1,0,1,0,0,0,1,0,0,0,0,0,0,0,0,0,0,4,0,0,0,1,0,0,0,0,1,0,1,0,0,0,0,0,0,0
tech.023,tech,0,0,0,0,3,0,0,0,0,4,0,0,0,0,4,0,0,0,4,0,0,1,0,0,0,0,0,0,0,1,2,0,0,0,0,0,3,1,6,0,0,0,2,0,1,0,0,0,0,0
tech.024,tech,0,9,1,10,0,0,0,0,1,0,1,0,0,3,0,0,0,1,2,0,1,2,0,0,0,0,0,0,0,0,0,0,0,1,0,0,0,0,0,0,0,0,0,1,0,0,2,0,0,1
tech.025,tech,2,0,0,4,1,1,0,1,0,0,1,0,0,0,0,0,0,0,0,0,1,0,1,1,0,0,0,1,0,0,0,0,0,0,0,0,0,0,0,0,0,0,1,0,0,0,0,0,0,0
tech.026,tech,1,1,0,0,0,1,0,0,0,3,0,0,0,0,0,1,0,0,4,0,0,1,0,0,0,0,0,0,0,0,0,2,0,1,0,1,0,0,0,0,1,0,0,0,0,0,3,0,0,0
tech.027,tech,0,5,1,0,0,1,0,1,0,3,0,2,0,1,1,0,0,1,2,0,0,1,0,0,0,1,0,0,0,0,0,0,1,0,1,1,0,0,0,0,0,0,0,0,0,0,1,1,0,0
tech.028,tech,0,1,0,1,0,1,0,0,0,0,2,0,0,1,3,0,2,0,0,0,1,0,0,0,0,0,1,0,1,0,0,0,0,0,0,1,0,0,0,4,0,0,0,1,1,1,1,9,0,0
tech.029,tech,1,0,1,0,1,0,0,1,0,0,0,0,0,4,0,2,0,1,0,0,1,0,0,0,0,0,0,0,0,0,1,0,0,1,1,1,0,0,0,0,0,0,2,0,1,0,0,0,1,0
tech.030,tech,0,0,2,0,0,1,1,0,0,0,1,2,0,1,0,0,0,0,2,0,0,0,0,2,0,0,0,0,0,0,0,1,0,0,0,0,1,0,0,0,0,0,0,0,0,0,0,0,0,0
tech.031,tech,2,8,3,0,3,0,0,1,0,2,0,1,0,4,1,1,0,0,3,0,2,3,0,2,0,2,0,0,2,0,2,1,0,1,1,2,0,0,0,0,2,0,1,1,0,1,0,2,1,0
tech.032,tech,2,2,7,0,3,0,0,0,1,1,0,2,0,4,2,1,1,4,1,0,0,0,0,0,0,0,0,1,1,1,0,4,0,1,2,0,0,0,0,0,0,0,0,3,1,0,0,0,0,1
tech.033,tech,0,1,0,0,0,0,0,0,8,1,0,0,0,0,0,0,0,0,0,0,0,0,0,0,0,1,0,0,0,0,0,1,0,0,6,0,0,5,0,0,0,0,0,1,1,0,0,1,0,0
tech.034,tech,2,7,1,0,1,0,4,1,0,3,0,0,0,0,1,3,1,0,2,1,0,0,0,0,0,1,0,0,4,0,1,10,1,0,0,1,0,0,0,0,0,0,2,2,0,0,0,0,0,0
tech.035,tech,2,1,1,0,0,0,0,1,1,0,0,0,0,0,1,0,0,0,0,2,0,0,0,0,0,1,0,0,0,0,0,1,1,0,3,0,1,0,0,0,1,0,1,0,0,0,0,2,0,0
tech.036,tech,0,1,0,0,0,0,0,0,0,0,0,0,0,0,0,0,0,0,1,0,0,0,0,0,0,0,0,0,0,1,0,0,0,0,0,0,0,0,1,0,0,0,0,0,2,0,0,0,0,0
tech.037,tech,1,0,0,0,0,0,0,0,1,0,0,0,0,0,0,1,0,2,1,0,0,0,0,0,0,0,0,1,0,0,0,0,0,0,1,0,1,0,0,0,0,0,0,2,0,0,0,0,0,0
tech.038,tech,1,1,0,0,0,0,0,0,0,1,0,0,2,0,0,0,0,2,0,2,0,0,0,0,0,0,0,1,1,0,1,0,0,1,0,0,0,0,0,0,0,0,1,0,0,0,0,0,0,0
tech.039,tech,0,1,0,0,0,0,0,0,0,0,0,1,0,0,0,0,1,0,0,0,0,0,0,0,0,0,0,0,0,0,0,0,0,0,0,0,1,0,0,0,0,0,0,0,0,0,0,0,0,0
tech.040,tech,1,3,1,0,0,0,0,0,0,0,0,0,0,2,0,0,1,0,0,0,0,0,13,0,0,1,0,7,0,0,0,2,1,2,0,1,1,0,0,8,0,0,0,0,0,0,0,1,0,0
tech.041,tech,1,1,2,0,1,0,0,0,0,0,0,1,0,2,0,3,1,0,1,0,0,0,0,0,0,1,0,0,1,0,1,6,0,3,0,0,1,0,1,0,0,0,2,3,0,0,0,0,0,0
tech.042,tech,1,2,0,0,0,0,0,0,2,0,0,1,0,1,0,1,0,0,1,0,0,0,0,0,0,0,0,0,0,1,0,5,0,0,0,0,0,0,0,0,0,0,1,1,1,0,0,0,0,0
tech.043,tech,1,2,0,0,0,0,0,0,0,0,0,0,2,2,2,0,0,1,2,2,0,0,0,0,0,0,0,1,0,0,0,0,0,0,0,1,1,0,0,1,0,0,0,0,0,0,0,0,1,0
tech.044,tech,0,0,0,0,0,1,0,2,0,2,0,0,0,0,0,0,0,1,0,0,1,0,0,0,0,0,0,0,0,0,0,1,2,0,5,0,0,0,0,0,0,0,0,0,0,0,1,0,0,1
tech.045,tech,4,0,0,1,0,0,0,0,0,0,0,0,1,0,0,1,1,1,0,0,0,0,0,1,0,0,0,0,0,0,1,0,1,0,0,0,0,0,2,0,0,0,1,0,0,0,0,0,0,0
tech.046,tech,3,1,0,5,0,0,0,0,0,0,0,1,5,1,0,0,1,0,0,0,0,0,3,0,8,0,1,0,0,0,1,0,3,1,0,0,0,0,0,0,0,0,0,0,0,0,0,4,0,1
tech.047,tech,0,2,3,0,1,0,0,0,0,1,2,0,0,0,0,0,0,0,0,0,0,0,2,0,0,0,0,2,0,0,0,0,0,1,0,0,0,0,0,13,0,0,4,0,0,0,0,0,0,0
tech.048,tech,1,0,0,0,0,0,0,0,0,0,1,1,0,1,0,0,0,1,2,0,0,0,0,0,0,1,0,0,0,0,0,1,0,0,0,0,0,0,0,0,1,0,0,2,1,0,0,0,0,0
tech.049,tech,1,1,0,0,0,0,0,0,3,0,0,0,0,1,1,1,0,1,0,0,0,2,0,2,0,0,0,0,1,0,0,0,0,1,0,1,0,0,1,0,0,0,0,1,0,0,4,0,0,0
tech.050,tech,2,3,1,2,1,1,0,1,1,1,0,1,0,0,0,2,0,0,1,0,0,0,0,0,0,0,0,2,1,0,1,1,0,0,0,1,0,0,2,0,0,0,0,0,1,0,1,0,0,0
tech.051,tech,0,2,2,0,0,0,0,0,0,1,0,0,0,0,3,0,0,1,0,0,0,0,3,0,0,1,0,0,1,0,0,0,1,0,0,1,0,0,0,0,0,0,0,1,0,0,0,1,0,1
tech.052,tech,4,0,0,7,0,0,0,1,0,2,1,0,0,1,1,0,2,0,0,0,0,0,0,0,0,1,1,2,0,0,1,0,0,1,2,0,1,0,0,0,0,0,0,0,0,0,1,1,3,0
tech.053,tech,1,5,0,0,0,1,0,1,0,1,0,1,0,1,1,0,0,0,0,0,0,0,0,0,0,0,0,1,0,0,1,0,0,0,0,2,0,1,0,0,1,0,0,0,0,0,0,0,0,0
tech.054,tech,0,0,0,2,0,0,0,1,0,0,0,0,0,0,0,0,0,0,0,0,0,0,1,0,0,0,0,1,0,0,0,0,2,0,0,0,0,0,0,0,0,0,0,0,0,0,0,0,0,0
tech.055,tech,0,0,0,0,0,0,0,0,0,0,0,0,0,0,0,0,0,0,5,0,0,2,0,0,0,0,0,0,0,0,0,2,0,0,0,1,3,0,0,0,0,0,0,0,0,0,0,0,0,0
tech.056,tech,4,0,0,10,1,0,0,1,1,1,0,1,0,0,0,0,0,0,0,0,0,1,1,0,0,0,0,0,0,0,0,0,0,0,0,1,0,0,3,1,0,0,1,0,1,0,4,0,0,0
tech.057,tech,4,0,0,9,1,1,0,0,0,0,0,0,0,0,0,0,0,0,0,0,0,0,1,0,7,0,0,0,1,0,0,0,1,0,0,0,0,0,0,0,0,0,0,0,0,0,0,0,0,1
tech.058,tech,0,2,1,0,0,0,0,0,0,0,0,0,0,0,0,1,0,0,0,0,0,0,0,0,0,0,0,2,1,0,0,3,1,1,0,0,2,1,0,0,0,0,0,0,0,0,0,0,0,0
tech.059,tech,1,6,1,2,0,1,0,1,0,3,0,1,0,0,3,0,0,1,0,0,1,0,9,0,0,0,0,0,0,0,0,15,1,0,5,2,0,0,1,3,1,0,0,3,0,0,0,0,2,0
tech.060,tech,0,0,3,0,0,0,0,0,0,0,0,0,0,1,0,0,0,0,1,0,0,0,0,0,0,0,0,0,1,1,2,0,1,0,0,0,1,0,0,2,0,0,0,0,1,0,0,0,0,0
tech.061,tech,0,6,1,0,0,0,0,0,0,0,0,0,0,0,1,3,3,1,2,1,0,0,0,0,0,0,0,0,2,0,0,0,1,0,0,0,0,0,0,0,1,0,1,1,0,1,0,0,0,0
tech.062,tech,0,2,2,0,2,1,0,0,1,1,0,0,0,0,0,0,0,0,0,0,1,1,0,0,0,0,0,1,0,1,1,1,0,1,0,2,0,0,0,0,0,0,0,0,0,0,1,0,0,0
tech.063,tech,5,0,3,1,0,0,0,4,1,3,0,1,0,0,2,0,0,1,0,0,1,2,0,0,0,1,0,1,1,1,1,1,0,0,0,0,1,1,1,0,0,0,0,1,0,0,0,1,1,2
tech.064,tech,5,8,0,0,2,0,0,1,0,0,1,2,0,1,0,0,1,0,0,0,0,3,14,0,0,1,0,6,0,0,0,3,0,1,1,1,0,0,1,4,0,0,0,0,0,0,3,1,0,1
tech.065,tech,0,1,4,0,0,0,0,0,1,1,1,1,0,3,1,0,0,0,4,0,3,3,0,0,0,1,0,0,0,0,0,0,0,0,1,2,0,0,1,0,0,0,0,1,1,0,0,0,0,0
tech.066,tech,0,1,0,0,0,0,0,1,2,2,0,0,0,0,1,0,0,4,0,0,0,1,0,0,0,1,0,0,0,3,2,0,1,0,0,1,0,1,1,0,0,0,0,1,0,0,1,1,0,0
tech.067,tech,1,4,0,0,0,2,0,1,0,6,0,0,0,1,1,2,0,0,9,0,1,1,0,0,0,2,0,2,0,0,0,8,0,1,1,1,3,0,0,0,0,0,0,0,2,1,0,0,0,0
tech.068,tech,0,1,2,0,0,5,0,0,0,0,1,0,0,3,1,0,0,0,0,0,0,0,0,0,0,0,0,0,1,0,0,0,0,0,0,1,0,0,0,0,0,0,0,0,0,0,0,0,0,1
tech.069,tech,4,5,5,0,0,0,0,0,0,0,1,2,0,0,1,1,1,0,1,0,0,2,0,2,0,1,0,0,3,0,2,5,0,0,1,2,1,0,0,0,0,0,1,0,0,0,0,1,1,3
tech.070,tech,2,0,1,0,1,0,0,1,0,0,0,2,1,0,0,1,0,0,1,0,0,0,0,0,0,0,0,2,1,0,0,2,0,0,0,0,0,0,2,1,0,0,1,0,0,0,0,0,0,1
tech.071,tech,1,1,1,31,1,0,0,0,1,0,1,1,0,1,4,0,0,0,2,0,1,1,0,0,1,0,1,5,0,0,0,0,0,0,0,5,0,0,1,1,1,0,0,2,0,0,2,0,0,0
tech.072,tech,3,1,2,1,0,0,1,0,1,1,0,2,0,2,1,0,1,0,3,0,1,3,2,0,0,3,0,4,0,0,1,0,0,0,1,0,4,0,1,1,0,0,1,2,0,0,0,3,0,2
tech.073,tech,0,3,0,0,0,0,0,0,0,0,0,0,0,4,0,1,0,0,0,0,1,0,0,0,0,1,0,0,2,0,0,1,0,1,0,0,0,0,3,0,0,0,2,1,0,0,0,1,1,0
tech.074,tech,1,8,0,0,1,0,2,2,1,4,0,0,0,0,1,0,0,2,0,0,0,0,0,0,0,0,0,1,2,0,1,0,0,0,3,2,0,3,1,0,0,0,0,0,0,0,1,0,0,2
tech.075,tech,1,0,3,1,0,1,0,0,0,0,0,3,1,0,0,0,0,0,1,0,0,0,2,0,0,0,0,0,0,0,0,1,0,0,0,0,0,0,1,0,0,0,2,0,0,0,0,0,0,0
tech.076,tech,0,4,0,0,5,1,0,0,0,0,0,0,1,0,0,0,0,0,0,0,1,0,0,0,0,2,0,0,1,1,0,5,3,1,0,0,1,0,0,0,0,0,0,0,0,0,1,2,0,0
tech.077,tech,0,3,1,0,0,0,0,0,1,2,0,0,0,0,1,0,1,0,3,1,0,2,0,0,0,0,0,0,0,0,2,0,0,0,0,3,0,0,1,0,2,0,0,0,0,0,0,0,0,0
tech.078,tech,1,2,1,0,0,0,0,0,0,2,0,0,0,1,0,0,1,1,0,0,0,1,0,0,0,0,0,0,0,0,0,0,0,0,0,0,0,0,0,0,0,0,0,0,0,0,0,0,0,0
tech.079,tech,0,1,0,0,2,0,1,0,0,0,0,0,0,3,2,0,0,0,3,0,0,0,0,0,0,0,0,0,0,0,0,0,1,1,0,1,0,0,0,0,0,0,0,2,0,1,0,0,0,0
tech.080,tech,1,0,2,0,2,0,1,0,0,0,0,1,0,3,1,0,0,1,0,0,1,0,0,1,0,1,0,0,0,1,0,1,0,1,0,0,1,0,0,0,0,0,0,0,0,0,0,0,0,0
tech.081,tech,0,2,1,0,0,0,0,0,0,1,0,1,0,0,0,0,3,0,0,0,0,1,0,0,0,0,0,0,2,0,0,0,0,1,4,1,1,0,0,0,0,0,0,1,1,0,4,0,0,2
tech.082,tech,1,1,1,9,1,1,0,2,0,2,0,0,0,5,0,3,0,0,4,0,1,0,0,0,0,0,0,1,1,0,0,0,0,1,0,0,1,0,0,0,1,0,0,2,0,0,0,1,2,2
tech.083,tech,1,3,1,0,1,1,0,0,0,1,0,0,0,3,0,0,0,2,1,0,0,0,0,0,0,1,0,0,1,0,1,0,0,0,0,0,0,0,0,0,1,0,0,0,0,0,0,1,0,0
tech.084,tech,0,0,1,9,1,2,0,0,1,0,4,0,0,2,0,2,0,1,0,1,1,2,1,1,0,0,0,4,0,0,0,0,2,1,0,0,0,0,0,0,1,0,0,0,1,0,0,0,2,0
tech.085,tech,0,2,1,0,0,0,0,0,0,0,0,0,1,0,2,0,1,0,0,0,2,0,1,0,0,0,0,0,0,0,0,0,0,0,0,2,0,0,0,0,0,0,0,1,0,0,2,0,0,0
tech.086,tech,0,1,0,0,0,0,0,0,1,1,0,0,0,2,2,0,0,1,8,0,1,0,0,0,0,0,0,0,0,0,0,0,1,0,1,3,0,0,0,0,1,0,0,0,0,0,0,0,0,0
tech.087,tech,1,1,1,0,0,0,0,0,0,0,0,0,0,2,0,1,0,0,0,0,0,1,0,1,0,1,0,0,0,1,0,4,0,0,0,0,1,0,3,1,0,0,0,0,0,0,0,3,0,0
tech.088,tech,7,3,2,0,1,1,0,0,0,1,1,1,0,0,0,0,1,1,0,0,0,1,1,0,8,1,0,0,0,0,0,0,3,3,0,1,1,0,0,0,1,0,1,2,0,0,0,1,0,1
tech.089,tech,0,5,0,0,1,1,0,0,0,1,0,0,0,3,1,0,0,1,0,0,1,0,0,0,1,0,0,1,1,0,1,0,0,1,0,0,1,0,0,0,0,0,0,1,0,0,0,0,0,0
tech.090,tech,1,0,6,0,0,0,0,2,9,2,1,1,0,1,1,0,1,8,0,1,2,5,4,0,1,0,0,1,0,3,1,1,1,0,0,1,1,2,1,1,0,0,0,0,0,0,1,1,0,0
tech.091,tech,0,0,0,0,0,2,0,0,0,0,0,0,1,0,0,0,0,0,0,3,1,0,2,0,0,0,0,0,0,0,0,1,1,1,1,0,1,0,1,0,0,0,0,2,0,0,0,0,0,0
tech.092,tech,0,1,0,0,0,0,0,0,0,0,0,0,0,1,0,0,1,1,0,2,0,0,12,0,0,0,0,0,0,0,0,1,1,1,0,0,0,2,2,0,0,0,3,0,1,0,0,0,0,0
tech.093,tech,4,0,0,0,0,1,0,4,1,3,0,0,0,0,2,2,1,0,2,0,2,1,1,2,0,0,1,1,3,0,0,5,0,0,0,3,2,1,3,2,0,0,0,0,0,0,5,0,0,0
tech.094,tech,1,4,3,1,6,2,0,2,5,1,1,1,9,1,5,0,3,5,0,0,2,2,0,0,0,1,0,1,1,0,4,0,0,1,0,1,2,0,0,2,0,0,0,1,0,0,2,1,0,1
tech.095,tech,1,2,1,27,8,0,0,3,0,8,11,1,1,0,1,1,0,0,0,2,1,1,1,0,2,0,1,1,2,0,3,0,2,0,0,2,0,0,0,2,1,0,0,0,0,0,4,1,0,0
tech.096,tech,1,3,3,0,0,0,0,0,0,0,0,0,0,1,0,0,0,0,0,1,1,0,0,0,0,0,0,0,1,0,1,0,0,1,0,0,0,0,1,0,0,0,1,0,0,0,0,0,0,0
tech.097,tech,0,7,1,0,0,0,0,2,0,1,0,0,0,0,0,0,0,0,1,0,3,0,0,0,0,0,0,0,0,0,1,0,1,0,0,1,0,0,1,0,0,0,1,0,0,0,0,0,0,0
tech.098,tech,4,4,0,0,1,6,0,0,1,1,0,1,0,0,0,6,0,0,1,0,0,0,0,0,0,0,0,1,0,0,0,2,0,0,0,0,1,0,1,0,0,0,1,0,0,0,0,0,0,0
tech.099,tech,2,3,1,0,0,0,1,2,1,0,1,1,0,1,0,0,0,5,1,0,0,0,0,0,0,1,0,0,3,0,1,0,1,0,1,1,1,0,1,0,1,0,0,1,0,0,1,1,0,0
tech.100,tech,3,2,4,11,0,1,0,3,1,0,1,0,1,0,0,1,0,1,0,0,0,0,0,1,0,0,0,0,0,0,0,1,0,0,0,0,0,0,1,2,0,0,0,0,0,0,0,1,0,0
tech.101,tech,0,2,0,0,0,0,0,0,0,1,0,0,0,1,2,0,0,2,1,0,0,0,0,0,0,0,0,0,0,0,0,2,0,0,1,1,0,0,0,0,0,0,0,0,1,0,0,0,0,0
tech.102,tech,0,0,4,0,0,0,0,0,0,3,0,1,0,7,1,0,1,0,0,0,0,3,0,1,0,3,0,0,0,0,2,0,1,2,0,0,1,0,0,0,2,0,0,1,0,0,0,2,0,0
tech.103,tech,1,7,0,0,1,1,0,0,1,0,0,2,1,1,1,1,0,1,0,0,0,0,0,0,0,0,0,0,1,0,3,1,2,0,4,3,3,0,0,0,0,0,0,0,0,0,1,0,0,1
tech.104,tech,0,1,0,23,1,1,0,0,1,0,3,1,2,0,0,0,1,1,0,0,1,2,1,0,0,0,0,0,0,0,0,0,0,0,3,1,0,0,0,0,0,0,0,1,0,0,2,0,0,0
tech.105,tech,2,1,0,1,0,0,0,0,2,0,0,0,0,0,1,1,0,0,0,0,0,0,0,0,0,0,0,0,0,0,0,0,0,0,1,0,0,1,0,1,0,0,1,1,0,0,2,0,0,0
tech.106,tech,0,6,5,0,1,2,1,0,4,2,0,0,0,0,2,0,0,10,0,0,4,2,0,0,0,0,0,0,0,0,0,2,0,0,1,0,0,0,1,0,0,0,0,0,0,0,1,1,0,0
tech.107,tech,0,0,0,0,0,0,0,0,5,1,0,0,0,0,1,0,0,0,0,0,0,0,0,0,0,0,0,0,0,0,0,0,1,0,0,1,0,0,0,0,1,0,0,0,0,0,0,0,0,0
tech.108,tech,1,7,1,0,0,2,0,4,0,3,0,0,0,2,2,0,1,0,3,0,0,0,0,0,0,0,0,1,1,0,0,0,0,0,0,3,0,0,0,0,0,0,0,1,0,0,1,0,0,0
tech.109,tech,1,5,0,0,0,0,0,1,0,3,0,0,0,0,1,3,4,0,1,0,0,1,0,0,0,0,0,0,0,0,1,1,0,0,0,0,0,1,0,0,0,0,1,0,0,0,1,0,0,0
tech.110,tech,3,5,6,0,0,0,0,5,3,0,1,0,1,0,3,0,7,6,0,0,3,2,6,1,0,0,0,0,0,0,3,1,0,0,0,1,1,0,0,4,2,0,1,3,0,0,0,1,0,1
tech.111,tech,2,1,2,0,0,2,0,0,0,0,0,1,0,1,0,0,0,0,0,0,2,0,0,0,0,0,1,0,0,0,2,1,2,0,0,0,0,0,0,2,0,0,1,0,0,0,0,0,0,0
tech.112,tech,2,0,2,5,0,0,0,3,0,0,1,1,1,0,0,1,0,0,0,0,0,1,0,1,0,0,0,0,2,1,1,0,1,0,0,0,0,0,0,0,0,0,0,1,1,0,0,0,2,1
tech.113,tech,0,1,2,1,0,0,0,1,2,0,0,0,1,0,2,0,3,0,0,0,0,3,1,0,0,0,0,0,0,1,0,0,0,2,0,0,0,0,2,0,0,0,0,1,0,0,1,2,0,0
tech.114,tech,3,2,3,9,1,0,0,3,0,0,0,0,0,6,0,2,0,1,0,0,0,1,0,0,0,4,0,0,0,0,0,0,0,0,0,3,0,0,0,0,0,0,0,1,0,0,1,3,0,0
tech.115,tech,0,3,0,2,1,1,0,1,0,1,0,0,1,1,1,1,0,0,0,0,0,2,0,0,0,0,0,0,0,0,0,0,0,0,0,1,0,0,0,0,0,0,0,0,0,0,1,0,0,0
tech.116,tech,0,0,2,0,1,0,0,0,0,0,0,0,0,0,0,0,0,0,4,0,0,0,0,0,0,0,0,0,0,0,0,0,0,0,1,1,0,0,1,0,0,0,0,0,0,0,0,0,0,0
tech.117,tech,0,1,0,0,0,0,0,0,1,0,0,0,0,2,0,0,0,0,3,1,0,0,0,0,0,0,0,0,0,0,0,1,0,0,1,0,0,0,0,0,0,0,1,0,0,0,0,1,0,0
tech.118,tech,0,0,2,0,2,0,0,1,0,0,0,3,0,0,0,0,0,0,1,0,1,1,0,2,0,0,1,0,1,0,0,2,1,0,0,0,0,0,1,0,0,0,0,0,0,0,0,0,0,1
tech.119,tech,1,0,2,5,1,0,0,1,0,0,0,1,0,2,1,1,0,0,0,0,0,3,0,2,0,1,0,0,0,0,0,0,0,0,0,1,0,0,0,0,0,0,0,1,2,0,0,1,0,1
tech.120,tech,0,6,3,0,0,1,0,0,0,0,0,0,0,2,0,0,0,0,0,1,0,0,0,0,0,0,0,0,1,0,0,3,2,0,0,0,1,0,0,0,0,0,1,1,0,0,1,0,0,1
tech.121,tech,2,1,2,1,0,0,0,1,1,0,3,0,0,0,1,0,2,0,0,0,1,0,1,0,0,1,0,0,0,0,2,1,1,1,0,0,0,0,0,0,0,0,0,0,0,0,2,2,0,0
tech.122,tech,6,1,0,0,0,0,0,2,1,4,0,1,0,0,0,3,1,0,3,0,0,0,0,1,0,1,0,0,1,0,0,1,0,1,0,1,0,0,0,0,0,0,1,1,0,0,1,1,0,0
tech.123,tech,0,1,1,0,1,0,0,0,0,1,0,0,0,1,5,0,1,2,1,0,0,0,0,0,0,0,0,0,0,0,0,4,0,0,1,1,0,0,0,0,0,0,0,0,1,0,0,0,0,1
tech.124,tech,0,1,1,1,0,0,0,0,1,0,1,1,0,0,0,0,0,0,1,0,0,0,0,0,0,0,0,2,1,0,0,0,0,2,1,0,0,0,1,1,0,0,0,0,0,0,1,1,0,0
tech.125,tech,0,0,2,7,0,0,0,0,0,1,0,1,1,0,0,0,1,0,0,0,0,0,0,1,0,0,0,0,1,0,0,0,1,0,0,1,0,0,1,1,0,0,0,1,0,0,1,0,0,0
tech.126,tech,5,0,0,12,1,0,0,0,0,0,0,0,1,0,0,2,0,0,0,0,2,0,0,0,2,0,2,1,0,0,0,0,1,0,1,0,1,0,0,0,0,0,1,0,2,0,0,0,1,0
tech.127,tech,1,1,1,2,0,0,0,1,0,3,1,0,0,1,0,0,3,0,0,0,1,1,1,0,0,0,0,1,1,1,0,0,0,0,0,0,0,0,0,4,0,0,0,0,0,0,0,0,0,0
tech.128,tech,1,0,3,3,0,1,0,0,0,0,0,0,0,0,0,0,0,0,2,0,0,0,2,1,0,0,0,0,0,2,0,0,1,0,0,0,0,0,0,1,0,0,0,0,1,0,0,0,1,1
tech.129,tech,0,7,0,0,0,0,0,0,0,2,0,0,0,1,0,6,1,0,2,0,0,0,0,0,0,0,0,0,3,0,2,5,1,0,1,1,2,0,0,0,0,0,1,0,0,0,0,0,0,2
tech.130,tech,1,0,1,8,1,3,0,0,0,0,0,1,1,0,0,5,0,0,0,0,0,0,0,0,0,1,1,1,1,0,0,0,0,1,0,1,0,0,0,0,0,0,2,0,5,0,0,1,0,1
tech.131,tech,1,2,1,0,0,2,0,1,2,2,0,0,0,1,3,0,0,1,0,0,1,0,0,0,0,1,0,0,1,0,0,0,0,0,0,1,0,4,1,0,0,1,0,0,0,0,0,1,0,0
tech.132,tech,4,2,0,0,0,2,0,0,0,0,0,0,0,0,1,0,0,1,0,0,0,0,0,0,0,0,0,0,0,0,0,0,0,0,1,0,0,0,0,0,0,0,1,0,0,0,0,0,0,1
tech.133,tech,2,0,1,0,0,0,1,0,0,1,0,0,0,3,0,0,1,1,1,1,0,0,0,1,0,1,0,0,0,0,0,0,1,1,0,1,1,0,0,0,0,0,2,1,1,0,0,2,0,0
tech.134,tech,3,5,0,7,1,1,0,2,0,0,2,1,0,0,5,0,4,1,0,0,0,0,1,0,0,0,0,0,0,0,0,1,1,0,0,1,1,0,0,1,0,0,2,1,0,0,1,0,3,1
tech.135,tech,2,0,0,11,2,0,0,0,0,0,1,1,0,0,0,0,0,0,0,0,0,2,0,1,0,0,0,0,1,0,0,0,0,0,0,2,0,0,6,2,1,0,0,0,0,0,1,0,0,1
tech.136,tech,1,4,0,0,0,2,0,0,0,1,0,0,0,0,0,1,1,0,0,0,2,0,0,0,0,0,0,3,3,0,1,3,1,1,1,1,0,0,0,0,0,0,1,2,0,0,0,0,0,0
tech.137,tech,2,8,0,0,0,0,0,4,2,1,1,0,0,1,2,1,0,9,0,0,0,3,0,1,0,1,1,0,0,0,1,0,0,0,0,3,0,0,3,0,0,0,0,3,1,0,3,1,1,0
tech.138,tech,2,5,1,1,3,2,0,0,0,1,1,1,0,0,1,0,0,1,1,0,0,1,1,1,0,0,1,0,2,0,1,0,1,1,0,1,0,0,1,1,2,0,3,1,0,0,0,0,0,0
tech.139,tech,0,3,2,18,6,4,0,0,3,0,2,1,1,0,2,2,0,0,0,1,0,2,0,0,0,1,0,0,0,0,0,0,0,1,0,1,0,0,0,3,1,0,1,0,0,0,0,0,1,1
tech.140,tech,1,0,1,6,0,1,0,0,5,2,1,3,2,0,0,4,0,0,0,1,0,0,0,0,3,0,1,0,0,0,3,0,0,0,0,0,0,1,0,9,0,0,3,0,0,0,0,0,1,0
tech.141,tech,3,0,1,0,3,1,0,1,2,0,0,0,0,0,2,0,1,0,0,0,0,0,0,0,0,0,0,0,0,0,0,0,0,0,1,0,1,0,0,0,0,0,1,1,0,0,0,0,0,0
tech.142,tech,0,7,4,0,3,1,1,0,7,3,0,0,0,0,2,0,0,4,0,0,0,2,0,0,0,0,0,0,0,0,4,1,0,1,0,1,0,0,0,0,0,0,0,3,1,0,1,1,0,0
tech.143,tech,0,2,2,0,2,0,0,7,0,4,0,1,0,0,2,0,0,0,0,0,0,0,0,0,0,1,0,0,1,0,0,0,0,0,0,3,0,0,0,0,1,0,0,0,0,0,0,1,0,1
tech.144,tech,4,0,0,13,5,0,0,1,1,1,0,0,0,0,3,0,0,0,0,0,1,3,0,1,1,1,0,1,3,0,3,0,0,0,0,3,0,0,0,1,1,0,0,0,0,0,5,0,3,0
tech.145,tech,0,1,1,0,0,0,0,1,1,2,0,0,0,0,0,0,0,0,0,3,0,1,10,2,0,1,0,0,0,0,0,0,0,0,3,2,0,0,0,0,0,0,0,2,0,0,1,1,0,0
tech.146,tech,5,4,2,1,3,0,0,0,0,0,1,0,1,1,0,1,1,0,0,0,0,2,1,0,0,0,0,1,6,1,1,0,0,0,3,0,2,1,0,0,0,0,0,1,0,0,0,0,1,0
tech.147,tech,0,1,1,0,1,0,0,0,0,1,0,0,0,1,0,0,1,0,1,1,0,0,0,3,0,0,0,0,1,2,0,3,0,0,0,1,0,1,1,0,0,0,0,0,1,0,0,0,0,0
tech.148,tech,0,0,0,0,0,0,0,0,0,0,2,0,0,0,1,0,0,3,2,0,1,0,10,0,0,0,0,6,0,0,1,1,1,0,1,0,0,0,0,4,0,0,0,0,0,0,0,0,0,0
tech.149,tech,1,5,0,0,0,1,0,0,1,1,0,0,0,0,0,0,0,0,1,0,0,0,1,0,0,0,0,0,2,0,0,4,0,1,0,1,2,0,1,0,0,0,0,0,0,0,0,0,0,0
tech.150,tech,0,6,2,0,1,0,0,0,0,1,0,0,0,0,0,5,0,0,0,0,0,0,0,0,0,0,0,0,1,0,1,1,0,0,5,1,2,0,0,0,1,0,0,0,0,0,1,0,0,0
tech.151,tech,5,5,1,0,0,1,0,0,0,2,0,0,0,0,0,0,0,0,3,0,0,0,0,0,0,0,0,0,5,0,0,0,1,1,0,1,4,0,0,0,0,0,0,0,0,0,1,0,0,0
tech.152,tech,6,0,0,0,1,0,0,1,0,0,0,0,0,0,0,2,1,0,1,0,2,0,0,0,0,0,0,1,1,0,0,3,0,0,0,1,0,0,2,0,0,0,0,2,0,4,0,0,0,0
tech.153,tech,1,1,2,9,0,3,0,0,0,1,4,4,0,1,0,0,0,2,1,0,0,0,1,0,0,0,0,5,3,0,0,0,0,0,0,3,0,0,1,0,0,0,0,0,0,0,5,0,1,0
tech.154,tech,1,2,3,9,6,1,0,2,2,5,3,1,0,0,1,0,0,0,0,0,1,4,0,1,1,0,0,0,0,0,2,0,0,0,0,6,0,0,0,3,0,0,0,0,0,0,1,0,0,0
tech.155,tech,2,0,1,14,3,0,0,1,3,1,1,0,2,1,1,0,2,0,2,1,0,0,0,3,0,1,2,2,0,1,1,0,2,4,0,0,0,0,0,3,0,0,0,4,0,0,0,1,0,0
tech.156,tech,0,5,3,0,0,0,0,0,0,0,0,0,1,0,4,0,0,0,1,1,1,0,1,0,0,1,0,0,0,1,0,0,0,1,0,1,1,0,0,0,1,0,0,0,0,0,1,0,0,0
tech.157,tech,2,0,1,19,1,2,0,1,1,0,4,1,0,0,1,0,0,0,0,0,0,0,0,0,0,1,0,0,0,0,2,0,2,1,0,1,0,1,0,1,0,0,0,1,1,1,0,1,0,0
tech.158,tech,5,4,2,1,3,0,0,0,0,0,1,0,1,1,0,1,1,0,0,0,0,2,1,0,0,0,0,1,6,1,0,0,0,0,3,0,2,1,0,0,0,0,0,1,0,0,0,0,1,0
tech.159,tech,0,1,1,0,1,0,0,0,0,1,0,0,0,1,0,0,1,0,1,1,0,0,0,3,0,0,0,0,1,2,0,3,0,0,0,1,0,1,1,0,0,0,0,0,1,0,0,0,0,0
tech.160,tech,1,0,2,10,0,2,0,0,4,1,3,0,0,1,0,2,0,1,0,0,0,1,0,0,0,1,0,1,3,0,1,0,0,0,0,0,0,0,0,3,0,0,2,1,1,0,1,0,1,0
tech.161,tech,0,2,2,0,0,1,0,2,1,3,0,0,0,0,0,0,0,3,0,0,2,2,0,0,0,0,0,0,0,0,0,0,0,0,0,3,0,0,0,1,1,0,0,1,0,0,1,0,0,0
tech.162,tech,1,5,0,0,0,1,0,0,1,1,0,0,0,0,0,0,0,0,1,0,0,0,1,0,0,0,0,0,2,0,0,4,0,1,0,1,2,0,1,0,0,0,0,0,0,0,0,0,0,0
tech.163,tech,7,6,0,4,1,0,0,0,0,0,0,0,1,1,0,0,5,0,0,0,2,0,3,0,0,1,0,0,0,0,2,1,3,0,1,1,0,0,0,3,0,0,2,0,0,0,1,1,4,0
tech.164,tech,1,1,2,0,1,0,1,3,1,3,0,2,0,3,0,0,0,0,0,1,0,3,0,1,0,0,0,2,1,0,1,2,0,0,0,2,0,0,0,0,0,0,0,0,1,1,2,1,0,0
tech.165,tech,1,6,0,0,2,1,0,0,0,1,0,3,0,0,0,0,2,0,0,0,0,0,0,0,0,0,0,0,0,0,0,0,0,0,1,0,0,0,0,0,0,0,0,1,0,0,0,0,0,0
tech.166,tech,1,6,0,0,2,1,0,0,0,1,0,3,0,0,0,0,2,0,0,0,0,0,0,0,0,0,0,0,0,0,0,0,0,0,1,0,0,0,0,0,0,0,0,1,0,0,0,0,0,0
tech.167,tech,1,2,0,0,0,1,0,0,1,0,0,0,0,2,5,0,0,0,0,0,1,0,0,1,1,0,0,0,1,1,2,1,0,0,0,1,0,0,0,0,0,0,0,0,1,0,1,0,0,0
tech.168,tech,2,8,0,0,0,0,0,2,1,3,1,0,0,0,1,0,3,1,0,0,0,2,0,3,0,1,0,0,1,0,0,1,0,2,0,0,0,0,0,0,0,0,0,1,0,0,4,2,0,0
tech.169,tech,2,0,1,3,1,0,0,1,0,0,1,0,0,0,0,0,0,1,0,0,0,0,0,0,0,0,0,0,0,0,0,0,1,0,0,0,0,0,0,1,0,0,0,0,0,0,0,0,0,0
tech.170,tech,2,7,0,17,3,0,0,0,1,2,5,0,0,0,0,0,3,0,0,1,3,3,0,0,0,0,0,0,0,0,1,1,0,0,0,0,1,0,1,3,1,0,1,0,0,0,0,0,1,0
tech.171,tech,5,0,0,12,1,0,0,0,0,0,0,0,1,0,0,2,0,0,0,0,2,0,0,0,2,0,2,1,0,0,0,0,1,0,1,0,1,0,0,0,0,0,1,0,2,0,0,0,1,0
tech.172,tech,1,1,1,2,0,0,0,1,0,3,1,0,0,1,0,0,3,0,0,0,1,1,1,0,0,0,0,1,1,1,0,0,0,0,0,0,0,0,0,4,0,0,0,0,0,0,0,0,0,0
tech.173,tech,1,0,5,1,4,1,0,0,3,1,0,0,0,0,3,0,1,0,0,0,0,1,0,0,0,1,0,0,0,0,0,0,0,0,1,0,1,0,0,0,0,0,2,1,1,0,0,1,2,0
tech.174,tech,1,4,7,2,2,2,0,3,0,2,2,1,0,0,2,4,3,0,0,0,1,0,2,0,2,0,0,1,0,0,1,0,0,0,0,1,2,0,4,4,1,0,1,0,0,0,9,1,4,1
tech.175,tech,0,7,0,0,0,0,0,0,0,2,0,0,0,1,0,6,1,0,2,0,0,0,0,0,0,0,0,0,3,0,2,5,1,0,1,1,2,0,0,0,0,0,1,0,0,0,0,0,0,2
tech.176,tech,4,2,0,0,0,2,0,0,0,0,0,0,0,0,1,0,0,1,0,0,0,0,0,0,0,0,0,0,0,0,0,0,0,0,1,0,0,0,0,0,0,0,1,0,0,0,0,0,0,1
tech.177,tech,2,3,1,0,0,0,0,0,0,1,0,2,0,2,0,0,0,0,4,0,0,1,0,0,0,0,0,1,0,0,0,0,0,0,0,0,1,0,1,0,1,0,1,1,1,0,0,0,1,0
tech.178,tech,1,0,1,8,1,3,0,0,0,0,0,1,1,0,0,5,0,0,0,0,0,0,0,0,0,1,1,1,1,0,0,0,0,1,0,1,0,0,0,0,0,0,2,0,5,0,0,1,0,1
tech.179,tech,1,2,1,0,0,2,0,1,2,2,0,0,0,1,3,0,0,1,0,0,1,0,0,0,0,1,0,0,1,0,0,0,0,0,0,1,0,4,1,0,0,1,0,0,0,0,0,1,0,0
tech.180,tech,2,0,1,0,0,0,1,0,0,1,0,0,0,3,0,0,1,1,1,1,0,0,0,1,0,1,0,0,0,0,0,0,1,1,0,1,1,0,0,0,0,0,2,1,1,0,0,2,0,0
tech.181,tech,1,1,0,0,0,0,0,0,1,4,0,0,0,0,1,0,0,0,0,0,1,0,0,0,0,1,0,1,0,1,0,1,0,0,0,0,0,1,0,0,0,0,0,1,0,0,0,1,0,0
tech.182,tech,0,7,0,0,1,1,0,3,0,0,1,0,0,1,0,1,0,0,0,0,0,0,3,0,0,0,0,0,0,1,2,0,0,0,0,1,0,0,0,0,0,0,1,1,0,0,2,0,2,0
tech.183,tech,0,0,0,1,0,0,0,0,0,0,1,1,1,0,0,0,1,1,1,0,4,0,14,1,0,0,0,6,0,0,0,0,0,0,4,0,0,0,0,14,0,0,0,0,0,0,0,0,0,0
tech.184,tech,1,2,1,0,1,0,0,5,3,2,0,0,2,0,2,4,3,0,0,0,1,2,0,1,0,1,0,0,1,1,1,2,0,0,0,3,1,0,0,0,1,0,0,1,1,0,3,2,0,0
tech.185,tech,1,1,2,9,0,3,0,0,0,1,4,4,0,1,0,0,0,2,1,0,0,0,1,0,0,0,0,5,3,0,0,0,0,0,0,3,0,0,1,0,0,0,0,0,0,0,5,0,1,0
tech.186,tech,0,1,2,0,0,0,1,0,1,0,0,0,0,0,1,0,0,0,0,0,0,0,0,0,0,1,0,0,0,0,0,2,2,0,3,0,0,3,0,0,0,0,1,0,0,0,1,1,0,0
tech.187,tech,0,2,1,0,0,0,1,1,2,1,0,0,0,0,3,1,0,0,1,1,1,1,0,0,0,2,0,0,0,2,0,1,0,0,1,1,0,0,0,0,1,0,0,2,4,1,1,2,1,0
tech.188,tech,1,9,2,0,1,0,3,1,0,1,0,0,0,17,1,0,0,1,0,0,3,0,1,2,0,1,0,0,11,0,1,4,0,2,0,1,3,0,1,0,0,0,2,0,0,0,4,0,1,1
tech.189,tech,0,4,3,0,2,0,0,2,0,4,0,0,0,0,2,0,2,0,1,1,1,0,0,2,0,0,0,0,0,0,0,2,0,0,0,1,0,0,0,0,2,0,1,0,0,0,0,0,0,1
tech.190,tech,2,0,0,2,1,2,0,0,0,1,0,0,1,0,4,0,0,0,3,0,0,0,0,0,0,0,0,0,0,0,0,0,0,0,0,0,0,0,0,0,1,0,0,0,0,0,1,0,4,3
tech.191,tech,0,5,2,0,0,0,8,2,0,0,4,0,0,0,1,2,0,2,0,0,1,0,0,1,0,1,0,1,1,0,2,5,0,1,2,2,0,0,3,0,0,0,0,0,0,0,0,3,0,0
tech.192,tech,1,2,3,9,0,0,0,0,0,0,1,0,0,1,0,0,0,1,0,0,0,2,0,0,0,0,0,8,1,0,1,1,0,0,3,0,0,2,0,1,0,0,0,0,0,0,0,0,2,0
tech.193,tech,2,1,1,2,3,0,0,1,2,0,0,1,0,0,0,0,13,0,1,0,1,1,2,1,0,3,0,3,2,0,1,0,1,0,0,2,0,0,0,2,1,0,1,0,0,0,0,2,0,0
tech.194,tech,1,0,2,0,1,1,0,0,1,0,0,0,0,3,1,2,0,0,0,1,0,0,0,0,0,1,0,0,0,1,1,1,0,1,0,1,0,1,1,0,2,0,0,0,0,0,0,1,0,0
tech.195,tech,0,6,1,21,0,0,0,0,0,5,4,0,0,2,0,1,1,0,1,1,1,1,0,0,0,0,0,0,1,0,0,0,0,1,0,0,0,0,2,2,2,0,2,1,0,0,0,0,0,0
tech.196,tech,1,2,0,0,2,2,0,0,0,0,0,1,0,0,0,0,0,0,0,0,1,0,0,0,0,0,1,5,0,0,0,1,3,0,1,0,0,1,2,0,0,0,2,0,0,1,0,0,0,0
tech.197,tech,0,2,2,1,0,0,0,1,0,1,1,0,0,0,2,0,0,0,1,0,0,0,0,0,0,0,0,0,0,0,1,0,1,0,1,0,0,0,0,0,0,0,0,0,0,0,0,0,0,0
tech.198,tech,0,1,1,0,1,0,0,6,4,3,4,0,0,1,3,1,0,0,0,0,4,1,5,0,0,0,0,1,0,0,0,8,0,0,0,1,0,1,0,3,0,0,0,1,2,0,1,2,0,0
tech.199,tech,1,8,6,0,2,2,0,3,5,3,0,0,0,0,3,0,0,10,0,0,2,1,0,1,0,0,0,1,0,0,0,1,0,0,0,3,2,1,3,0,2,0,1,1,0,0,2,1,0,0
tech.200,tech,1,0,1,0,2,1,0,0,5,1,0,1,0,1,1,0,0,0,0,0,0,0,0,1,0,0,0,0,0,0,0,1,1,1,1,1,0,1,0,0,0,0,0,0,1,0,2,0,1,0
tech.201,tech,0,0,3,0,2,2,0,0,1,0,0,0,0,0,0,0,0,0,0,0,0,0,0,0,0,1,0,0,0,0,0,0,0,0,0,0,0,0,0,0,0,0,1,0,0,0,0,1,0,1
tech.202,tech,2,6,1,4,0,0,0,2,0,2,0,0,0,1,2,0,0,0,0,0,0,1,0,0,0,1,0,0,0,1,1,0,1,0,0,1,0,0,0,0,0,0,1,1,0,0,1,0,0,0
tech.203,tech,5,0,0,17,1,1,0,0,1,0,1,0,0,0,0,2,1,0,0,0,0,1,0,0,0,0,1,1,2,0,0,0,1,0,0,1,0,0,1,3,0,0,1,2,0,0,0,0,0,0
tech.204,tech,2,2,0,0,0,0,0,1,2,2,0,0,0,0,0,1,0,0,0,0,2,0,0,0,0,0,0,0,0,0,0,4,1,0,0,1,0,0,0,0,0,0,2,0,1,0,0,0,0,1
tech.205,tech,0,1,0,2,2,0,0,0,0,1,0,2,0,0,0,5,0,0,0,0,0,0,0,0,0,0,0,1,0,0,2,16,1,0,0,1,1,1,0,0,0,0,0,0,0,0,1,0,0,0
tech.206,tech,0,1,1,0,2,1,0,0,1,0,0,1,0,5,0,0,0,0,2,0,0,1,6,0,0,2,0,0,0,0,1,4,2,5,0,0,2,0,0,0,0,0,0,0,1,1,1,3,0,0
tech.207,tech,0,0,0,0,2,1,0,0,0,0,0,0,0,2,0,0,0,0,0,0,0,0,0,1,0,0,0,0,0,0,1,0,2,0,0,0,1,0,0,0,0,0,0,0,0,0,0,0,0,1
tech.208,tech,0,4,2,0,2,0,0,0,1,0,1,1,2,0,0,1,0,0,0,0,1,1,0,0,0,1,0,1,0,0,1,0,1,0,2,0,0,0,0,0,1,0,0,1,1,0,0,1,0,0
tech.209,tech,0,0,0,0,0,0,0,3,0,2,0,0,0,1,0,0,0,0,0,0,0,0,0,1,0,2,0,0,0,1,2,0,0,2,0,1,0,0,0,0,0,0,0,0,0,0,0,1,0,0
tech.210,tech,0,2,0,0,0,1,0,0,0,2,0,0,0,0,0,0,0,0,4,0,0,0,0,1,0,0,0,0,0,0,0,0,0,0,0,0,0,0,0,0,0,0,0,1,0,0,0,1,0,0
tech.211,tech,1,3,1,0,1,0,2,0,0,2,0,0,0,0,0,2,0,1,0,0,0,0,0,0,0,0,0,0,0,0,0,2,0,0,5,3,0,0,2,0,0,0,0,1,0,0,0,0,0,0
tech.212,tech,1,9,2,0,0,0,2,2,0,1,0,0,1,0,0,1,1,1,2,0,0,3,0,0,0,1,0,0,2,0,1,0,0,0,1,5,2,0,0,0,0,0,1,0,0,0,0,1,0,0
tech.213,tech,0,10,1,0,4,1,0,1,0,4,0,0,0,2,1,0,1,0,1,0,4,0,0,1,0,0,0,0,0,0,0,3,0,2,0,4,0,0,0,0,3,0,0,0,0,0,3,0,0,0
tech.214,tech,0,1,0,0,1,0,0,0,0,0,0,0,0,3,0,0,0,1,2,1,1,0,0,0,0,0,0,0,0,0,0,1,0,1,0,0,0,0,0,0,0,0,1,0,0,0,0,0,0,0
tech.215,tech,1,2,0,0,0,1,0,0,1,0,0,0,0,2,5,0,0,0,0,0,1,0,0,1,1,0,0,0,1,1,2,1,0,0,0,1,0,0,0,0,0,0,0,0,1,0,1,0,0,0
tech.216,tech,2,7,4,0,2,0,0,0,0,1,3,0,0,3,1,3,3,0,1,0,7,1,0,0,0,1,0,1,0,0,2,2,0,1,0,2,1,0,3,0,0,0,1,0,0,0,0,3,0,0
tech.217,tech,1,3,3,0,0,0,0,0,0,0,0,1,0,2,0,0,1,0,2,0,0,1,0,0,0,0,0,0,1,0,1,0,0,0,1,0,3,0,0,0,0,0,0,0,0,0,0,0,0,0
tech.218,tech,2,0,2,6,4,0,0,0,0,2,0,0,0,0,0,0,0,0,0,0,1,1,1,5,1,0,0,0,0,0,2,0,0,0,0,2,0,0,1,0,4,0,0,1,0,0,1,0,1,1
tech.219,tech,0,0,2,0,0,0,0,1,0,0,0,1,5,1,0,0,0,1,0,0,0,0,0,3,0,0,0,0,0,0,0,0,1,0,0,0,2,0,0,1,0,0,0,0,0,0,0,0,2,0
tech.220,tech,3,4,2,0,1,0,0,0,0,1,0,0,0,0,1,1,0,0,0,0,1,1,4,0,0,1,0,0,1,0,0,0,0,1,0,0,0,0,1,1,0,0,5,0,0,0,1,1,0,1
tech.221,tech,0,1,1,7,0,0,0,0,1,0,1,0,0,1,0,0,1,0,2,0,1,0,0,0,0,0,0,0,1,0,1,4,0,1,0,1,0,1,0,0,0,0,0,3,0,0,0,0,0,0
tech.222,tech,5,9,2,0,2,2,0,3,0,2,0,0,0,1,2,0,2,0,0,0,1,0,2,0,0,1,0,3,0,0,3,4,0,1,0,3,0,1,2,4,0,0,1,0,0,0,0,1,0,0
tech.223,tech,0,1,2,0,1,0,0,0,2,3,0,0,0,1,3,0,0,1,0,0,0,0,0,0,1,0,0,0,0,1,2,1,0,0,0,2,1,0,0,0,0,0,0,6,0,0,0,1,0,0
tech.224,tech,0,0,2,0,0,0,0,1,0,0,0,1,5,1,0,0,0,1,0,0,0,0,0,3,0,0,0,0,0,0,0,0,1,0,0,0,2,0,0,1,0,0,0,0,0,0,0,0,2,0
tech.225,tech,1,9,2,0,0,0,2,2,0,1,0,0,1,1,0,1,1,1,2,0,0,3,0,0,0,1,0,0,2,0,1,0,0,0,1,5,2,0,0,0,0,0,1,0,0,0,0,1,0,0
tech.226,tech,1,3,1,0,1,0,2,0,0,2,0,0,0,0,0,2,0,1,0,0,0,0,0,0,0,0,0,0,0,0,0,2,0,0,5,3,0,0,2,0,0,0,0,1,0,0,0,0,0,0
tech.227,tech,0,4,1,0,1,0,0,0,1,1,0,0,0,0,0,0,1,0,1,0,0,0,0,0,0,0,0,0,0,0,0,3,0,0,1,0,0,2,0,0,0,0,1,1,0,0,1,0,0,0
tech.228,tech,4,10,4,0,0,0,0,1,2,0,0,0,0,1,4,0,2,1,1,0,1,2,3,0,0,1,0,0,0,0,0,3,1,1,0,1,1,0,1,2,0,0,1,1,0,0,0,0,0,0
tech.229,tech,4,2,1,1,0,0,0,0,1,0,0,1,0,3,0,0,1,1,0,0,0,0,1,2,0,1,0,1,2,0,1,0,0,0,0,0,0,0,0,0,0,0,0,4,0,0,2,1,0,0
tech.230,tech,0,2,0,0,0,0,0,0,0,2,0,0,0,0,2,0,0,0,1,0,0,0,0,0,0,0,0,1,4,0,0,0,1,0,0,1,0,0,0,0,1,0,0,0,0,0,0,0,0,0
tech.231,tech,0,1,0,17,0,0,2,0,0,0,3,0,2,0,0,1,0,0,0,0,0,0,0,0,0,0,0,0,1,0,0,0,1,0,1,1,0,0,0,2,1,0,0,0,1,0,0,0,1,0
tech.232,tech,2,3,1,1,0,0,0,0,0,0,0,0,0,1,1,0,0,0,0,0,0,0,0,0,0,0,0,0,2,0,0,0,2,0,0,1,0,0,0,0,0,0,0,0,0,0,0,2,0,0
tech.233,tech,2,0,1,3,1,0,0,1,0,0,1,0,0,0,0,0,0,1,0,0,0,0,0,0,0,0,0,0,0,0,0,0,1,0,0,0,0,0,0,1,0,0,0,0,0,0,0,0,0,0
tech.234,tech,0,7,4,0,1,1,0,0,0,6,0,0,0,0,1,1,1,0,5,0,1,0,0,0,0,0,0,0,5,0,2,2,0,0,0,3,0,1,0,0,0,0,0,1,0,0,0,0,0,0
tech.235,tech,2,7,1,0,5,0,0,0,0,3,0,2,0,0,4,4,1,0,1,0,0,1,0,0,0,0,0,0,2,0,0,1,0,1,1,0,0,1,1,0,2,0,0,0,1,0,1,0,1,0
tech.236,tech,1,3,1,0,0,0,0,0,5,2,0,0,0,0,3,0,0,0,0,0,1,0,0,0,0,0,0,0,0,0,1,1,3,0,0,0,0,0,0,0,0,0,1,0,0,0,0,0,0,0
tech.237,tech,1,2,0,1,0,0,0,0,0,1,0,0,0,0,1,0,0,0,2,0,0,0,0,0,0,0,0,1,1,2,1,0,0,0,0,0,0,0,0,0,0,0,0,0,0,0,1,0,1,0
tech.238,tech,3,1,1,2,0,1,0,0,0,1,1,0,0,1,0,0,0,1,0,0,0,0,1,0,0,0,0,1,0,1,0,0,0,0,0,0,0,0,0,0,0,0,1,0,0,0,0,0,0,1
tech.239,tech,0,0,0,0,0,0,0,1,0,0,0,2,0,1,1,1,0,0,1,0,1,0,0,0,0,0,1,1,1,0,1,2,2,0,0,0,1,1,0,0,0,0,1,0,0,0,0,0,0,0
tech.240,tech,1,0,1,0,2,0,0,3,2,2,0,0,0,1,1,2,1,2,0,0,1,2,0,3,0,0,0,0,1,3,0,3,2,0,0,0,1,1,5,2,0,0,0,2,0,0,0,4,0,0
tech.241,tech,0,5,0,0,1,0,0,0,0,0,0,0,5,0,1,1,0,0,0,2,1,0,1,0,0,0,0,0,0,0,1,0,0,1,0,0,1,0,0,0,0,0,0,0,0,0,0,0,0,0
tech.242,tech,0,0,1,0,0,0,0,0,1,0,0,0,0,1,0,0,0,0,0,0,0,0,0,0,0,0,1,5,2,0,0,0,0,1,4,0,0,0,0,0,0,0,0,0,1,0,0,0,3,0
tech.243,tech,0,2,1,0,0,0,0,2,0,2,0,1,0,0,0,0,1,0,0,0,2,0,0,0,0,0,0,1,0,0,0,0,0,1,0,0,1,0,0,0,1,0,0,0,0,0,1,0,0,1
tech.244,tech,1,0,0,8,2,0,0,0,5,0,1,0,0,0,2,1,0,0,0,0,0,0,0,1,0,0,0,0,0,0,0,0,1,0,0,0,0,0,4,1,1,0,0,0,0,0,3,0,1,0
tech.245,tech,1,0,0,11,2,0,0,0,2,1,0,0,2,0,1,0,0,0,0,0,0,4,0,0,0,0,0,0,0,0,1,0,0,0,0,0,0,0,0,1,1,0,0,1,1,0,0,0,0,0
tech.246,tech,1,2,1,0,2,3,0,0,1,1,0,0,0,0,0,0,0,0,2,0,0,1,0,0,0,0,0,1,0,0,1,0,0,0,1,2,0,0,0,0,0,0,2,0,0,0,0,0,0,0
tech.247,tech,0,2,1,5,0,0,0,0,2,0,4,1,1,0,1,0,0,0,0,1,0,0,2,1,0,0,0,1,0,1,0,0,0,0,0,0,0,0,0,1,0,0,0,0,0,0,0,0,2,0
tech.248,tech,0,1,0,0,1,1,0,0,0,0,0,0,0,3,0,0,0,0,1,2,0,1,0,0,0,0,0,0,0,0,0,0,0,0,0,0,0,0,0,0,1,0,0,0,2,0,0,0,0,0
tech.249,tech,2,2,1,8,0,0,0,0,1,0,0,0,0,0,0,0,0,0,0,0,0,0,0,1,0,0,0,0,0,0,0,0,2,0,0,0,0,0,0,2,0,0,1,0,0,0,0,0,0,0
tech.250,tech,0,3,2,0,0,0,0,0,0,0,0,0,0,1,1,0,1,0,2,0,2,0,0,0,0,0,0,0,0,2,0,0,0,0,0,0,0,0,2,0,1,0,0,0,0,0,0,0,0,0
tech.251,tech,1,7,0,0,0,1,1,0,0,0,0,0,0,1,1,2,1,3,0,1,0,0,0,0,0,0,0,0,0,1,1,13,1,0,0,2,0,1,0,0,0,0,1,0,0,1,0,0,0,0
tech.252,tech,1,0,1,0,0,0,0,0,0,1,0,1,0,0,0,0,0,1,3,0,0,0,0,0,0,0,0,0,0,0,0,0,0,0,0,0,0,0,0,0,0,0,0,0,0,0,0,0,0,0
tech.253,tech,1,1,0,0,0,3,0,0,7,0,0,2,0,0,0,0,0,0,0,0,0,0,0,0,0,0,0,0,0,0,2,0,1,0,0,0,0,0,0,0,0,0,0,0,0,0,0,0,0,0
tech.254,tech,0,4,1,0,0,0,0,0,0,2,0,0,0,1,0,5,0,0,0,0,0,0,0,0,0,0,0,0,1,0,0,1,2,1,0,1,1,0,0,0,0,0,0,0,1,0,0,0,1,0
tech.255,tech,0,2,0,1,0,0,0,1,0,0,0,0,2,0,1,0,1,0,0,2,0,0,1,0,0,0,0,0,0,0,0,0,0,0,1,3,0,1,0,0,0,0,1,0,1,0,0,0,0,0
tech.256,tech,3,2,2,2,0,1,0,0,3,1,4,0,0,0,0,0,1,1,0,0,1,1,10,0,0,0,0,0,0,0,1,1,0,0,0,2,0,0,0,1,1,0,0,0,0,0,0,1,1,1
tech.257,tech,0,1,0,0,1,2,0,0,0,0,0,0,0,0,0,0,1,0,2,0,0,0,0,0,0,0,0,0,0,0,0,0,0,0,0,0,0,0,0,0,0,0,1,0,0,0,1,0,0,0
tech.258,tech,0,0,1,0,1,0,0,0,0,0,0,0,0,2,0,0,0,1,1,0,1,0,0,0,0,0,0,0,0,1,0,0,0,1,0,0,0,0,0,0,0,0,0,1,0,0,0,0,0,0
tech.259,tech,0,1,0,0,1,0,0,0,0,1,0,2,0,0,1,0,0,0,0,3,0,1,0,0,0,0,0,0,0,0,1,0,0,1,0,0,0,0,0,0,1,0,0,0,4,0,0,0,0,1
tech.260,tech,0,3,2,0,0,0,0,0,0,0,1,1,0,1,0,3,2,0,2,0,1,0,3,0,0,1,1,3,0,0,0,0,0,1,0,0,0,0,0,3,0,0,0,0,1,0,1,0,0,0
tech.261,tech,0,7,2,0,0,1,0,2,0,0,0,0,0,0,1,0,0,3,3,0,1,2,0,0,0,0,0,1,0,1,2,0,0,4,0,1,0,1,0,0,0,0,0,0,0,0,4,1,0,1
tech.262,tech,2,4,0,0,0,0,0,0,1,0,0,0,0,0,0,1,0,0,0,0,0,0,1,0,0,0,0,0,2,0,0,0,0,0,2,1,0,0,0,0,0,0,0,0,0,0,0,0,0,0
tech.263,tech,2,1,1,0,0,0,0,2,0,0,2,0,0,0,1,1,0,1,0,0,2,0,12,0,0,0,0,0,0,0,0,12,1,0,0,2,4,0,0,5,0,0,1,1,0,0,0,0,0,1
tech.264,tech,6,2,1,0,1,0,0,0,1,6,0,2,0,2,0,2,0,0,3,0,1,3,0,1,0,0,0,3,2,0,0,2,0,0,0,0,0,1,0,0,0,0,0,0,0,0,1,0,0,0
tech.265,tech,3,5,2,0,1,0,0,5,0,0,0,0,0,2,0,5,2,0,0,0,0,0,1,0,0,0,0,0,1,0,0,3,0,0,1,0,1,0,0,0,0,0,0,0,0,0,1,0,0,1
tech.266,tech,0,0,0,10,7,0,0,0,0,1,1,4,0,0,0,0,0,0,0,0,0,0,0,0,0,0,0,0,3,0,0,0,0,0,0,0,0,0,0,1,0,0,0,0,0,0,0,0,0,0
tech.267,tech,1,4,2,0,1,0,0,3,1,2,0,0,0,2,1,0,0,0,0,0,2,2,1,0,0,1,0,1,0,0,0,2,0,1,0,2,2,0,0,0,0,0,0,0,0,0,1,1,0,1
tech.268,tech,1,0,1,0,2,0,0,0,0,0,0,0,0,8,0,0,0,1,3,0,1,2,0,0,0,0,0,0,2,1,2,0,3,1,1,2,1,0,0,0,0,0,1,0,0,0,0,0,0,0
tech.269,tech,0,2,1,0,1,1,0,1,0,2,0,0,0,0,2,0,0,0,5,0,0,4,1,0,0,0,0,0,0,0,0,2,1,0,0,1,0,0,0,0,0,0,0,1,0,0,1,0,0,0
tech.270,tech,0,1,2,0,2,0,0,3,0,5,0,0,0,0,2,1,0,0,5,0,0,2,0,1,0,0,0,0,1,1,1,1,0,1,1,1,0,2,1,1,1,0,0,0,0,0,0,0,0,0
tech.271,tech,1,0,0,0,1,0,0,0,0,2,0,0,0,2,0,0,0,0,1,0,0,0,0,0,0,0,0,0,2,0,1,3,0,0,1,0,1,0,0,0,0,0,0,0,0,0,1,0,0,0
tech.272,tech,0,1,0,6,3,0,0,0,0,0,4,0,0,2,0,0,0,0,1,0,0,0,1,0,0,0,0,0,1,0,0,0,0,0,0,1,0,0,0,0,0,0,0,0,0,0,0,0,0,0
tech.273,tech,0,0,1,0,0,0,1,0,2,0,0,3,0,4,1,0,0,0,0,3,0,0,0,0,0,0,0,3,0,0,0,1,0,0,0,0,0,0,0,0,0,0,0,0,1,0,0,0,0,3
tech.274,tech,0,2,2,5,0,2,0,0,6,6,1,1,1,0,0,4,0,0,0,0,0,0,0,0,1,0,1,0,0,0,2,0,0,0,0,0,0,1,0,2,0,0,5,0,0,0,0,0,0,0
tech.275,tech,0,2,1,0,1,1,1,0,1,0,0,0,0,1,2,2,1,0,0,0,2,0,1,0,1,0,0,0,0,0,0,0,0,0,1,4,0,0,1,1,0,0,0,0,0,0,0,0,0,0
tech.276,tech,4,4,2,20,0,0,0,3,3,0,6,0,2,3,3,1,3,2,4,0,4,1,3,0,0,0,0,1,0,1,2,0,0,0,1,0,0,0,0,0,1,0,3,0,0,0,1,0,0,0
tech.277,tech,0,4,0,0,1,0,1,0,1,1,0,0,0,2,2,0,1,1,0,0,0,0,0,2,0,2,0,0,0,0,1,0,1,0,0,1,0,0,0,0,0,0,0,2,0,0,0,1,0,0
tech.278,tech,1,4,1,0,0,0,0,0,0,0,0,0,0,0,1,0,0,0,2,0,2,1,0,1,0,0,0,1,1,0,0,4,1,2,0,0,0,0,0,0,1,0,0,1,0,0,0,0,0,0
tech.279,tech,0,4,1,0,0,0,0,0,0,1,1,2,4,1,1,0,0,2,5,0,1,3,9,0,0,0,0,0,1,2,0,0,0,1,0,1,0,0,0,7,0,0,0,0,0,0,0,0,0,0
tech.280,tech,3,0,0,0,3,3,0,1,1,0,0,0,1,1,0,1,0,0,3,0,0,1,1,1,1,0,0,1,0,0,0,8,1,2,0,0,0,0,1,0,0,0,0,0,1,0,0,2,0,0
tech.281,tech,2,2,2,1,1,1,0,0,1,2,1,0,0,0,3,0,1,0,3,1,0,0,0,0,0,0,0,0,7,0,1,0,0,0,3,2,3,0,0,0,0,0,4,0,0,0,1,0,0,0
tech.282,tech,2,4,3,1,1,0,3,0,0,0,0,1,0,2,2,0,0,0,1,0,1,2,0,0,0,1,0,0,0,0,0,0,0,0,0,1,1,0,1,0,0,0,0,2,0,0,2,1,0,1
tech.283,tech,0,5,2,15,0,1,0,1,5,4,5,0,0,0,1,0,1,1,0,0,0,0,0,0,0,1,0,0,0,0,0,0,0,0,1,3,0,0,0,5,1,0,0,0,0,0,0,1,0,0
tech.284,tech,0,0,0,0,0,0,0,0,1,0,0,0,0,0,0,0,0,1,2,0,0,0,2,0,0,0,0,0,0,0,0,0,0,0,0,0,0,0,0,0,0,0,0,1,0,0,1,0,0,0
tech.285,tech,0,4,2,0,1,0,0,0,0,1,4,0,0,0,2,1,0,0,12,1,3,0,5,0,0,0,2,0,1,0,0,5,0,0,1,3,0,0,1,1,0,0,0,1,0,0,0,0,0,0
tech.286,tech,2,0,0,0,1,3,0,4,0,0,0,1,3,2,2,0,1,2,4,2,1,2,7,0,0,0,0,0,0,0,0,2,1,0,1,3,2,0,0,0,0,0,0,0,1,0,2,1,0,0
tech.287,tech,3,2,1,0,0,0,0,1,0,0,0,1,0,0,0,1,2,0,0,0,0,0,0,0,0,0,0,0,1,0,0,0,0,0,1,0,0,0,1,0,1,0,0,0,0,0,1,0,0,0
tech.288,tech,0,0,3,12,0,1,0,0,1,4,2,1,0,0,2,0,0,0,0,0,1,3,1,1,0,0,1,0,1,0,0,0,3,1,0,0,0,0,3,2,1,0,0,0,0,0,2,0,0,0
tech.289,tech,4,4,0,0,1,6,0,0,1,1,0,1,0,0,0,6,0,0,1,0,0,0,0,0,0,0,0,1,0,0,0,2,0,0,0,0,1,0,1,0,0,0,1,0,0,0,0,0,0,0
tech.290,tech,0,0,2,0,1,0,0,0,0,0,0,0,0,0,0,0,0,0,4,0,0,0,0,0,0,0,0,0,0,0,0,0,0,0,1,1,0,0,1,0,0,0,0,0,0,0,0,0,0,0
tech.291,tech,7,6,0,4,1,0,0,0,0,0,0,0,1,1,0,0,5,0,0,0,2,0,3,0,0,1,0,0,0,0,2,1,3,0,1,1,0,0,0,3,0,0,2,0,0,0,1,1,4,0
tech.292,tech,2,3,1,0,0,0,0,0,0,1,0,2,0,2,0,0,0,0,4,0,0,1,0,0,0,0,0,1,0,0,0,0,0,0,0,0,1,0,1,0,1,0,1,1,1,0,0,0,1,0
tech.293,tech,0,5,3,0,0,0,0,0,0,0,0,0,1,0,4,0,0,0,1,1,1,0,1,0,0,1,0,0,0,1,0,0,0,1,0,1,1,0,0,0,1,0,0,0,0,0,1,0,0,0
tech.294,tech,2,0,1,14,3,0,0,1,3,1,1,0,2,1,1,0,2,0,2,1,0,0,0,3,0,1,2,2,0,1,1,0,2,4,0,0,0,0,0,3,0,0,0,4,0,0,0,1,0,0
tech.295,tech,4,10,4,0,0,0,0,1,2,0,0,0,0,1,4,0,2,1,1,0,1,2,3,0,0,1,0,0,0,0,0,3,1,1,0,1,1,0,1,2,0,0,1,1,0,0,0,0,0,0
tech.296,tech,2,1,1,2,3,0,0,1,2,0,0,1,0,0,0,0,13,0,1,0,1,1,2,1,0,3,0,3,2,0,1,0,1,0,0,2,0,0,0,2,1,0,1,0,0,0,0,2,0,0
tech.297,tech,0,3,2,0,0,0,0,0,0,0,1,1,0,1,0,3,2,0,2,0,1,0,3,0,0,1,1,3,0,0,0,0,0,1,0,0,0,0,0,3,0,0,0,0,1,0,1,0,0,0
tech.298,tech,2,1,1,0,0,0,0,2,0,0,2,0,0,0,1,1,0,1,0,0,2,0,12,0,0,0,0,0,0,0,0,12,1,0,0,2,4,0,0,5,0,0,1,1,0,0,0,0,0,1
tech.299,tech,0,1,2,0,2,0,0,3,0,5,0,0,0,0,2,1,0,0,5,0,0,2,0,1,0,0,0,0,1,1,1,1,0,1,1,1,0,2,1,1,1,0,0,0,0,0,0,0,0,0
tech.300,tech,1,2,2,0,1,0,0,4,3,2,0,0,0,0,3,1,1,0,0,0,2,1,1,1,0,0,1,6,1,0,0,0,0,1,0,1,0,0,0,0,2,0,0,1,0,0,0,0,3,0
tech.301,tech,0,2,1,3,0,0,0,2,0,3,0,0,0,0,3,0,0,2,0,1,7,1,1,0,2,0,0,2,0,0,1,0,3,4,0,1,0,0,0,4,0,0,0,2,0,0,2,0,0,0
tech.302,tech,0,4,1,0,0,0,0,0,0,1,1,2,4,1,1,0,0,2,5,0,1,3,9,0,0,0,0,0,1,2,0,0,0,1,0,1,0,0,0,7,0,0,0,0,0,0,0,0,0,0
tech.303,tech,1,0,3,1,0,1,0,0,0,0,0,3,1,0,0,0,0,0,1,0,0,0,2,0,0,0,0,0,0,0,0,1,0,0,0,0,0,0,1,0,0,0,2,0,0,0,0,0,0,0
tech.304,tech,0,4,2,0,1,0,0,0,0,1,4,0,0,0,2,1,0,0,12,1,3,0,5,0,0,0,2,0,1,0,0,5,0,0,1,3,0,0,1,1,0,0,0,1,0,0,0,0,0,0
tech.305,tech,1,3,3,1,2,2,0,1,0,1,2,2,0,0,2,1,0,0,0,0,1,2,3,0,0,0,0,2,1,0,1,4,1,1,0,4,3,0,1,1,1,0,0,1,0,0,0,0,0,1
tech.306,tech,1,1,0,17,2,0,0,9,0,1,0,1,4,0,0,2,1,3,1,0,0,1,0,0,0,1,0,0,0,1,1,1,0,0,0,1,0,0,5,0,0,0,2,3,0,0,2,2,1,0
tech.307,tech,1,2,2,0,2,1,0,4,1,3,0,2,0,0,2,0,0,0,0,0,0,1,1,0,1,0,0,0,0,0,3,1,0,0,0,3,0,0,0,1,2,0,0,0,0,0,1,1,0,1
tech.308,tech,1,3,1,0,1,1,0,0,0,1,0,0,0,3,0,0,0,2,1,0,0,0,0,0,0,1,0,0,1,0,1,0,0,0,0,0,0,0,0,0,1,0,0,0,0,0,0,1,0,0
tech.309,tech,2,2,1,13,2,4,0,3,1,3,3,0,1,4,3,0,1,0,1,0,3,0,0,0,0,0,0,0,0,0,0,0,0,0,0,1,1,0,1,2,0,0,0,0,0,0,0,0,5,0
tech.310,tech,0,5,0,0,1,1,0,0,0,1,0,0,0,3,1,0,0,1,0,0,1,0,0,0,1,0,0,1,1,0,1,0,0,1,0,0,1,0,0,0,0,0,0,1,0,0,0,0,0,0
tech.311,tech,1,2,1,27,8,0,0,3,0,8,11,2,1,0,1,1,0,0,0,2,1,1,1,0,2,0,1,1,2,0,3,0,2,0,0,2,0,0,0,2,1,0,0,0,0,0,4,1,0,0
tech.312,tech,1,0,6,0,0,0,0,2,9,2,1,1,0,1,1,0,1,8,0,1,2,5,4,0,1,0,0,1,0,3,1,1,1,0,0,1,1,2,1,1,0,0,0,0,0,0,1,1,0,0
tech.313,tech,1,4,3,1,6,2,0,2,5,1,1,1,9,1,5,0,3,5,0,0,2,2,0,0,0,1,0,1,1,0,4,0,0,1,0,1,2,0,0,2,0,0,0,1,0,0,2,1,0,1
tech.314,tech,0,0,0,0,0,0,0,0,0,0,0,0,0,0,0,0,0,0,5,0,0,2,0,0,0,0,0,0,0,0,0,2,0,0,0,1,3,0,0,0,0,0,0,0,0,0,0,0,0,0
tech.315,tech,0,5,1,0,0,1,0,1,0,3,0,2,0,1,1,0,0,1,2,0,0,1,0,0,0,1,0,0,0,0,0,0,1,0,1,1,0,0,0,0,0,0,0,0,0,0,1,1,0,0
tech.316,tech,6,5,1,0,1,1,0,2,0,1,0,0,0,0,0,2,4,0,1,1,1,2,0,0,0,1,0,0,2,0,1,2,0,1,1,0,0,0,0,0,1,0,1,3,0,0,0,1,0,1
tech.317,tech,2,0,0,4,1,1,0,1,0,0,1,0,0,0,0,0,0,0,0,0,1,0,1,1,0,0,0,1,0,0,0,0,0,0,0,0,0,0,0,0,0,0,1,0,0,0,0,0,0,0
tech.318,tech,0,2,2,0,2,1,0,0,1,1,0,0,0,0,0,0,0,0,0,0,1,1,0,0,0,0,0,1,0,1,1,1,0,1,0,2,0,0,0,0,0,0,0,0,0,0,1,0,0,0
tech.319,tech,3,0,2,4,2,2,0,2,2,1,1,0,0,2,2,0,0,0,1,0,1,0,1,0,0,0,0,3,1,0,1,1,0,0,0,1,0,0,0,1,0,0,0,0,0,0,0,0,0,0
tech.320,tech,4,0,0,1,0,2,0,1,1,0,0,2,0,0,1,0,0,0,1,0,0,0,0,0,0,0,0,1,1,2,0,0,0,0,0,1,0,0,1,0,0,0,0,3,0,0,0,0,1,1
tech.321,tech,0,6,1,0,0,0,0,0,0,0,0,0,0,0,1,3,3,1,2,1,0,0,0,0,0,0,0,0,2,0,0,0,1,0,0,0,0,0,0,0,1,0,1,1,0,1,0,0,0,0
tech.322,tech,1,6,1,2,0,1,0,1,0,3,0,1,0,0,3,0,0,1,0,0,1,0,9,0,0,0,0,0,0,0,0,15,1,0,5,2,0,0,1,3,1,0,0,3,0,0,0,0,2,0
tech.323,tech,0,2,2,0,0,0,0,0,0,1,0,0,0,0,3,0,0,1,0,0,0,0,3,0,0,1,0,0,1,0,0,0,1,0,0,1,0,0,0,0,0,0,0,1,0,0,0,1,0,1
tech.324,tech,0,0,0,0,0,1,0,2,0,2,0,0,0,0,0,0,0,1,0,0,1,0,0,0,0,0,0,0,0,0,0,1,2,0,5,0,0,0,0,0,0,0,0,0,0,0,1,0,0,1
tech.325,tech,0,0,4,6,1,3,0,1,0,3,2,0,0,4,4,1,0,2,3,0,2,0,2,1,0,0,0,3,1,0,0,0,0,0,0,0,2,0,1,1,3,0,0,0,0,0,1,0,0,0
tech.326,tech,1,1,0,0,0,0,0,0,0,0,0,0,2,2,3,0,0,1,2,2,0,0,0,0,0,0,0,1,0,0,0,0,0,0,0,1,1,0,0,1,0,0,0,0,0,0,0,1,1,0
tech.327,tech,0,2,3,0,1,0,0,0,0,1,2,0,0,0,0,0,0,0,0,0,0,0,2,0,0,0,0,2,0,0,0,0,0,1,0,0,0,0,0,13,0,0,4,0,0,0,0,0,0,0
tech.328,tech,0,3,1,0,1,0,0,0,0,0,0,0,0,0,0,2,0,0,0,0,0,3,0,0,0,0,0,0,0,0,0,4,0,0,0,0,2,0,1,0,0,0,1,1,0,0,0,0,1,1
tech.329,tech,0,0,1,0,0,0,0,0,0,0,0,0,0,0,3,0,1,1,1,0,0,0,0,0,0,0,0,0,0,0,1,0,0,0,0,3,0,0,0,0,3,0,0,1,0,0,0,0,0,0
tech.330,tech,0,0,0,0,0,0,0,2,0,0,0,0,0,1,0,0,0,1,2,0,0,0,0,2,0,0,1,0,0,1,0,0,0,0,0,0,1,0,0,0,0,0,0,1,0,0,0,0,0,0
tech.331,tech,1,0,2,0,0,0,0,0,0,1,0,0,0,0,2,0,0,0,0,0,0,0,0,0,0,0,0,1,1,0,0,0,0,0,0,1,0,0,0,0,1,0,0,0,0,0,0,0,0,1
tech.332,tech,1,3,1,0,0,0,0,0,0,0,0,0,0,2,0,0,1,0,0,0,0,0,13,0,0,1,0,7,0,0,0,2,1,2,0,1,1,0,0,8,0,0,0,0,0,0,0,1,0,0
tech.333,tech,1,0,0,0,0,0,0,0,1,0,0,0,0,0,0,1,0,2,1,0,0,0,0,0,0,0,0,1,0,0,0,0,0,0,1,0,1,0,0,0,0,0,0,2,0,0,0,0,0,0
tech.334,tech,0,1,0,0,0,0,0,0,0,0,0,1,0,0,0,0,1,0,0,0,0,0,0,0,0,0,0,0,0,0,0,0,0,0,0,0,1,0,0,0,0,0,0,0,0,0,0,0,0,0
tech.335,tech,2,2,7,0,3,0,0,0,1,1,0,2,0,4,2,1,1,4,1,0,0,0,0,0,0,0,0,1,1,1,0,4,0,1,2,0,0,0,0,0,0,0,0,3,1,0,0,0,0,1
tech.336,tech,0,1,1,0,0,3,0,1,0,2,1,0,1,1,0,0,0,0,0,0,2,6,4,1,1,0,0,2,1,0,0,0,1,1,0,0,1,0,0,1,1,0,0,1,0,0,3,0,0,0
tech.337,tech,7,1,3,1,1,3,0,3,2,1,0,0,0,0,0,2,1,2,2,0,0,1,0,0,0,0,2,1,0,0,0,3,1,1,0,1,0,0,0,0,0,0,0,0,0,0,1,0,0,0
tech.338,tech,5,8,0,0,2,0,0,1,0,0,1,2,0,1,0,0,1,0,0,0,0,3,14,0,0,1,0,6,0,0,0,3,0,1,1,1,0,0,1,4,0,0,0,0,0,0,3,1,0,1
tech.339,tech,1,2,0,0,0,0,0,0,2,0,0,1,0,1,0,1,0,0,1,0,0,0,0,0,0,0,0,0,0,1,0,5,0,0,0,0,0,0,0,0,0,0,1,1,1,0,0,0,0,0
tech.340,tech,1,1,0,0,0,0,0,0,3,0,0,0,0,1,1,1,0,1,0,0,0,2,0,2,0,0,0,0,1,0,0,0,0,1,0,1,0,0,1,0,0,0,0,1,0,0,4,0,0,0
tech.341,tech,4,0,0,1,0,0,0,0,0,0,0,0,1,0,0,2,1,1,0,0,0,0,0,1,0,0,0,0,0,0,1,0,1,0,0,0,0,0,2,0,0,0,1,0,0,0,0,0,0,0
tech.342,tech,1,0,0,0,0,0,0,0,0,0,1,1,0,1,0,0,0,1,2,0,0,0,0,0,0,1,0,0,0,0,0,1,0,0,0,0,0,0,0,0,1,0,0,2,1,0,0,0,0,0
tech.343,tech,2,1,1,0,0,1,0,0,0,0,0,1,0,1,1,0,0,1,1,0,1,0,1,0,0,1,0,1,0,0,0,0,0,0,0,0,1,0,1,1,0,0,0,2,0,0,0,0,0,0
tech.344,tech,1,2,1,0,0,2,0,1,1,0,0,1,0,0,0,1,0,3,1,0,0,0,0,0,0,0,0,0,0,0,0,3,1,0,0,0,0,0,0,1,0,0,0,0,0,0,0,0,0,0
tech.345,tech,0,3,0,3,1,3,0,2,0,0,0,0,3,0,1,0,0,0,0,0,1,0,0,0,0,0,0,0,0,0,0,0,0,0,0,0,0,0,0,0,0,0,0,0,0,0,0,0,0,0
tech.346,tech,2,1,0,0,0,0,0,2,0,3,0,0,0,1,0,0,1,0,4,0,0,0,0,0,0,0,0,0,1,0,2,0,1,0,0,0,0,0,3,0,0,0,0,0,0,0,0,0,0,0
tech.347,tech,5,0,3,0,1,1,0,1,1,3,0,1,0,3,0,1,13,1,1,0,0,1,4,1,0,0,0,0,0,0,1,1,1,0,0,0,0,0,3,1,0,0,2,0,1,0,2,0,1,0
tech.348,tech,0,2,1,11,0,0,0,0,0,3,3,0,0,0,2,0,1,0,0,0,0,1,1,0,0,0,0,0,0,0,0,0,0,0,0,0,0,0,2,2,0,0,0,0,0,0,1,0,0,0
tech.349,tech,0,6,0,0,2,1,1,0,2,6,1,0,0,1,0,2,2,2,1,0,2,1,0,1,0,1,0,3,0,1,1,8,0,0,0,2,0,1,2,1,1,0,2,1,0,0,2,6,0,0
tech.350,tech,0,4,1,0,1,0,0,1,1,0,0,0,0,1,0,2,0,0,2,0,1,2,0,2,0,1,0,0,2,2,1,11,0,0,0,0,2,0,1,0,0,0,0,0,0,0,0,1,0,0
tech.351,tech,0,2,2,11,0,0,0,1,1,1,4,2,0,0,0,2,0,0,1,0,1,0,2,0,0,0,0,2,1,1,2,0,0,0,0,0,0,0,0,2,0,0,0,1,1,0,0,0,3,0
tech.352,tech,1,0,1,0,1,0,0,0,0,0,0,0,0,0,0,2,0,0,2,0,0,0,0,1,0,0,0,1,0,1,2,10,0,0,0,2,0,0,1,1,0,0,0,0,0,0,0,0,1,0
tech.353,tech,1,7,1,0,2,1,0,0,1,2,0,0,0,1,0,4,0,0,1,0,0,0,0,0,0,0,0,0,1,0,0,0,1,0,1,1,0,0,0,0,0,0,0,1,0,0,0,0,0,1
tech.354,tech,0,4,4,0,1,1,1,2,1,2,0,1,0,1,2,0,0,0,0,2,0,1,0,0,0,2,0,0,2,0,0,1,1,2,0,1,2,0,0,0,0,0,0,0,1,0,0,3,1,0
tech.355,tech,0,1,0,0,0,0,1,0,0,1,0,0,0,1,1,0,0,0,2,2,0,0,1,0,0,1,0,0,0,1,0,0,0,0,2,0,0,0,1,0,0,0,0,0,1,0,0,0,0,4
tech.356,tech,5,4,1,0,1,1,0,0,4,0,0,2,0,1,0,1,3,0,1,0,2,0,0,0,0,1,0,1,0,0,0,0,0,0,3,1,1,0,0,0,0,0,1,0,0,0,0,0,0,1
tech.357,tech,0,0,3,1,3,0,0,0,0,1,0,0,0,0,1,0,0,0,2,1,0,0,0,0,0,0,0,0,1,0,2,0,0,0,1,0,2,0,0,0,0,0,1,0,0,0,3,0,0,0
tech.358,tech,0,0,3,0,2,0,0,2,1,2,1,0,1,2,3,0,2,0,0,0,2,2,3,1,1,0,0,2,1,0,1,4,1,0,0,4,0,0,1,0,0,0,0,2,0,0,0,1,1,0
tech.359,tech,0,1,0,8,0,1,0,1,0,0,3,1,0,0,1,1,0,0,0,0,1,0,2,0,0,0,0,0,0,0,1,2,2,0,0,0,2,0,0,2,0,0,1,0,1,0,0,0,1,1
tech.360,tech,2,5,0,0,2,1,0,1,0,6,0,0,2,2,0,3,2,0,0,0,1,2,0,0,0,0,0,3,1,2,0,0,0,1,0,1,2,0,6,1,0,0,0,1,1,0,0,1,0,0
tech.361,tech,3,3,0,2,0,1,0,0,0,0,0,0,0,1,0,6,0,0,0,0,1,0,1,0,0,0,0,0,0,0,0,2,1,1,3,0,0,4,2,1,0,0,1,0,1,0,0,0,0,0
tech.362,tech,0,2,3,0,0,0,0,0,0,0,0,0,0,1,0,0,0,0,4,0,0,0,0,0,0,0,0,2,1,0,0,0,1,0,1,1,2,0,0,0,0,0,0,0,0,0,1,0,0,0
tech.363,tech,2,0,2,7,1,4,0,0,0,2,0,0,2,0,0,2,0,0,0,0,0,0,1,1,0,1,0,4,0,0,1,0,2,0,0,0,2,0,0,1,0,0,1,0,2,0,0,0,3,1
tech.364,tech,1,10,4,0,0,0,0,6,1,1,2,0,0,2,2,0,4,7,0,0,4,2,2,0,0,0,0,1,1,0,1,0,0,1,0,4,0,0,1,2,0,0,3,0,0,0,3,0,0,0
tech.365,tech,0,7,0,0,0,1,1,1,0,2,0,0,3,0,1,0,0,0,0,0,4,0,1,0,0,0,0,0,0,0,1,0,0,0,1,0,1,0,3,0,0,0,1,1,0,0,0,0,0,0
tech.366,tech,4,5,1,0,0,1,0,1,2,1,0,0,0,0,8,0,1,4,0,0,1,4,0,0,0,0,0,0,3,0,1,2,0,0,0,1,0,0,0,0,0,0,0,1,0,0,0,0,0,0
tech.367,tech,0,1,0,0,2,0,0,1,0,4,0,1,0,0,6,0,0,0,0,0,0,1,0,1,0,0,0,0,0,0,1,0,1,0,0,6,0,0,0,0,1,0,0,6,0,0,0,0,0,1
tech.368,tech,0,0,0,0,0,0,0,0,1,3,0,0,0,0,1,0,0,0,5,0,1,0,0,3,0,0,0,0,0,0,1,5,1,0,0,1,1,0,0,1,1,0,0,0,0,0,1,0,0,0
tech.369,tech,3,2,2,0,0,0,0,1,0,0,0,1,0,1,0,2,0,0,0,0,0,0,0,0,0,0,0,0,1,2,0,2,1,0,1,0,0,0,0,0,0,0,0,0,0,0,0,0,0,0
tech.370,tech,3,1,0,0,0,1,1,0,1,1,0,1,0,2,0,0,0,0,6,1,0,0,5,0,0,0,0,0,0,0,0,0,0,0,0,2,1,0,2,0,0,0,0,0,0,0,0,0,0,0
tech.371,tech,2,3,3,0,1,0,0,0,0,0,0,0,0,1,0,6,1,0,0,0,0,0,0,0,0,0,0,3,0,1,1,6,1,2,0,0,1,1,1,0,0,0,1,0,0,0,0,0,1,1
tech.372,tech,3,2,1,0,0,0,0,1,0,0,0,1,0,0,0,1,2,0,0,0,0,0,0,0,0,0,0,0,1,0,0,0,0,0,1,0,0,0,1,0,1,0,0,0,0,0,1,0,0,0
tech.373,tech,0,1,0,0,2,0,1,0,0,0,0,0,0,3,2,0,0,0,3,0,0,0,0,0,0,0,0,0,0,0,0,0,1,1,0,1,0,0,0,0,0,0,0,2,0,1,0,0,0,0
tech.374,tech,1,0,3,3,0,1,0,0,0,0,0,0,0,0,0,0,0,0,2,0,0,0,2,1,0,0,0,0,0,2,0,0,1,0,0,0,0,0,0,1,0,0,0,0,1,0,0,0,1,1
tech.375,tech,1,4,2,0,1,0,0,0,1,0,0,0,0,0,1,0,0,0,2,0,0,2,0,5,1,0,0,0,5,0,0,0,1,0,0,0,1,0,0,0,0,0,2,0,0,0,0,0,0,2
tech.376,tech,1,1,2,0,1,0,0,0,0,0,0,1,0,2,0,3,1,0,1,0,0,0,0,0,0,1,0,0,1,0,1,6,0,3,0,0,1,0,1,0,0,0,2,3,0,0,0,0,0,0
tech.377,tech,1,3,3,0,0,0,0,0,0,0,0,0,0,1,0,0,0,0,0,1,1,0,0,0,0,0,0,0,1,0,1,0,0,1,0,0,0,0,1,0,0,0,1,0,0,0,0,0,0,0
tech.378,tech,0,0,3,0,0,0,0,1,1,1,0,3,0,1,0,0,0,1,0,0,1,0,0,2,0,0,0,0,1,3,0,5,0,0,0,1,1,0,0,0,1,0,0,0,1,1,1,2,0,0
tech.379,tech,2,3,5,3,6,12,0,1,3,2,2,1,0,0,3,0,0,0,0,0,0,3,1,1,1,0,1,4,5,0,0,0,6,1,0,5,0,0,2,6,0,0,1,3,1,0,0,0,0,2
tech.380,tech,0,0,0,0,0,0,0,0,0,0,0,0,0,2,1,0,1,0,0,0,1,0,0,0,0,0,0,0,0,0,0,4,0,0,0,1,0,0,0,0,1,0,1,0,0,0,0,0,0,0
tech.381,tech,0,1,0,0,0,0,0,1,2,2,0,0,0,0,1,0,0,4,0,0,0,1,0,0,0,1,0,0,0,3,2,0,1,0,0,1,0,1,1,0,0,0,0,1,0,0,1,1,0,0
tech.382,tech,1,4,0,0,0,2,0,1,0,6,0,0,0,1,1,2,0,0,9,0,1,1,0,0,0,2,0,2,0,0,0,8,0,1,1,1,3,0,0,0,0,0,0,0,2,1,0,0,0,0
tech.383,tech,0,2,5,0,1,2,0,2,0,1,0,0,0,0,3,0,0,0,2,0,4,2,23,1,0,1,0,5,2,0,0,0,0,0,0,0,0,0,0,4,0,0,1,0,0,0,0,1,0,1
tech.384,tech,2,3,1,3,3,0,0,0,1,0,0,1,2,2,0,0,0,0,0,0,1,2,0,0,0,2,0,3,0,2,0,3,0,1,2,0,1,2,1,2,0,0,1,0,1,0,0,0,0,0
tech.385,tech,1,2,0,0,0,1,0,0,0,0,0,0,0,0,0,0,0,0,1,0,0,1,0,0,0,0,0,0,1,0,0,0,0,0,0,0,0,0,0,1,0,0,0,0,0,0,0,0,0,0
tech.386,tech,1,9,3,0,1,1,0,0,1,2,0,1,0,3,1,2,0,1,0,0,0,0,0,0,0,1,1,2,2,1,2,8,0,0,0,2,0,0,2,0,2,0,0,2,1,0,1,1,0,1
tech.387,tech,0,0,2,0,2,0,0,1,0,0,0,3,0,0,0,0,0,0,1,0,1,1,0,2,0,0,1,0,1,0,0,2,1,0,0,0,0,0,1,0,0,0,0,0,0,0,0,0,0,1
tech.388,tech,1,7,0,0,1,1,0,0,1,0,0,2,1,1,1,1,0,1,0,0,0,0,0,0,0,0,0,0,1,0,3,1,2,0,4,3,3,0,0,0,0,0,0,0,0,0,1,0,0,1
tech.389,tech,0,7,4,0,1,1,0,0,0,6,0,0,0,0,1,1,1,0,5,0,1,0,0,0,0,0,0,0,5,0,2,2,0,0,0,3,0,1,0,0,0,0,0,1,0,0,0,0,0,0
tech.390,tech,0,0,0,0,0,0,0,0,1,0,0,0,0,5,0,0,0,0,0,1,0,0,0,0,0,0,0,1,1,0,0,0,2,0,0,0,0,2,0,0,0,0,0,0,0,0,0,0,1,0
tech.391,tech,2,0,0,0,1,3,0,4,0,0,1,1,3,2,2,0,1,2,4,2,1,2,7,0,0,0,0,0,0,0,0,2,1,0,1,3,2,0,0,0,0,0,0,0,1,0,2,1,0,0
tech.392,tech,0,6,2,0,1,0,0,0,0,1,0,0,0,0,0,5,0,0,0,0,0,0,0,0,0,0,0,0,1,0,1,1,0,0,5,1,2,0,0,0,1,0,0,0,0,0,1,0,0,0
tech.393,tech,0,2,1,0,0,0,0,0,0,1,0,1,0,0,0,0,3,0,0,0,0,1,0,0,0,0,0,0,2,0,0,0,0,1,4,1,1,0,0,0,0,0,0,1,1,0,4,0,0,2
tech.394,tech,4,0,2,1,3,0,0,0,0,1,2,0,2,3,0,1,0,0,0,0,3,2,1,0,0,2,0,1,0,0,0,5,0,2,0,1,1,0,0,2,0,0,0,1,0,0,0,2,0,0
tech.395,tech,2,5,4,1,0,1,0,0,1,2,1,0,0,3,1,0,9,1,2,0,2,3,2,1,0,0,0,5,0,1,2,1,0,0,0,0,1,0,1,7,0,0,1,0,0,0,0,0,1,1
tech.396,tech,3,3,2,32,1,2,0,2,3,0,1,2,1,2,1,0,0,0,0,0,2,0,0,0,0,1,0,2,0,2,1,0,2,0,0,0,2,0,0,7,0,0,1,2,1,0,0,0,1,0
tech.397,tech,0,2,0,0,0,0,0,0,0,0,0,1,0,4,0,2,0,0,1,0,2,0,1,0,0,1,0,0,6,0,1,4,1,0,0,0,0,0,0,0,0,0,2,0,0,0,1,1,0,0
tech.398,tech,0,4,1,0,1,0,0,0,1,1,0,0,0,0,0,0,1,0,1,0,0,0,0,0,0,0,0,0,0,0,0,3,0,0,1,0,0,2,0,0,0,0,1,1,0,0,1,0,0,0
tech.399,tech,2,1,4,0,1,2,4,3,1,1,0,1,0,6,1,1,0,0,0,2,1,1,0,1,0,0,0,0,0,0,0,1,1,0,0,2,1,0,0,1,0,0,0,0,0,1,0,1,0,0
tech.400,tech,2,1,1,0,0,1,1,0,0,1,0,0,0,0,3,0,0,0,1,3,0,0,0,0,0,0,0,0,0,0,0,0,0,0,2,0,1,0,0,0,0,0,0,0,1,0,0,0,0,0
tech.401,tech,9,15,7,67,22,2,1,9,14,14,41,2,0,0,8,0,0,2,0,1,1,7,0,1,0,1,1,0,1,0,4,0,0,0,0,4,3,0,0,4,1,0,1,7,7,0,0,1,2,1
